{"type":"FeatureCollection","name":"nuts2_simple_4326","crs":{"type":"name","properties":{"name":"urn:ogc:def:crs:OGC:1.3:CRS84"}},"features":[{"type":"Feature","properties":{"NUTS_ID":"CH01","LEVL_CODE":2,"CNTR_CODE":"CH","NAME_LATN":"Région lémanique","NUTS_NAME":"Région lémanique","MOUNT_TYPE":0,"URBN_TYPE":null,"COAST_TYPE":0,"FID":"CH01"},"geometry":{"type":"MultiPolygon","coordinates":[[[[6.866233500008283,46.90929349563142],[6.896209500472826,46.925325996125544],[6.987829682406421,46.84299888840491],[6.923765509991902,46.72760232972903],[6.804496832958534,46.63935371924899],[6.810456212195386,46.594131742271145],[6.871642116486883,46.5613184231896],[6.83033394600719,46.511535880067946],[6.93893306887975,46.50228807172909],[6.998243682111677,46.44518943958903],[7.237020499581869,46.553799995811204],[7.203708357050441,46.42870514223732],[7.221456999868015,46.32921249544632],[7.284540426768841,46.360801621962544],[7.518061062511634,46.37692421297981],[7.631740573523507,46.43728600679013],[7.719696390405964,46.42121595118045],[7.931233798679374,46.49677120277307],[8.019221163712427,46.55705677958019],[8.259425095659694,46.53181370747185],[8.345830850052208,46.57027154588705],[8.410411499918524,46.65302049554313],[8.418509288114299,46.56585941076201],[8.477673500373442,46.52760249604214],[8.399525140025748,46.48872203961502],[8.384716999578627,46.452158495577784],[8.306579227074634,46.41642343480216],[8.27454211241782,46.355976077221676],[8.097953091468325,46.270012233761065],[8.15515422734253,46.19504853601032],[8.146736757341614,46.14787909951245],[8.037422676755948,46.09341862976776],[7.995785937937015,46.00620629529097],[7.904377457418228,45.985722534766815],[7.877137499725007,45.92695499561523],[7.864076500101564,45.91675049587079],[7.562174020082788,45.978373806572314],[7.396656083292905,45.9042989825243],[7.29524168836597,45.91493852166249],[7.186894254640558,45.86715529287071],[7.110989510795112,45.869908423475664],[7.0448859995451,45.922412995790474],[6.950325566023051,46.04662608946756],[6.884692113630459,46.05451902802208],[6.889226997997008,46.118519596118205],[6.800789207465735,46.15554146539945],[6.853889787784714,46.27449908110535],[6.781493598451941,46.34892286387947],[6.821063999669152,46.42715449605594],[6.521952522143846,46.45384075868073],[6.317522785611627,46.393948555151994],[6.219547000207986,46.31187799577931],[6.291190700774552,46.250985703507816],[6.281626954753643,46.22400699751976],[6.144432959889858,46.14734074606733],[5.956067000084031,46.13209549607383],[5.98218935089407,46.20670226990935],[6.111630022129685,46.25402421369191],[6.125608000370021,46.31722999589284],[6.15624695303052,46.3709387936549],[6.064002999793317,46.41622899600064],[6.138106000549967,46.5576669956498],[6.138954721862921,46.594303769312944],[6.435801031531621,46.7670531980371],[6.460010999395068,46.85155149579027],[6.707045119122673,46.928674797102175],[6.780045999933286,46.85264299614097],[6.756369234219866,46.81924363030315],[6.86461274336574,46.73496133378287],[6.919909557140233,46.85385991566652],[6.866233500008283,46.90929349563142]],[[6.730514178380751,46.729078489654135],[6.758057594183636,46.703355012145465],[6.797284483539116,46.73590935706099],[6.776069753581947,46.76562656322444],[6.730514178380751,46.729078489654135]]],[[[6.927902000455086,46.95317449563113],[7.002286500405122,46.98672349647589],[7.039971499866311,46.979880996316716],[7.051847000497834,46.97711499564861],[7.076671885797233,46.90984855441051],[7.045787097515,46.86573198986451],[6.927902000455086,46.95317449563113]]]]}},{"type":"Feature","properties":{"NUTS_ID":"AT32","LEVL_CODE":2,"CNTR_CODE":"AT","NAME_LATN":"Salzburg","NUTS_NAME":"Salzburg","MOUNT_TYPE":0,"URBN_TYPE":null,"COAST_TYPE":0,"FID":"AT32"},"geometry":{"type":"MultiPolygon","coordinates":[[[[13.303820999711636,48.00782449626518],[13.337939938600691,47.970019704221855],[13.290220084483837,47.93447974749035],[13.299685486625977,47.84092384997833],[13.435995550618326,47.798244101393564],[13.458607900867273,47.739092196494546],[13.529013761487372,47.70500558847443],[13.487634435462487,47.55548005362261],[13.516361999697558,47.49677599659107],[13.585584500457761,47.473992996223416],[13.569420538282582,47.41799238770865],[13.590078732444423,47.35460460036332],[13.606840499559613,47.28329549635658],[13.696980510445673,47.265480101450706],[13.808937318242887,47.28636699836631],[13.86437250008104,47.25169349655238],[13.959847752243727,47.14206416695929],[13.89945724266326,47.10541497281378],[13.854921811703212,46.99796451265916],[13.785132499558005,46.944047995861425],[13.677742843490039,47.03758924873744],[13.354584000255636,47.09730349582109],[13.063829749648457,47.01926017598019],[12.808355206327924,47.097596527770094],[12.711850793446132,47.12716065938586],[12.656082999472403,47.099700996039],[12.471777174794033,47.15402680243419],[12.378844308528562,47.13953920380111],[12.24074549993918,47.06916849594505],[12.13601399939827,47.080667495675975],[12.0874547495295,47.17662840386255],[12.100608336829925,47.29047280839427],[12.388448872056337,47.316120307055336],[12.486846384978797,47.35460460043207],[12.687363870149248,47.48050658053091],[12.641037414572835,47.54077954804763],[12.651528083605703,47.57668316305723],[12.575026499455886,47.63231599593421],[12.613971503237192,47.67110813265785],[12.695795500534766,47.68222299649298],[12.790165263392359,47.630667016312266],[12.803834829152116,47.559053075767096],[12.919026379534174,47.494770766896146],[13.008441669429182,47.47167627544506],[13.04605549965051,47.52050249631847],[13.083783831455554,47.668719113085864],[13.028043543947634,47.71398746330265],[12.91804057915868,47.722013755260974],[12.995371313319913,47.855415869125714],[12.938876511053996,47.93603867803059],[12.875785499358205,47.96260899631394],[12.860181500489656,47.996639996190154],[13.025180321130794,48.03489963158401],[13.166954358911708,47.97337511324598],[13.303820999711636,48.00782449626518]]],[[[13.478178290723678,47.785059309878946],[13.537895906555471,47.80776857230564],[13.551232515705587,47.7675664325854],[13.493543948364671,47.76315776040268],[13.478178290723678,47.785059309878946]]]]}},{"type":"Feature","properties":{"NUTS_ID":"AT33","LEVL_CODE":2,"CNTR_CODE":"AT","NAME_LATN":"Tirol","NUTS_NAME":"Tirol","MOUNT_TYPE":0,"URBN_TYPE":null,"COAST_TYPE":0,"FID":"AT33"},"geometry":{"type":"MultiPolygon","coordinates":[[[[12.690635000479615,46.656971996168416],[12.477923999922096,46.679835495586026],[12.292664569216091,46.789162187399356],[12.274947734660932,46.874102030213336],[12.156360847349687,46.91634917901892],[12.131899415880419,47.008650895240265],[12.24074549993918,47.06916849594505],[12.378844308528562,47.13953920380111],[12.471777174794033,47.15402680243419],[12.656082999472403,47.099700996039],[12.742047160929275,47.03282929166036],[12.738878576347835,46.97602764932665],[12.808355207507073,46.92237500861212],[12.83458207116301,46.90771303363094],[12.849600840492963,46.860881569318735],[12.960918392866018,46.78993240982585],[12.933942019634648,46.76910556213269],[12.808355206734745,46.75539958552793],[12.722762984530586,46.732480010137216],[12.690635000479615,46.656971996168416]]],[[[12.338045500047647,47.697087496114975],[12.429038881839936,47.689121057262724],[12.504721151888482,47.62962384715749],[12.575026499455886,47.63231599593421],[12.651528083605703,47.57668316305723],[12.641037414572835,47.54077954804763],[12.687363870149248,47.48050658053091],[12.486846384978797,47.35460460043207],[12.388448872056337,47.316120307055336],[12.100608336829925,47.29047280839427],[12.0874547495295,47.17662840386255],[12.13601399939827,47.080667495675975],[11.750811376364329,46.97572641077002],[11.627199499572457,47.01329899603315],[11.546301825519322,46.98942226017199],[11.481630308111965,47.00312307900739],[11.411250505651495,46.970526564623356],[11.328351776051118,46.99024986717153],[11.164281500396704,46.96572249578266],[11.005898161706146,46.76884963150982],[10.811610392355961,46.78205977482063],[10.665225069591466,46.86903183119498],[10.469651500058607,46.854908995539844],[10.478487271912902,46.93559311836554],[10.37631675140378,46.99474114409859],[10.245612226515231,46.92156098690995],[10.218779414512708,46.867556300195744],[10.144974499876923,46.85100949597511],[10.107598340597029,46.9209458657122],[10.14633723319286,46.990061511321954],[10.142560886639826,47.085686308768786],[10.212787000054439,47.15728099615908],[10.178353000524032,47.27011399620052],[10.31008105678689,47.30181527445682],[10.383247837504754,47.354604600488685],[10.468308554804041,47.437006885534764],[10.440313057227232,47.50839383044424],[10.454439000130671,47.55579699617069],[10.553153963527674,47.537196308601054],[10.63704354435248,47.56468061141055],[10.787376051339416,47.51977664837254],[10.886199000385176,47.536847996416036],[10.884271285598196,47.48404445393269],[10.957793586193285,47.44935665034383],[10.991202499396692,47.39613099640226],[11.016500500491402,47.396367996313955],[11.208388900941697,47.43053319397763],[11.265056787621193,47.40417745936538],[11.332829426511346,47.444253298873605],[11.421427499780654,47.44485199644151],[11.395618792421942,47.472007212873955],[11.410218999838008,47.495323996020325],[11.558567293905416,47.51510524580081],[11.632883000320607,47.5924459962414],[11.828887024030678,47.5855569152014],[12.06066200056997,47.61874349592356],[12.194596871348027,47.61679463398835],[12.172223450661065,47.69503094181534],[12.228359740533191,47.72096348455541],[12.253354182812227,47.72412163444719],[12.264070949302024,47.68488994888258],[12.338045500047647,47.697087496114975]]]]}},{"type":"Feature","properties":{"NUTS_ID":"AT34","LEVL_CODE":2,"CNTR_CODE":"AT","NAME_LATN":"Vorarlberg","NUTS_NAME":"Vorarlberg","MOUNT_TYPE":0,"URBN_TYPE":null,"COAST_TYPE":0,"FID":"AT34"},"geometry":{"type":"MultiPolygon","coordinates":[[[[9.96781349970122,47.54624049619986],[9.999525999601634,47.48301699645435],[10.084013781426172,47.447654615518154],[10.102068745029593,47.36659813848961],[10.197507220061429,47.38429651557573],[10.217505922653672,47.354604600523594],[10.178353000524032,47.27011399620052],[10.212787000054439,47.15728099615908],[10.142560886639826,47.085686308768786],[10.14633723319286,46.990061511321954],[10.107598340597029,46.9209458657122],[10.144974499876923,46.85100949597511],[10.087917878573043,46.84911509958318],[9.954927029599892,46.914902612721725],[9.881130023597695,46.941578131205745],[9.87095505159125,47.01374995020216],[9.607077999580854,47.06077449613301],[9.620580500628963,47.151645496243994],[9.530749000090898,47.270580996556575],[9.609419933315458,47.35460460052472],[9.653397257414857,47.37580710536363],[9.651316727722111,47.42941798988045],[9.57830822558665,47.48207230441253],[9.558720500163837,47.54189299619502],[9.696501485171996,47.53135894742093],[9.793630400880367,47.58276907479467],[9.85961046174096,47.5394544635406],[9.96781349970122,47.54624049619986]]]]}},{"type":"Feature","properties":{"NUTS_ID":"AT11","LEVL_CODE":2,"CNTR_CODE":"AT","NAME_LATN":"Burgenland","NUTS_NAME":"Burgenland","MOUNT_TYPE":0,"URBN_TYPE":null,"COAST_TYPE":0,"FID":"AT11"},"geometry":{"type":"MultiPolygon","coordinates":[[[[17.06674100048466,48.11868149646252],[17.077206809820133,48.0377764654352],[17.160797500302095,48.00665649614959],[17.10874633425855,47.975476492640304],[17.094777058848415,47.90292814864949],[17.033716364108866,47.86002284972558],[17.063158052502153,47.8112953616779],[17.057357811250014,47.707737448600255],[16.905843948001817,47.6890817942742],[16.861228813579014,47.70983098031435],[16.769949145728877,47.68283484018362],[16.710299606592887,47.73340731693537],[16.604617354770543,47.756095817681924],[16.42154250018329,47.665297996239325],[16.654538058936687,47.61124743764099],[16.702446546441106,47.539450512510264],[16.64622000033763,47.44659699638054],[16.47150645287284,47.40071559414491],[16.43376149966755,47.35291849612009],[16.481282509601556,47.285219680095395],[16.43587751607929,47.193896785071374],[16.519364829149538,47.133718781062676],[16.47441366998281,47.092910780406605],[16.49826125767529,47.06032349990872],[16.47233305551061,47.00174518092367],[16.295234148857446,46.997848579458484],[16.113849000116886,46.86906799627057],[15.996236000625188,46.835398495798835],[16.12955216062853,47.00831368029855],[16.09573662343109,47.07599796273703],[16.106561474811706,47.163867648244356],[16.03349468166305,47.354604600210926],[16.078814643563152,47.40106317773767],[16.171080999700767,47.421337495956166],[16.2798394997136,47.454831996337255],[16.32833913365279,47.50908008144794],[16.32073272184783,47.570438128947465],[16.372543499607424,47.64213549599117],[16.308954665477714,47.69775486934808],[16.295421572329605,47.746231132583134],[16.391150500149426,47.88213399614362],[16.491770006999786,47.940413841181645],[16.588173535166742,47.8999611459342],[16.71512154365372,48.008878103059246],[16.8786025966441,48.06623322964383],[16.975731950455277,48.040588033244404],[16.99712927882788,48.10293244647073],[17.06674100048466,48.11868149646252]]]]}},{"type":"Feature","properties":{"NUTS_ID":"AT12","LEVL_CODE":2,"CNTR_CODE":"AT","NAME_LATN":"Niederösterreich","NUTS_NAME":"Niederösterreich","MOUNT_TYPE":0,"URBN_TYPE":null,"COAST_TYPE":0,"FID":"AT12"},"geometry":{"type":"MultiPolygon","coordinates":[[[[15.542449499778908,48.90769699675871],[15.75363350015166,48.85217849644034],[15.847518558770663,48.86067002853367],[16.07489251670596,48.75601217491499],[16.30679063469144,48.733533497550084],[16.39449672099801,48.74437830656585],[16.475435120574804,48.80063063792277],[16.563447933852746,48.80126975034518],[16.70843394170991,48.73429170765519],[16.8840615729181,48.71009573635729],[16.940278000184314,48.61724549627212],[16.94977799988476,48.53579199638111],[16.85110600020292,48.4386349963063],[16.855571215478605,48.35286588135194],[16.946193579563566,48.261415391660684],[16.97620300016257,48.1722444962591],[17.06674100048466,48.11868149646252],[16.99712927882788,48.10293244647073],[16.975731950455277,48.040588033244404],[16.8786025966441,48.06623322964383],[16.71512154365372,48.008878103059246],[16.588173535166742,47.8999611459342],[16.491770006999786,47.940413841181645],[16.391150500149426,47.88213399614362],[16.295421572329605,47.746231132583134],[16.308954665477714,47.69775486934808],[16.372543499607424,47.64213549599117],[16.32073272184783,47.570438128947465],[16.32833913365279,47.50908008144794],[16.2798394997136,47.454831996337255],[16.171080999700767,47.421337495956166],[16.105063933331873,47.51424304401714],[16.05093390297414,47.49539335494356],[15.847909499899883,47.56846849644386],[15.84379931338232,47.62427589132123],[15.761700067497397,47.63438216082073],[15.607326056701849,47.745135540229896],[15.52818918226851,47.74988184830058],[15.382455599140611,47.816867903574014],[15.218029500427132,47.7940999960363],[15.193079379861405,47.76006030698397],[15.088096499425225,47.740817996534176],[15.005960429381746,47.74766630437383],[14.907829745989545,47.712432873870185],[14.738544999896895,47.74742649624282],[14.719008507090772,47.84362598202437],[14.758161380138525,47.87923549332534],[14.750763852405194,47.90374601735588],[14.49610656398451,48.003866427643715],[14.46063084236754,48.06093569097946],[14.480544266580129,48.10551126158984],[14.477664850623423,48.18032664717452],[14.52080749976585,48.237351496479256],[14.690253110425253,48.161562163088256],[14.950405373927309,48.228209942611635],[14.986273103239391,48.27240394670315],[14.950257650391752,48.33329719917609],[14.960269500158285,48.37648249676221],[14.876868094501262,48.46584064551573],[14.895315036385352,48.5125160885013],[14.691013999911906,48.58430199612774],[14.732991261488044,48.68739511812573],[14.817492885563325,48.772326697684875],[14.96600520258776,48.77267980657488],[15.00718940882105,49.01230645352409],[15.12427891791044,48.996431015313675],[15.190021015131544,48.95116342771269],[15.360902268722297,48.97948960552011],[15.542449499778908,48.90769699675871]],[[16.18577274221048,48.17239670207171],[16.28859588023013,48.124640532356274],[16.4090915950734,48.12412027310609],[16.49619801664656,48.156191745231794],[16.57803600028894,48.143311996660316],[16.54386058040968,48.180209717063875],[16.54030189142575,48.26062641472412],[16.412502926201928,48.317326544807614],[16.204971131702226,48.24998229800912],[16.18577274221048,48.17239670207171]]]]}},{"type":"Feature","properties":{"NUTS_ID":"AT13","LEVL_CODE":2,"CNTR_CODE":"AT","NAME_LATN":"Wien","NUTS_NAME":"Wien","MOUNT_TYPE":0,"URBN_TYPE":null,"COAST_TYPE":0,"FID":"AT13"},"geometry":{"type":"MultiPolygon","coordinates":[[[[16.57803600028894,48.143311996660316],[16.49619801664656,48.156191745231794],[16.4090915950734,48.12412027310609],[16.28859588023013,48.124640532356274],[16.18577274221048,48.17239670207171],[16.204971131702226,48.24998229800912],[16.412502926201928,48.317326544807614],[16.54030189142575,48.26062641472412],[16.54386058040968,48.180209717063875],[16.57803600028894,48.143311996660316]]]]}},{"type":"Feature","properties":{"NUTS_ID":"AT21","LEVL_CODE":2,"CNTR_CODE":"AT","NAME_LATN":"Kärnten","NUTS_NAME":"Kärnten","MOUNT_TYPE":0,"URBN_TYPE":null,"COAST_TYPE":0,"FID":"AT21"},"geometry":{"type":"MultiPolygon","coordinates":[[[[13.354584000255636,47.09730349582109],[13.677742843490039,47.03758924873744],[13.785132499558005,46.944047995861425],[13.851761181258654,46.91661606918576],[13.94662599992325,46.94161949564881],[14.191361666212948,47.06648078124881],[14.397971581928445,46.989200848117015],[14.842056499924075,47.04861349588245],[14.961037411005877,46.98041132862112],[15.015001149074623,46.91406383012434],[14.98692766146481,46.79064577793081],[15.028115373467346,46.75929793606756],[15.032043980013965,46.67591209075232],[15.065120499573208,46.65211249572547],[14.874731053215202,46.60156901421265],[14.813177330592934,46.51517850005733],[14.725022290673342,46.49664198015146],[14.674580499842312,46.45068749591794],[14.597383663561134,46.42751606803991],[14.565175500288634,46.37245349589318],[14.526333498417426,46.414955654149296],[14.43450049943831,46.44294349576341],[14.167844246331633,46.44000949667333],[14.101761728853978,46.479317699960596],[13.914918738528765,46.51649813714951],[13.714185000450238,46.52270349549661],[13.504249499840494,46.56630399566544],[13.256785146741292,46.553073201575],[13.14002272926394,46.593124908142784],[12.808355206451358,46.63213698631053],[12.731392999857215,46.63428799549397],[12.690635000479615,46.656971996168416],[12.722762984530586,46.732480010137216],[12.808355206734745,46.75539958552793],[12.933942019634648,46.76910556213269],[12.960918392866018,46.78993240982585],[12.849600840492963,46.860881569318735],[12.83458207116301,46.90771303363094],[12.808355207507073,46.92237500861212],[12.738878576347835,46.97602764932665],[12.742047160929275,47.03282929166036],[12.656082999472403,47.099700996039],[12.711850793446132,47.12716065938586],[12.808355206327924,47.097596527770094],[13.063829749648457,47.01926017598019],[13.354584000255636,47.09730349582109]]]]}},{"type":"Feature","properties":{"NUTS_ID":"AT22","LEVL_CODE":2,"CNTR_CODE":"AT","NAME_LATN":"Steiermark","NUTS_NAME":"Steiermark","MOUNT_TYPE":0,"URBN_TYPE":null,"COAST_TYPE":0,"FID":"AT22"},"geometry":{"type":"MultiPolygon","coordinates":[[[[15.847909499899883,47.56846849644386],[16.05093390297414,47.49539335494356],[16.105063933331873,47.51424304401714],[16.171080999700767,47.421337495956166],[16.078814643563152,47.40106317773767],[16.03349468166305,47.354604600210926],[16.106561474811706,47.163867648244356],[16.09573662343109,47.07599796273703],[16.12955216062853,47.00831368029855],[15.996236000625188,46.835398495798835],[16.00842556503931,46.68128867473751],[15.786421999702736,46.70746949592176],[15.649988000312193,46.705756995767196],[15.497911822499335,46.61801087435422],[15.401979499450507,46.653548496182886],[15.065120499573208,46.65211249572547],[15.032043980013965,46.67591209075232],[15.028115373467346,46.75929793606756],[14.98692766146481,46.79064577793081],[15.015001149074623,46.91406383012434],[14.961037411005877,46.98041132862112],[14.842056499924075,47.04861349588245],[14.397971581928445,46.989200848117015],[14.191361666212948,47.06648078124881],[13.94662599992325,46.94161949564881],[13.851761181258654,46.91661606918576],[13.785132499558005,46.944047995861425],[13.854921811703212,46.99796451265916],[13.89945724266326,47.10541497281378],[13.959847752243727,47.14206416695929],[13.86437250008104,47.25169349655238],[13.808937318242887,47.28636699836631],[13.696980510445673,47.265480101450706],[13.606840499559613,47.28329549635658],[13.590078732444423,47.35460460036332],[13.569420538282582,47.41799238770865],[13.585584500457761,47.473992996223416],[13.72445884936141,47.47605930791445],[13.752596990593359,47.53071362032963],[13.700749353154416,47.58761156684702],[13.702787136393503,47.635645823495715],[13.771154890614735,47.70994118645238],[14.010662999881296,47.70051099655671],[14.066747881524252,47.62101737310909],[14.19716062653886,47.646546142357785],[14.315824614383628,47.609532529805556],[14.55967438858021,47.71894279464011],[14.738544999896895,47.74742649624282],[14.907829745989545,47.712432873870185],[15.005960429381746,47.74766630437383],[15.088096499425225,47.740817996534176],[15.193079379861405,47.76006030698397],[15.218029500427132,47.7940999960363],[15.382455599140611,47.816867903574014],[15.52818918226851,47.74988184830058],[15.607326056701849,47.745135540229896],[15.761700067497397,47.63438216082073],[15.84379931338232,47.62427589132123],[15.847909499899883,47.56846849644386]]]]}},{"type":"Feature","properties":{"NUTS_ID":"AT31","LEVL_CODE":2,"CNTR_CODE":"AT","NAME_LATN":"Oberösterreich","NUTS_NAME":"Oberösterreich","MOUNT_TYPE":0,"URBN_TYPE":null,"COAST_TYPE":0,"FID":"AT31"},"geometry":{"type":"MultiPolygon","coordinates":[[[[14.691013999911906,48.58430199612774],[14.895315036385352,48.5125160885013],[14.876868094501262,48.46584064551573],[14.960269500158285,48.37648249676221],[14.950257650391752,48.33329719917609],[14.986273103239391,48.27240394670315],[14.950405373927309,48.228209942611635],[14.690253110425253,48.161562163088256],[14.52080749976585,48.237351496479256],[14.477664850623423,48.18032664717452],[14.480544266580129,48.10551126158984],[14.46063084236754,48.06093569097946],[14.49610656398451,48.003866427643715],[14.750763852405194,47.90374601735588],[14.758161380138525,47.87923549332534],[14.719008507090772,47.84362598202437],[14.738544999896895,47.74742649624282],[14.55967438858021,47.71894279464011],[14.315824614383628,47.609532529805556],[14.19716062653886,47.646546142357785],[14.066747881524252,47.62101737310909],[14.010662999881296,47.70051099655671],[13.771154890614735,47.70994118645238],[13.702787136393503,47.635645823495715],[13.700749353154416,47.58761156684702],[13.752596990593359,47.53071362032963],[13.72445884936141,47.47605930791445],[13.585584500457761,47.473992996223416],[13.516361999697558,47.49677599659107],[13.487634435462487,47.55548005362261],[13.529013761487372,47.70500558847443],[13.458607900867273,47.739092196494546],[13.435995550618326,47.798244101393564],[13.299685486625977,47.84092384997833],[13.290220084483837,47.93447974749035],[13.337939938600691,47.970019704221855],[13.303820999711636,48.00782449626518],[13.166954358911708,47.97337511324598],[13.025180321130794,48.03489963158401],[12.860181500489656,47.996639996190154],[12.751555000235848,48.11281049637825],[12.87571514953036,48.197087478235424],[12.944684499884849,48.20669249615214],[13.036918184291796,48.26126891984775],[13.177042999642984,48.29438999633536],[13.277131010625281,48.30240484710034],[13.401616937047462,48.37149167438283],[13.449865162295103,48.505255394735116],[13.438430499774903,48.54889499614264],[13.51336949938829,48.59097799652846],[13.727090500291764,48.5130194963931],[13.819366132511382,48.612929701559594],[13.796107000263762,48.71360049658865],[13.839507000571981,48.77160499685363],[14.007585632477353,48.700204173775546],[14.041950193935666,48.66020849793928],[14.025623677205237,48.63670413251681],[14.091926490592051,48.59420540562867],[14.334147709398165,48.559441390688264],[14.471963303798407,48.63604738562893],[14.691013999911906,48.58430199612774]],[[13.478178290723678,47.785059309878946],[13.493543948364671,47.76315776040268],[13.551232515705587,47.7675664325854],[13.537895906555471,47.80776857230564],[13.478178290723678,47.785059309878946]]]]}},{"type":"Feature","properties":{"NUTS_ID":"CH02","LEVL_CODE":2,"CNTR_CODE":"CH","NAME_LATN":"Espace Mittelland","NUTS_NAME":"Espace Mittelland","MOUNT_TYPE":0,"URBN_TYPE":null,"COAST_TYPE":0,"FID":"CH02"},"geometry":{"type":"MultiPolygon","coordinates":[[[[7.326465999492295,47.439853496497896],[7.375684500124845,47.414076996084255],[7.436889999548614,47.37997049573538],[7.577615587365796,47.42015252790975],[7.649071184488976,47.48420694497988],[7.690199309466414,47.45737620802704],[7.655698105517177,47.38231341111467],[7.773306422446769,47.34522157354783],[7.925143783653849,47.409371045782194],[7.956852999864289,47.455200496443005],[8.01630056937624,47.394924601845545],[8.01164013648888,47.35460460035328],[7.965527849601479,47.32448110203014],[7.898393025483192,47.329463991765856],[7.824728000481882,47.26563749596478],[7.838685999502692,47.234413996051586],[7.8822178606468,47.15793440207938],[7.876558742840071,47.04937856342784],[7.94947194259333,46.99265658197176],[7.880913101278879,46.91831278927776],[7.871986936281473,46.85421010819368],[7.981403157954259,46.78168689666498],[8.04908799943489,46.78800799601791],[8.280497091905511,46.75842451950174],[8.368889499708073,46.78797549610308],[8.395224999550477,46.771537996254885],[8.448959499604221,46.76451699606296],[8.410411499918524,46.65302049554313],[8.345830850052208,46.57027154588705],[8.259425095659694,46.53181370747185],[8.019221163712427,46.55705677958019],[7.931233798679374,46.49677120277307],[7.719696390405964,46.42121595118045],[7.631740573523507,46.43728600679013],[7.518061062511634,46.37692421297981],[7.284540426768841,46.360801621962544],[7.221456999868015,46.32921249544632],[7.203708357050441,46.42870514223732],[7.237020499581869,46.553799995811204],[6.998243682111677,46.44518943958903],[6.93893306887975,46.50228807172909],[6.83033394600719,46.511535880067946],[6.871642116486883,46.5613184231896],[6.810456212195386,46.594131742271145],[6.804496832958534,46.63935371924899],[6.923765509991902,46.72760232972903],[6.987829682406421,46.84299888840491],[6.896209500472826,46.925325996125544],[6.866233500008283,46.90929349563142],[6.919909557140233,46.85385991566652],[6.86461274336574,46.73496133378287],[6.756369234219866,46.81924363030315],[6.780045999933286,46.85264299614097],[6.707045119122673,46.928674797102175],[6.460010999395068,46.85155149579027],[6.458717245509217,46.94664565895012],[6.637377385020128,47.00693244505855],[6.858913999663184,47.16529449570165],[7.016158894207454,47.333746788064396],[6.915109423719829,47.36797736900166],[6.939185999472231,47.43370449615888],[7.023916084089598,47.504141539516944],[7.130353000440072,47.50304049595559],[7.190700043614331,47.44275294752805],[7.326465999492295,47.439853496497896]],[[6.927902000455086,46.95317449563113],[7.045787097515,46.86573198986451],[7.076671885797233,46.90984855441051],[7.051847000497834,46.97711499564861],[7.039971499866311,46.979880996316716],[7.002286500405122,46.98672349647589],[6.927902000455086,46.95317449563113]]],[[[7.375684500124845,47.414076996084255],[7.380894000262369,47.431892495792354],[7.421139499394005,47.44638799601829],[7.424013499884611,47.44417849652255],[7.427168999580436,47.443819496494235],[7.437788500245915,47.446248496082056],[7.438866766973223,47.44626878592794],[7.441629612589946,47.44695563415839],[7.444036800422619,47.44847292235042],[7.445847244486577,47.45066814489195],[7.446878552016538,47.45332014852416],[7.447026826552865,47.45616175499009],[7.446275959500937,47.458911940316895],[7.445018999342877,47.46172349644641],[7.510905499361884,47.50258249620393],[7.520941782383866,47.46233696744084],[7.431465730302783,47.41424583291475],[7.375684500124845,47.414076996084255]]],[[[6.730514178380751,46.729078489654135],[6.776069753581947,46.76562656322444],[6.797284483539116,46.73590935706099],[6.758057594183636,46.703355012145465],[6.730514178380751,46.729078489654135]]]]}},{"type":"Feature","properties":{"NUTS_ID":"CH03","LEVL_CODE":2,"CNTR_CODE":"CH","NAME_LATN":"Nordwestschweiz","NUTS_NAME":"Nordwestschweiz","MOUNT_TYPE":0,"URBN_TYPE":null,"COAST_TYPE":0,"FID":"CH03"},"geometry":{"type":"MultiPolygon","coordinates":[[[[7.375684500124845,47.414076996084255],[7.326465999492295,47.439853496497896],[7.337402778506291,47.440884001485536],[7.352753930630606,47.434413266812385],[7.380894000262369,47.431892495792354],[7.375684500124845,47.414076996084255]]],[[[7.375684500124845,47.414076996084255],[7.431465730302783,47.41424583291475],[7.520941782383866,47.46233696744084],[7.510905499361884,47.50258249620393],[7.55515950050789,47.56456399658146],[7.589038999372886,47.58987799601327],[7.634096999467765,47.56111349637268],[7.713784499986332,47.539404996054294],[7.89410749978897,47.58637499592662],[7.922758988420437,47.55493965226538],[8.038635464529351,47.553453354816185],[8.22046127089106,47.61682198336478],[8.426434499748613,47.56754899592886],[8.364752509610529,47.49144523828985],[8.408943013578936,47.35460459991159],[8.410715999795547,47.248037495800205],[8.41212949968318,47.14073749615851],[8.35514150896111,47.15872115417955],[8.26694019859367,47.280886888299285],[8.190780961591967,47.227921285113524],[7.977025369782403,47.2760361928793],[7.936578368864335,47.24292466053715],[7.838685999502692,47.234413996051586],[7.824728000481882,47.26563749596478],[7.898393025483192,47.329463991765856],[7.965527849601479,47.32448110203014],[8.01164013648888,47.35460460035328],[8.01630056937624,47.394924601845545],[7.956852999864289,47.455200496443005],[7.925143783653849,47.409371045782194],[7.773306422446769,47.34522157354783],[7.655698105517177,47.38231341111467],[7.690199309466414,47.45737620802704],[7.649071184488976,47.48420694497988],[7.577615587365796,47.42015252790975],[7.436889999548614,47.37997049573538],[7.375684500124845,47.414076996084255]]],[[[7.421139499394005,47.44638799601829],[7.445018999342877,47.46172349644641],[7.446275959500937,47.458911940316895],[7.447026826552865,47.45616175499009],[7.446878552016538,47.45332014852416],[7.445847244486577,47.45066814489195],[7.444036800422619,47.44847292235042],[7.441629612589946,47.44695563415839],[7.438866766973223,47.44626878592794],[7.437788500245915,47.446248496082056],[7.427168999580436,47.443819496494235],[7.424013499884611,47.44417849652255],[7.421139499394005,47.44638799601829]]]]}},{"type":"Feature","properties":{"NUTS_ID":"CH04","LEVL_CODE":2,"CNTR_CODE":"CH","NAME_LATN":"Zürich","NUTS_NAME":"Zürich","MOUNT_TYPE":0,"URBN_TYPE":null,"COAST_TYPE":0,"FID":"CH04"},"geometry":{"type":"MultiPolygon","coordinates":[[[[8.670461000415381,47.684862496209234],[8.772692642820225,47.64064789584809],[8.75868024701316,47.59752537997535],[8.873076875488886,47.52559372450162],[8.943635500166994,47.37583749594497],[8.961254635510878,47.35460460040306],[8.973794428676948,47.317882809922864],[8.92653063923168,47.26530565905567],[8.820134586044764,47.24591683495734],[8.80778449940186,47.22055999585068],[8.715198240716632,47.20188402283148],[8.692483500071443,47.1636249963973],[8.577121009977787,47.215227338071905],[8.449012003997245,47.21745891309972],[8.410715999795547,47.248037495800205],[8.408943013578936,47.35460459991159],[8.364752509610529,47.49144523828985],[8.426434499748613,47.56754899592886],[8.51854789979256,47.6256443241397],[8.562840999912513,47.59943249644827],[8.538418156175759,47.58264098380331],[8.554103897230743,47.55716641651859],[8.595602000640934,47.60554449640264],[8.60636949996576,47.66900549586458],[8.663353999388345,47.6858924965457],[8.670461000415381,47.684862496209234]]]]}},{"type":"Feature","properties":{"NUTS_ID":"CH05","LEVL_CODE":2,"CNTR_CODE":"CH","NAME_LATN":"Ostschweiz","NUTS_NAME":"Ostschweiz","MOUNT_TYPE":0,"URBN_TYPE":null,"COAST_TYPE":0,"FID":"CH05"},"geometry":{"type":"MultiPolygon","coordinates":[[[[8.874888000299562,47.65466999632558],[9.035864551523046,47.683945513921394],[9.18219200004543,47.65589049589691],[9.379430429613452,47.62392490091159],[9.495604000170335,47.551454996293586],[9.558720500163837,47.54189299619502],[9.57830822558665,47.48207230441253],[9.651316727722111,47.42941798988045],[9.653397257414857,47.37580710536363],[9.609419933315458,47.35460460052472],[9.530749000090898,47.270580996556575],[9.492738495428558,47.18427747891015],[9.511416523332883,47.10461533946962],[9.476047500074625,47.05179749592921],[9.607077999580854,47.06077449613301],[9.87095505159125,47.01374995020216],[9.881130023597695,46.941578131205745],[9.954927029599892,46.914902612721725],[10.087917878573043,46.84911509958318],[10.144974499876923,46.85100949597511],[10.218779414512708,46.867556300195744],[10.245612226515231,46.92156098690995],[10.37631675140378,46.99474114409859],[10.478487271912902,46.93559311836554],[10.469651500058607,46.854908995539844],[10.390021409955533,46.67876694265212],[10.478751576584388,46.61244413727508],[10.452800999719008,46.53068299612586],[10.306025283588719,46.55151655101178],[10.231700882493426,46.62825187304938],[10.106377838547761,46.60161923609908],[10.055722397246043,46.52885712671657],[10.045830134784822,46.46002423080092],[10.156059193799363,46.40868778688332],[10.114377087635114,46.346617234016584],[10.166604936970675,46.26721652708398],[10.141731957235727,46.23474811175198],[10.05468254587336,46.23615896211143],[9.954927029415972,46.378551559625365],[9.617288045435679,46.2921089147674],[9.538317081509538,46.31503157841242],[9.467741405523816,46.38015065908094],[9.456001204295896,46.495584235820054],[9.411743124415988,46.47643861648899],[9.302283435594507,46.49681525358089],[9.259291545357474,46.44642545657374],[9.292069154630576,46.3299838293857],[9.248531499771087,46.2337679960788],[9.159377500406464,46.16960099558937],[9.095791422491814,46.212236987188476],[9.06332281003405,46.28433612978533],[9.097934058542506,46.42067349281135],[9.026694880419432,46.51692903309083],[9.026719952133682,46.59577722503057],[8.933771532584744,46.618361090924054],[8.841051179139255,46.5681255337449],[8.67872899962058,46.57918949580608],[8.661707566776576,46.637392507181524],[8.684606278352437,46.6908954757882],[8.814073272051033,46.746457858067416],[8.877168499932747,46.81312349573652],[8.94608224912955,46.878675226616274],[8.935078999848999,46.92020799604047],[8.9616913090976,46.95604750905445],[8.904208921631199,47.02536124696361],[9.004565499833504,47.173145496468514],[8.941113593190982,47.21317012390286],[8.80778449940186,47.22055999585068],[8.820134586044764,47.24591683495734],[8.92653063923168,47.26530565905567],[8.973794428676948,47.317882809922864],[8.961254635510878,47.35460460040306],[8.943635500166994,47.37583749594497],[8.873076875488886,47.52559372450162],[8.75868024701316,47.59752537997535],[8.772692642820225,47.64064789584809],[8.670461000415381,47.684862496209234],[8.79570849955404,47.6755954960822],[8.781523916109848,47.71253474763582],[8.814386704689442,47.72000781042125],[8.874888000299562,47.65466999632558]]],[[[8.60636949996576,47.66900549586458],[8.50282351563053,47.648959996037995],[8.424768915390134,47.67725556355185],[8.418418644609224,47.70026167929785],[8.510114999468025,47.776190496263325],[8.613831499490093,47.80107899595924],[8.705336294574856,47.73717933630678],[8.706728502103559,47.71025265702084],[8.663353999388345,47.6858924965457],[8.60636949996576,47.66900549586458]]],[[[8.595602000640934,47.60554449640264],[8.554103897230743,47.55716641651859],[8.538418156175759,47.58264098380331],[8.562840999912513,47.59943249644827],[8.595602000640934,47.60554449640264]]]]}},{"type":"Feature","properties":{"NUTS_ID":"CH06","LEVL_CODE":2,"CNTR_CODE":"CH","NAME_LATN":"Zentralschweiz","NUTS_NAME":"Zentralschweiz","MOUNT_TYPE":0,"URBN_TYPE":null,"COAST_TYPE":0,"FID":"CH06"},"geometry":{"type":"MultiPolygon","coordinates":[[[[8.41212949968318,47.14073749615851],[8.410715999795547,47.248037495800205],[8.449012003997245,47.21745891309972],[8.577121009977787,47.215227338071905],[8.692483500071443,47.1636249963973],[8.715198240716632,47.20188402283148],[8.80778449940186,47.22055999585068],[8.941113593190982,47.21317012390286],[9.004565499833504,47.173145496468514],[8.904208921631199,47.02536124696361],[8.9616913090976,46.95604750905445],[8.935078999848999,46.92020799604047],[8.94608224912955,46.878675226616274],[8.877168499932747,46.81312349573652],[8.814073272051033,46.746457858067416],[8.684606278352437,46.6908954757882],[8.661707566776576,46.637392507181524],[8.67872899962058,46.57918949580608],[8.54206475508704,46.580289752913465],[8.477673500373442,46.52760249604214],[8.418509288114299,46.56585941076201],[8.410411499918524,46.65302049554313],[8.448959499604221,46.76451699606296],[8.395224999550477,46.771537996254885],[8.368889499708073,46.78797549610308],[8.280497091905511,46.75842451950174],[8.04908799943489,46.78800799601791],[7.981403157954259,46.78168689666498],[7.871986936281473,46.85421010819368],[7.880913101278879,46.91831278927776],[7.94947194259333,46.99265658197176],[7.876558742840071,47.04937856342784],[7.8822178606468,47.15793440207938],[7.838685999502692,47.234413996051586],[7.936578368864335,47.24292466053715],[7.977025369782403,47.2760361928793],[8.190780961591967,47.227921285113524],[8.26694019859367,47.280886888299285],[8.35514150896111,47.15872115417955],[8.41212949968318,47.14073749615851]]]]}},{"type":"Feature","properties":{"NUTS_ID":"CH07","LEVL_CODE":2,"CNTR_CODE":"CH","NAME_LATN":"Ticino","NUTS_NAME":"Ticino","MOUNT_TYPE":0,"URBN_TYPE":null,"COAST_TYPE":0,"FID":"CH07"},"geometry":{"type":"MultiPolygon","coordinates":[[[[9.159377500406464,46.16960099558937],[9.01671954877885,46.03663474636785],[9.009066710192393,45.95242640765528],[9.075465665466622,45.89600153801038],[9.040230396403475,45.84071295180164],[8.912146999666529,45.83044499526482],[8.93467365358296,45.87199093188562],[8.887485052628765,45.95362864444602],[8.79513793790718,45.997646887451175],[8.839013236943764,46.072378042544486],[8.745396436594122,46.112187247959604],[8.713936000552462,46.09727199613999],[8.618370297743127,46.12417623173282],[8.465066075684822,46.2431396330729],[8.436606420275918,46.29590822168612],[8.46204259646922,46.43511963979768],[8.384716999578627,46.452158495577784],[8.399525140025748,46.48872203961502],[8.477673500373442,46.52760249604214],[8.54206475508704,46.580289752913465],[8.67872899962058,46.57918949580608],[8.841051179139255,46.5681255337449],[8.933771532584744,46.618361090924054],[9.026719952133682,46.59577722503057],[9.026694880419432,46.51692903309083],[9.097934058542506,46.42067349281135],[9.06332281003405,46.28433612978533],[9.095791422491814,46.212236987188476],[9.159377500406464,46.16960099558937]]]]}},{"type":"Feature","properties":{"NUTS_ID":"ITC1","LEVL_CODE":2,"CNTR_CODE":"IT","NAME_LATN":"Piemonte","NUTS_NAME":"Piemonte","MOUNT_TYPE":0,"URBN_TYPE":null,"COAST_TYPE":0,"FID":"ITC1"},"geometry":{"type":"MultiPolygon","coordinates":[[[[8.706896500199225,45.558315995481095],[8.842915500538917,45.393840995835504],[8.753424345727849,45.376210252523684],[8.692126399388501,45.29874470671058],[8.603299035546359,45.35437904886156],[8.51355999959413,45.31327849544143],[8.547797499398614,45.16814749495395],[8.604175753419469,45.12764481113436],[8.65978802040593,45.026827504192624],[8.891881649026866,45.04194275348312],[9.072410919931606,44.82589064621024],[9.147760719376517,44.805510039353535],[9.202125273224773,44.75365932917572],[9.200073999562013,44.68609949489505],[9.203981360443466,44.6553971818104],[9.202995499692234,44.61347649524578],[9.130017822891544,44.58056142199465],[9.023402797372892,44.655397182612106],[8.949446536439247,44.674745581744865],[8.926630651483885,44.67161065300021],[8.91494833226791,44.65539718178643],[8.894337913782802,44.63597697648286],[8.909046793358412,44.567346212069],[8.836653272863886,44.55594302479322],[8.785224066932171,44.50727148671317],[8.715317382895515,44.57517923684518],[8.652803694528068,44.58427909043997],[8.576182000092658,44.5092059949937],[8.415119308795582,44.502467072352275],[8.366063077205718,44.47251938786402],[8.261596000132808,44.519424495475135],[8.252819500364462,44.528740495518676],[8.208160224835952,44.47614021591893],[8.208507716274717,44.41426152578207],[8.07407471175605,44.30075536865776],[8.086805185282389,44.17415378968146],[7.99474803396981,44.142938555849014],[8.01562950044905,44.110676494988105],[7.759197522445191,44.13445361671377],[7.714236499759504,44.061513494527595],[7.664871659519656,44.173881551562225],[7.372749063450839,44.12192881737181],[7.024972616442866,44.23277745296495],[6.887427999785777,44.36128699493257],[6.923504981818579,44.43815808725672],[6.862557460623611,44.528698500176105],[6.934831888292623,44.58586741756029],[6.949250412002222,44.655397182332564],[6.993380020569451,44.685782042265835],[7.064244062576493,44.685974444001474],[7.065754999766034,44.71346449506679],[7.028333594304854,44.744759833603986],[7.001927915460664,44.83819628164475],[6.866292674474781,44.85262456589898],[6.761116504683933,44.904799535647314],[6.738896608469137,45.00535505197104],[6.678659110741525,45.027140896006586],[6.630050999465158,45.1098564952331],[6.770302520623891,45.152528921135215],[6.870019488827414,45.13433339116863],[6.977714383069745,45.20762606910602],[7.114111213034462,45.240827010797226],[7.120138286291593,45.326655455463616],[7.175226877965755,45.39721768519992],[7.104722999375814,45.46845449577965],[7.133143104035852,45.50333247756972],[7.215736339591382,45.47560637241873],[7.480497825719589,45.575855167652726],[7.573221291132115,45.58579182480829],[7.710378585224751,45.551849044503335],[7.895811000498774,45.59002799534746],[7.936649000486713,45.7243404959186],[7.868506783522788,45.79579542684436],[7.864076500101564,45.91675049587079],[7.877137499725007,45.92695499561523],[7.904377457418228,45.985722534766815],[7.995785937937015,46.00620629529097],[8.037422676755948,46.09341862976776],[8.146736757341614,46.14787909951245],[8.15515422734253,46.19504853601032],[8.097953091468325,46.270012233761065],[8.27454211241782,46.355976077221676],[8.306579227074634,46.41642343480216],[8.384716999578627,46.452158495577784],[8.46204259646922,46.43511963979768],[8.436606420275918,46.29590822168612],[8.465066075684822,46.2431396330729],[8.618370297743127,46.12417623173282],[8.713936000552462,46.09727199613999],[8.715897501865307,46.01300886897647],[8.579735885498685,45.90285191906874],[8.593810999638212,45.828224995652086],[8.563027770098504,45.771478444454736],[8.644228549246538,45.70870783087405],[8.706896500199225,45.558315995481095]]]]}},{"type":"Feature","properties":{"NUTS_ID":"ITC2","LEVL_CODE":2,"CNTR_CODE":"IT","NAME_LATN":"Valle d’Aosta/Vallée d’Aoste","NUTS_NAME":"Valle d’Aosta/Vallée d’Aoste","MOUNT_TYPE":0,"URBN_TYPE":null,"COAST_TYPE":0,"FID":"ITC2"},"geometry":{"type":"MultiPolygon","coordinates":[[[[7.864076500101564,45.91675049587079],[7.868506783522788,45.79579542684436],[7.936649000486713,45.7243404959186],[7.895811000498774,45.59002799534746],[7.710378585224751,45.551849044503335],[7.573221291132115,45.58579182480829],[7.480497825719589,45.575855167652726],[7.215736339591382,45.47560637241873],[7.133143104035852,45.50333247756972],[7.104722999375814,45.46845449577965],[7.008484355457455,45.50866054884592],[6.988360671319753,45.638628281842585],[6.840651231986555,45.69787701079944],[6.802368499932678,45.778561995377586],[6.82761524986901,45.828747130927184],[6.9703878940165,45.86236445693239],[7.0448859995451,45.922412995790474],[7.110989510795112,45.869908423475664],[7.186894254640558,45.86715529287071],[7.29524168836597,45.91493852166249],[7.396656083292905,45.9042989825243],[7.562174020082788,45.978373806572314],[7.864076500101564,45.91675049587079]]]]}},{"type":"Feature","properties":{"NUTS_ID":"DE11","LEVL_CODE":2,"CNTR_CODE":"DE","NAME_LATN":"Stuttgart","NUTS_NAME":"Stuttgart","MOUNT_TYPE":0,"URBN_TYPE":null,"COAST_TYPE":0,"FID":"DE11"},"geometry":{"type":"MultiPolygon","coordinates":[[[[9.648735999566519,49.791477496569776],[9.638112123353421,49.701768266422356],[9.813967420306577,49.70893799921711],[9.860672147257114,49.61470007866254],[9.839528623491496,49.56226966382021],[9.908252467019153,49.564286112438396],[9.922109163115348,49.50028585313422],[9.954927030444752,49.48228794614204],[10.018797009577982,49.490798465681834],[10.083723500104073,49.54356099714759],[10.118327500680168,49.47316949644362],[10.13415767757358,49.412232277728464],[10.111966499917111,49.38491049654346],[10.146120192810764,49.282656286982935],[10.135089644579226,49.21599993510763],[10.243651082442412,49.14465435071659],[10.230697944444167,49.09678665853655],[10.256763500376797,49.0594949969162],[10.41014979348414,48.97745602042205],[10.4537621097961,48.90437855772913],[10.423688999434383,48.744495996434416],[10.48725800030112,48.69666199649798],[10.362974868494565,48.66722265696222],[10.27234855634158,48.69197688094758],[10.310851243892735,48.54907171355516],[10.278248500053216,48.516101496657505],[10.230779500468905,48.510510996147794],[9.944071500565174,48.63175549696053],[9.685570765556527,48.528130404337844],[9.585174499572902,48.53674149689775],[9.582475500080326,48.53914699621811],[9.392507421496154,48.53642932318009],[9.151229499416127,48.60405549645868],[9.12917649951079,48.601266496929114],[8.958675402364799,48.58352050429522],[8.841562904074811,48.50724559224294],[8.768902500001346,48.52184099642655],[8.75884055732406,48.588158620540966],[8.856435478336463,48.70581388529971],[8.804181500307521,48.77777799618569],[8.883470413721302,48.80206339535011],[8.886031645330785,48.83979942291841],[8.92880049934921,48.86655699679077],[8.912957861091584,48.93046609034355],[8.936381561068623,48.955550380897435],[8.87603149980125,49.03516999660981],[8.877794499571243,49.058478496563346],[8.88212362058584,49.10718472207261],[8.831416773855912,49.14365753971282],[8.818233000329593,49.19449699645732],[8.877273462401666,49.18081660471564],[9.049126500284833,49.292862496522474],[9.127687130681139,49.27664505397322],[9.177232542934362,49.324120646540095],[9.249446328965954,49.3084890718448],[9.334212886977987,49.377424774630306],[9.443491500656588,49.36433699699756],[9.469436025554835,49.38820842547347],[9.568551218344721,49.380562115369734],[9.603822999971813,49.42657799700101],[9.514412215504315,49.463981913517344],[9.508588029612916,49.57841444842583],[9.534118456953687,49.630285487815115],[9.410920000118484,49.663507996501195],[9.404093237626729,49.71458960917079],[9.350118726651626,49.71553900855325],[9.32498188248144,49.76061734347043],[9.47149750009551,49.77972649687504],[9.648735999566519,49.791477496569776]]]]}},{"type":"Feature","properties":{"NUTS_ID":"DE12","LEVL_CODE":2,"CNTR_CODE":"DE","NAME_LATN":"Karlsruhe","NUTS_NAME":"Karlsruhe","MOUNT_TYPE":0,"URBN_TYPE":null,"COAST_TYPE":0,"FID":"DE12"},"geometry":{"type":"MultiPolygon","coordinates":[[[[9.603822999971813,49.42657799700101],[9.568551218344721,49.380562115369734],[9.469436025554835,49.38820842547347],[9.443491500656588,49.36433699699756],[9.334212886977987,49.377424774630306],[9.249446328965954,49.3084890718448],[9.177232542934362,49.324120646540095],[9.127687130681139,49.27664505397322],[9.049126500284833,49.292862496522474],[8.877273462401666,49.18081660471564],[8.818233000329593,49.19449699645732],[8.831416773855912,49.14365753971282],[8.88212362058584,49.10718472207261],[8.877794499571243,49.058478496563346],[8.87603149980125,49.03516999660981],[8.936381561068623,48.955550380897435],[8.912957861091584,48.93046609034355],[8.92880049934921,48.86655699679077],[8.886031645330785,48.83979942291841],[8.883470413721302,48.80206339535011],[8.804181500307521,48.77777799618569],[8.856435478336463,48.70581388529971],[8.75884055732406,48.588158620540966],[8.768902500001346,48.52184099642655],[8.755710500656914,48.504139996376],[8.814570887951815,48.465322282131844],[8.77405500048006,48.41627849630541],[8.737186500181531,48.37797699624755],[8.520110305263218,48.40176288805488],[8.452736701821438,48.30971598147631],[8.341970994967033,48.37908678081032],[8.303991999462914,48.34909449620052],[8.24432173120901,48.39777324501759],[8.264336120197616,48.47151539033855],[8.219047710421236,48.52404337108889],[8.222007000555289,48.603227496357995],[7.959630500158935,48.71858099632725],[8.089638395685785,48.80897065723132],[8.168887731716387,48.926626433880685],[8.232633000467123,48.9665714966733],[8.261283999840332,48.9809169965393],[8.277348999827959,48.989938996592485],[8.339969999659264,49.080149997004966],[8.413072500492914,49.24981649701474],[8.466985499675642,49.282975496287705],[8.487267999788518,49.29002649664361],[8.470915499981752,49.34071299713949],[8.497315999337133,49.411346996690774],[8.501525083197972,49.43485594220378],[8.472505499519844,49.443513496411526],[8.423068000667993,49.54182099668286],[8.422700499646737,49.57419249681018],[8.42243949944943,49.58338549697409],[8.581375000092661,49.51978049670028],[8.612031772891926,49.54906120753828],[8.60448886253256,49.60678864481016],[8.654988276531533,49.617749817116085],[8.724004619346172,49.530446407075694],[8.899572499726862,49.50365549652244],[8.899355000365608,49.48454999714859],[8.83863052325911,49.470662281809936],[8.819036213167042,49.404376588343844],[8.883384830483061,49.41548353660936],[8.931879999358214,49.470636997098126],[9.083275965406331,49.52582766838523],[9.122348743471779,49.51848679706051],[9.103006000531542,49.57745599670854],[9.224101761141858,49.580146951002504],[9.29593364968641,49.644942412212885],[9.410920000118484,49.663507996501195],[9.534118456953687,49.630285487815115],[9.508588029612916,49.57841444842583],[9.514412215504315,49.463981913517344],[9.603822999971813,49.42657799700101]]]]}},{"type":"Feature","properties":{"NUTS_ID":"DE13","LEVL_CODE":2,"CNTR_CODE":"DE","NAME_LATN":"Freiburg","NUTS_NAME":"Freiburg","MOUNT_TYPE":0,"URBN_TYPE":null,"COAST_TYPE":0,"FID":"DE13"},"geometry":{"type":"MultiPolygon","coordinates":[[[[8.303991999462914,48.34909449620052],[8.341970994967033,48.37908678081032],[8.452736701821438,48.30971598147631],[8.520110305263218,48.40176288805488],[8.737186500181531,48.37797699624755],[8.673880053428892,48.29490186566415],[8.751236999869977,48.159539995987856],[8.79952699003606,48.18041638257508],[8.890500068346142,48.11140771103033],[8.95376099957187,48.1072789967662],[8.983773620408767,48.07689273030221],[8.966647260387726,48.045855356653256],[9.012156621091775,48.00531417513258],[9.012045000142445,47.93692299592672],[9.135012240455204,47.89600352404246],[9.128581999723217,47.84681749621127],[9.044518908786173,47.799459281830664],[9.177101993430666,47.724346666596766],[9.206295917772351,47.677282876238884],[9.18219200004543,47.65589049589691],[9.035864551523046,47.683945513921394],[8.874888000299562,47.65466999632558],[8.814386704689442,47.72000781042125],[8.781523916109848,47.71253474763582],[8.79570849955404,47.6755954960822],[8.670461000415381,47.684862496209234],[8.663353999388345,47.6858924965457],[8.706728502103559,47.71025265702084],[8.705336294574856,47.73717933630678],[8.613831499490093,47.80107899595924],[8.510114999468025,47.776190496263325],[8.418418644609224,47.70026167929785],[8.424768915390134,47.67725556355185],[8.50282351563053,47.648959996037995],[8.60636949996576,47.66900549586458],[8.595602000640934,47.60554449640264],[8.562840999912513,47.59943249644827],[8.51854789979256,47.6256443241397],[8.426434499748613,47.56754899592886],[8.22046127089106,47.61682198336478],[8.038635464529351,47.553453354816185],[7.922758988420437,47.55493965226538],[7.89410749978897,47.58637499592662],[7.713784499986332,47.539404996054294],[7.634096999467765,47.56111349637268],[7.589038999372886,47.58987799601327],[7.520500788759857,47.678195042128856],[7.545990500026759,47.74357399610445],[7.538238328784174,47.79281692208882],[7.614385821223811,47.97575498365969],[7.574078592563305,48.04032720619581],[7.577290999350919,48.11565499644617],[7.577919500325343,48.12139199671378],[7.680712999933495,48.25726699677963],[7.736128404735586,48.335796924811994],[7.812587650441001,48.59900219382468],[7.943675804350713,48.70581388593443],[7.959630500158935,48.71858099632725],[8.222007000555289,48.603227496357995],[8.219047710421236,48.52404337108889],[8.264336120197616,48.47151539033855],[8.24432173120901,48.39777324501759],[8.303991999462914,48.34909449620052]]]]}},{"type":"Feature","properties":{"NUTS_ID":"DE14","LEVL_CODE":2,"CNTR_CODE":"DE","NAME_LATN":"Tübingen","NUTS_NAME":"Tübingen","MOUNT_TYPE":0,"URBN_TYPE":null,"COAST_TYPE":0,"FID":"DE14"},"geometry":{"type":"MultiPolygon","coordinates":[[[[9.944071500565174,48.63175549696053],[10.230779500468905,48.510510996147794],[10.133895500237202,48.45487149646346],[10.03269450062008,48.45719649605107],[9.997605999711547,48.35011799663682],[10.05784525754737,48.27957804126759],[10.095357500230376,48.16401499655567],[10.136457000199641,48.10845949631063],[10.114954499975509,47.976257496457485],[10.104206999954656,47.9743584962853],[10.09191191390967,47.955270628573345],[10.11013649961047,47.93714999643892],[10.10650238464232,47.8550305959776],[10.1319285001025,47.82008749597011],[10.091852326466839,47.785682337826984],[10.129958716707128,47.689729905302116],[10.07729250036996,47.639274496451215],[10.037184126514772,47.67869276203221],[9.954927029477158,47.65387437856973],[9.850834986423807,47.67162303988447],[9.692151499380213,47.61042349639434],[9.558720500163837,47.54189299619502],[9.495604000170335,47.551454996293586],[9.379430429613452,47.62392490091159],[9.18219200004543,47.65589049589691],[9.206295917772351,47.677282876238884],[9.177101993430666,47.724346666596766],[9.044518908786173,47.799459281830664],[9.128581999723217,47.84681749621127],[9.135012240455204,47.89600352404246],[9.012045000142445,47.93692299592672],[9.012156621091775,48.00531417513258],[8.966647260387726,48.045855356653256],[8.983773620408767,48.07689273030221],[8.95376099957187,48.1072789967662],[8.890500068346142,48.11140771103033],[8.79952699003606,48.18041638257508],[8.751236999869977,48.159539995987856],[8.673880053428892,48.29490186566415],[8.737186500181531,48.37797699624755],[8.77405500048006,48.41627849630541],[8.814570887951815,48.465322282131844],[8.755710500656914,48.504139996376],[8.768902500001346,48.52184099642655],[8.841562904074811,48.50724559224294],[8.958675402364799,48.58352050429522],[9.12917649951079,48.601266496929114],[9.151229499416127,48.60405549645868],[9.392507421496154,48.53642932318009],[9.582475500080326,48.53914699621811],[9.585174499572902,48.53674149689775],[9.685570765556527,48.528130404337844],[9.944071500565174,48.63175549696053]]]]}},{"type":"Feature","properties":{"NUTS_ID":"DE21","LEVL_CODE":2,"CNTR_CODE":"DE","NAME_LATN":"Oberbayern","NUTS_NAME":"Oberbayern","MOUNT_TYPE":0,"URBN_TYPE":null,"COAST_TYPE":0,"FID":"DE21"},"geometry":{"type":"MultiPolygon","coordinates":[[[[11.599306499332656,48.95149699681924],[11.725591089340746,48.90095628744874],[11.719434999714116,48.7823454963586],[11.656916437944,48.722659261252744],[11.706735000003928,48.61664649621141],[11.910186500479195,48.585231496503624],[11.955377873000717,48.56797684620495],[12.017122500307577,48.430675996244645],[12.157310122468582,48.4163695422845],[12.25055099979989,48.32194599615654],[12.400373823242887,48.3597676188831],[12.483790999372236,48.42967549612688],[12.543382495050656,48.41528410680064],[12.607291499442223,48.353631996345754],[12.815393469600943,48.31541546932545],[12.944684499884849,48.20669249615214],[12.87571514953036,48.197087478235424],[12.751555000235848,48.11281049637825],[12.860181500489656,47.996639996190154],[12.875785499358205,47.96260899631394],[12.938876511053996,47.93603867803059],[12.995371313319913,47.855415869125714],[12.91804057915868,47.722013755260974],[13.028043543947634,47.71398746330265],[13.083783831455554,47.668719113085864],[13.04605549965051,47.52050249631847],[13.008441669429182,47.47167627544506],[12.919026379534174,47.494770766896146],[12.803834829152116,47.559053075767096],[12.790165263392359,47.630667016312266],[12.695795500534766,47.68222299649298],[12.613971503237192,47.67110813265785],[12.575026499455886,47.63231599593421],[12.504721151888482,47.62962384715749],[12.429038881839936,47.689121057262724],[12.338045500047647,47.697087496114975],[12.264070949302024,47.68488994888258],[12.253354182812227,47.72412163444719],[12.228359740533191,47.72096348455541],[12.172223450661065,47.69503094181534],[12.194596871348027,47.61679463398835],[12.06066200056997,47.61874349592356],[11.828887024030678,47.5855569152014],[11.632883000320607,47.5924459962414],[11.558567293905416,47.51510524580081],[11.410218999838008,47.495323996020325],[11.395618792421942,47.472007212873955],[11.421427499780654,47.44485199644151],[11.332829426511346,47.444253298873605],[11.265056787621193,47.40417745936538],[11.208388900941697,47.43053319397763],[11.016500500491402,47.396367996313955],[10.991202499396692,47.39613099640226],[10.957793586193285,47.44935665034383],[10.884271285598196,47.48404445393269],[10.886199000385176,47.536847996416036],[10.884515213790928,47.57069117125582],[10.952785500554004,47.616265496466575],[10.896103232841844,47.66072295438726],[10.794799634832444,47.66509368508336],[10.784786729499507,47.69755906591597],[10.735715905909336,47.697342046614786],[10.767090499883983,47.84379349632314],[10.819353696107042,47.99372868332133],[10.778791888945317,48.05213978074232],[10.801531999723869,48.10417049654346],[10.795687522606888,48.14294675294135],[10.863073989789857,48.164640102503434],[10.903410999591207,48.23667649598835],[11.034510000097908,48.192991996313985],[11.057972304448347,48.26191999028098],[11.116768500555454,48.2684779959917],[11.192406780059546,48.418799337049926],[11.311675000014304,48.45227299684502],[11.295410999966709,48.47457399668654],[11.22760596288923,48.490363213494334],[11.13574026766939,48.59638175243256],[11.02298599941009,48.62017149671697],[10.983618933300445,48.7126257644106],[10.978433738998032,48.79066365269653],[11.005941499722576,48.82188299654334],[10.936839499666652,48.863275996562706],[11.049212481036474,48.89924600441424],[11.0706692930372,48.94691338990796],[11.143588452054937,48.973074427370946],[11.201364499834083,49.04655149704806],[11.325078983793833,49.00501247053607],[11.398236179202234,49.0320067479714],[11.38571400055275,49.078857996642476],[11.53012017068773,49.06528367009601],[11.599306499332656,48.95149699681924]]]]}},{"type":"Feature","properties":{"NUTS_ID":"DE22","LEVL_CODE":2,"CNTR_CODE":"DE","NAME_LATN":"Niederbayern","NUTS_NAME":"Niederbayern","MOUNT_TYPE":0,"URBN_TYPE":null,"COAST_TYPE":0,"FID":"DE22"},"geometry":{"type":"MultiPolygon","coordinates":[[[[13.416651500528827,48.98003549673543],[13.493184998710488,48.95057900149003],[13.551578500264194,48.967787496915975],[13.672850911550695,48.887603522472844],[13.7359616523189,48.87679567652681],[13.839507000571981,48.77160499685363],[13.796107000263762,48.71360049658865],[13.819366132511382,48.612929701559594],[13.727090500291764,48.5130194963931],[13.51336949938829,48.59097799652846],[13.438430499774903,48.54889499614264],[13.449865162295103,48.505255394735116],[13.401616937047462,48.37149167438283],[13.277131010625281,48.30240484710034],[13.177042999642984,48.29438999633536],[13.036918184291796,48.26126891984775],[12.944684499884849,48.20669249615214],[12.815393469600943,48.31541546932545],[12.607291499442223,48.353631996345754],[12.543382495050656,48.41528410680064],[12.483790999372236,48.42967549612688],[12.400373823242887,48.3597676188831],[12.25055099979989,48.32194599615654],[12.157310122468582,48.4163695422845],[12.017122500307577,48.430675996244645],[11.955377873000717,48.56797684620495],[11.910186500479195,48.585231496503624],[11.706735000003928,48.61664649621141],[11.656916437944,48.722659261252744],[11.719434999714116,48.7823454963586],[11.725591089340746,48.90095628744874],[11.599306499332656,48.95149699681924],[11.618387582374726,48.999421548638594],[11.659784999935624,49.01612949638278],[11.768918951874983,48.992996078934475],[11.859818828453179,49.01681838530581],[11.929062423977093,48.9582580124941],[12.06798314897089,48.941835605198584],[12.119113172225136,48.88278833860143],[12.097496000302868,48.77199199635548],[12.13527600042704,48.76591199631261],[12.246952232517707,48.83370760995345],[12.413720024643093,48.86948852317055],[12.479026499956488,49.031985996890384],[12.568733356125314,49.08866528454227],[12.768202999479268,49.114760996832864],[12.986494684386551,49.162364253453376],[13.125749676374747,49.11841534572497],[13.17090800029722,49.173579496240265],[13.19894133070396,49.13117373543551],[13.376297463604828,49.064817344371036],[13.416651500528827,48.98003549673543]]]]}},{"type":"Feature","properties":{"NUTS_ID":"DE23","LEVL_CODE":2,"CNTR_CODE":"DE","NAME_LATN":"Oberpfalz","NUTS_NAME":"Oberpfalz","MOUNT_TYPE":0,"URBN_TYPE":null,"COAST_TYPE":0,"FID":"DE23"},"geometry":{"type":"MultiPolygon","coordinates":[[[[13.17090800029722,49.173579496240265],[13.125749676374747,49.11841534572497],[12.986494684386551,49.162364253453376],[12.768202999479268,49.114760996832864],[12.568733356125314,49.08866528454227],[12.479026499956488,49.031985996890384],[12.413720024643093,48.86948852317055],[12.246952232517707,48.83370760995345],[12.13527600042704,48.76591199631261],[12.097496000302868,48.77199199635548],[12.119113172225136,48.88278833860143],[12.06798314897089,48.941835605198584],[11.929062423977093,48.9582580124941],[11.859818828453179,49.01681838530581],[11.768918951874983,48.992996078934475],[11.659784999935624,49.01612949638278],[11.618387582374726,48.999421548638594],[11.599306499332656,48.95149699681924],[11.53012017068773,49.06528367009601],[11.38571400055275,49.078857996642476],[11.2830000804573,49.191322336899304],[11.288662041816753,49.251303496263866],[11.206084649633778,49.288086526303196],[11.247175999586696,49.32535299656943],[11.344825594379897,49.31108419351017],[11.464194516107264,49.41534812663979],[11.557755000577599,49.41904199676044],[11.585637690488467,49.47121614672511],[11.549119048037433,49.54412314508124],[11.587432920184071,49.63176570454104],[11.558800867005692,49.6887224989018],[11.58330746100954,49.740529471893346],[11.630662499620714,49.760570997023606],[11.652245641419109,49.80189248186422],[11.85483549945309,49.84710899694698],[11.822570698303533,49.95334905546795],[11.903691499712298,49.97901999702951],[12.12939580131137,49.985752723985634],[12.260799000625427,50.058156496784186],[12.481502899048039,49.97545557361918],[12.492033474245703,49.93630236518416],[12.550988499544836,49.905087996637285],[12.463464773845386,49.78847472528095],[12.401523999695172,49.75837299663414],[12.515856142644617,49.679976715191614],[12.593778500485492,49.5421914968727],[12.635993462463723,49.5186506464338],[12.633763499897919,49.47619499661693],[12.791743080492827,49.349856105480136],[12.931869847612488,49.34403644589952],[13.010761711503557,49.30647046778653],[13.17090800029722,49.173579496240265]]]]}},{"type":"Feature","properties":{"NUTS_ID":"DE24","LEVL_CODE":2,"CNTR_CODE":"DE","NAME_LATN":"Oberfranken","NUTS_NAME":"Oberfranken","MOUNT_TYPE":0,"URBN_TYPE":null,"COAST_TYPE":0,"FID":"DE24"},"geometry":{"type":"MultiPolygon","coordinates":[[[[11.481568000454336,50.43162149674584],[11.525337741565593,50.383952983053966],[11.603290499904016,50.398765996708484],[11.837007241295675,50.39739529759064],[11.919323000098483,50.42472799724159],[12.021377830094995,50.33950257257848],[12.100900499369983,50.318027997241366],[12.127284336371845,50.28508982006193],[12.111386003064228,50.245520185832994],[12.160679000530399,50.21984899654851],[12.20444484888202,50.171321491690456],[12.206517644526196,50.11357643912455],[12.261259113234338,50.08299718471704],[12.260799000625427,50.058156496784186],[12.12939580131137,49.985752723985634],[11.903691499712298,49.97901999702951],[11.822570698303533,49.95334905546795],[11.85483549945309,49.84710899694698],[11.652245641419109,49.80189248186422],[11.630662499620714,49.760570997023606],[11.58330746100954,49.740529471893346],[11.558800867005692,49.6887224989018],[11.5453894314792,49.64703825788338],[11.436303160448357,49.62694932939261],[11.368693999569764,49.666707996573834],[11.280304500100359,49.60430149675823],[11.10005171380385,49.598108749079394],[11.035602365281388,49.67120840421451],[10.933635086152723,49.70988524206184],[10.927335499913378,49.76842999685448],[10.808551260641508,49.74621618694396],[10.717192147040906,49.78099235306673],[10.65441749984306,49.7211234963946],[10.551435999968907,49.755772496666175],[10.448964999829673,49.822176996969866],[10.457804095251014,49.86820714763242],[10.505248500429422,49.876681996801516],[10.672884029308568,49.89090833078256],[10.860116499512024,50.091785496643645],[10.8689985135958,50.1360505370881],[10.788173466582625,50.15012380768691],[10.729202000216436,50.230005496624194],[10.81267372023037,50.26465817156962],[10.73648028596663,50.32020254988833],[10.740279226259236,50.359291601858814],[10.945718499656328,50.386466496933885],[11.03728886652356,50.35151624917768],[11.1207002198041,50.35825632735676],[11.189942999843666,50.27118549710597],[11.250487706668384,50.290109425563614],[11.276817694641814,50.37124417889876],[11.265937999448838,50.47942099708276],[11.401218568340177,50.517577748934286],[11.430905396643162,50.44100975065032],[11.481568000454336,50.43162149674584]]]]}},{"type":"Feature","properties":{"NUTS_ID":"DE25","LEVL_CODE":2,"CNTR_CODE":"DE","NAME_LATN":"Mittelfranken","NUTS_NAME":"Mittelfranken","MOUNT_TYPE":0,"URBN_TYPE":null,"COAST_TYPE":0,"FID":"DE25"},"geometry":{"type":"MultiPolygon","coordinates":[[[[10.927335499913378,49.76842999685448],[10.933635086152723,49.70988524206184],[11.035602365281388,49.67120840421451],[11.10005171380385,49.598108749079394],[11.280304500100359,49.60430149675823],[11.368693999569764,49.666707996573834],[11.436303160448357,49.62694932939261],[11.5453894314792,49.64703825788338],[11.558800867005692,49.6887224989018],[11.587432920184071,49.63176570454104],[11.549119048037433,49.54412314508124],[11.585637690488467,49.47121614672511],[11.557755000577599,49.41904199676044],[11.464194516107264,49.41534812663979],[11.344825594379897,49.31108419351017],[11.247175999586696,49.32535299656943],[11.206084649633778,49.288086526303196],[11.288662041816753,49.251303496263866],[11.2830000804573,49.191322336899304],[11.38571400055275,49.078857996642476],[11.398236179202234,49.0320067479714],[11.325078983793833,49.00501247053607],[11.201364499834083,49.04655149704806],[11.143588452054937,48.973074427370946],[11.0706692930372,48.94691338990796],[11.049212481036474,48.89924600441424],[10.936839499666652,48.863275996562706],[10.856037912522742,48.886657208582236],[10.80260542368363,48.938517249837396],[10.688752578825557,48.91685111761915],[10.642254500170873,49.01663149707551],[10.572365343579444,49.03165000819858],[10.41014979348414,48.97745602042205],[10.256763500376797,49.0594949969162],[10.230697944444167,49.09678665853655],[10.243651082442412,49.14465435071659],[10.135089644579226,49.21599993510763],[10.146120192810764,49.282656286982935],[10.111966499917111,49.38491049654346],[10.13415767757358,49.412232277728464],[10.118327500680168,49.47316949644362],[10.083723500104073,49.54356099714759],[10.076787384722367,49.58742749164792],[10.110315999964056,49.62140849674235],[10.165421275036019,49.598301012368715],[10.22396492114485,49.62687331814715],[10.363272362690834,49.628114109041945],[10.382396829658179,49.71885776519103],[10.551435999968907,49.755772496666175],[10.65441749984306,49.7211234963946],[10.717192147040906,49.78099235306673],[10.808551260641508,49.74621618694396],[10.927335499913378,49.76842999685448]]]]}},{"type":"Feature","properties":{"NUTS_ID":"DE26","LEVL_CODE":2,"CNTR_CODE":"DE","NAME_LATN":"Unterfranken","NUTS_NAME":"Unterfranken","MOUNT_TYPE":0,"URBN_TYPE":null,"COAST_TYPE":0,"FID":"DE26"},"geometry":{"type":"MultiPolygon","coordinates":[[[[10.45053200001066,50.40185949659094],[10.590759513284114,50.329123501755404],[10.610114999777604,50.22799499729568],[10.729202000216436,50.230005496624194],[10.788173466582625,50.15012380768691],[10.8689985135958,50.1360505370881],[10.860116499512024,50.091785496643645],[10.672884029308568,49.89090833078256],[10.505248500429422,49.876681996801516],[10.457804095251014,49.86820714763242],[10.448964999829673,49.822176996969866],[10.551435999968907,49.755772496666175],[10.382396829658179,49.71885776519103],[10.363272362690834,49.628114109041945],[10.22396492114485,49.62687331814715],[10.165421275036019,49.598301012368715],[10.110315999964056,49.62140849674235],[10.076787384722367,49.58742749164792],[10.083723500104073,49.54356099714759],[10.018797009577982,49.490798465681834],[9.954927030444752,49.48228794614204],[9.922109163115348,49.50028585313422],[9.908252467019153,49.564286112438396],[9.839528623491496,49.56226966382021],[9.860672147257114,49.61470007866254],[9.813967420306577,49.70893799921711],[9.638112123353421,49.701768266422356],[9.648735999566519,49.791477496569776],[9.47149750009551,49.77972649687504],[9.32498188248144,49.76061734347043],[9.350118726651626,49.71553900855325],[9.404093237626729,49.71458960917079],[9.410920000118484,49.663507996501195],[9.29593364968641,49.644942412212885],[9.224101761141858,49.580146951002504],[9.103006000531542,49.57745599670854],[9.077172590508434,49.62027496837266],[9.140732696458606,49.73840782311201],[9.11961202578202,49.78828987468733],[9.036080499987012,49.846503996920774],[9.050079999692063,49.866314996937476],[9.016088500599292,49.991340497199985],[9.02897451746806,50.029399314501156],[8.978167627577061,50.047352900984045],[8.990559999641679,50.06711899688271],[9.032662878570838,50.111472337230246],[9.157239300425106,50.11524319761264],[9.224514551362336,50.145677147576635],[9.35942650215202,50.12902502795937],[9.40498449932023,50.087734497362426],[9.508541179636332,50.106364088286426],[9.50980888644577,50.233812580001455],[9.6231510003238,50.22903999697171],[9.732759780774522,50.30439349196239],[9.7329144999805,50.35614949676987],[9.774456601269094,50.42126650226598],[9.867531561537225,50.40222035195092],[9.935655000170815,50.41960649672079],[9.954927029780238,50.42368731204458],[10.041338500164786,50.51646949678495],[10.104726573702585,50.55549164474933],[10.203337041644707,50.54808584036742],[10.328591071365167,50.48858697042953],[10.399765213610246,50.40381535469624],[10.45053200001066,50.40185949659094]]]]}},{"type":"Feature","properties":{"NUTS_ID":"DE27","LEVL_CODE":2,"CNTR_CODE":"DE","NAME_LATN":"Schwaben","NUTS_NAME":"Schwaben","MOUNT_TYPE":0,"URBN_TYPE":null,"COAST_TYPE":0,"FID":"DE27"},"geometry":{"type":"MultiPolygon","coordinates":[[[[10.642254500170873,49.01663149707551],[10.688752578825557,48.91685111761915],[10.80260542368363,48.938517249837396],[10.856037912522742,48.886657208582236],[10.936839499666652,48.863275996562706],[11.005941499722576,48.82188299654334],[10.978433738998032,48.79066365269653],[10.983618933300445,48.7126257644106],[11.02298599941009,48.62017149671697],[11.13574026766939,48.59638175243256],[11.22760596288923,48.490363213494334],[11.295410999966709,48.47457399668654],[11.311675000014304,48.45227299684502],[11.192406780059546,48.418799337049926],[11.116768500555454,48.2684779959917],[11.057972304448347,48.26191999028098],[11.034510000097908,48.192991996313985],[10.903410999591207,48.23667649598835],[10.863073989789857,48.164640102503434],[10.795687522606888,48.14294675294135],[10.801531999723869,48.10417049654346],[10.778791888945317,48.05213978074232],[10.819353696107042,47.99372868332133],[10.767090499883983,47.84379349632314],[10.735715905909336,47.697342046614786],[10.784786729499507,47.69755906591597],[10.794799634832444,47.66509368508336],[10.896103232841844,47.66072295438726],[10.952785500554004,47.616265496466575],[10.884515213790928,47.57069117125582],[10.886199000385176,47.536847996416036],[10.787376051339416,47.51977664837254],[10.63704354435248,47.56468061141055],[10.553153963527674,47.537196308601054],[10.454439000130671,47.55579699617069],[10.440313057227232,47.50839383044424],[10.468308554804041,47.437006885534764],[10.383247837504754,47.354604600488685],[10.31008105678689,47.30181527445682],[10.178353000524032,47.27011399620052],[10.217505922653672,47.354604600523594],[10.197507220061429,47.38429651557573],[10.102068745029593,47.36659813848961],[10.084013781426172,47.447654615518154],[9.999525999601634,47.48301699645435],[9.96781349970122,47.54624049619986],[9.85961046174096,47.5394544635406],[9.793630400880367,47.58276907479467],[9.696501485171996,47.53135894742093],[9.558720500163837,47.54189299619502],[9.692151499380213,47.61042349639434],[9.850834986423807,47.67162303988447],[9.954927029477158,47.65387437856973],[10.037184126514772,47.67869276203221],[10.07729250036996,47.639274496451215],[10.129958716707128,47.689729905302116],[10.091852326466839,47.785682337826984],[10.1319285001025,47.82008749597011],[10.10650238464232,47.8550305959776],[10.11013649961047,47.93714999643892],[10.09191191390967,47.955270628573345],[10.104206999954656,47.9743584962853],[10.114954499975509,47.976257496457485],[10.136457000199641,48.10845949631063],[10.095357500230376,48.16401499655567],[10.05784525754737,48.27957804126759],[9.997605999711547,48.35011799663682],[10.03269450062008,48.45719649605107],[10.133895500237202,48.45487149646346],[10.230779500468905,48.510510996147794],[10.278248500053216,48.516101496657505],[10.310851243892735,48.54907171355516],[10.27234855634158,48.69197688094758],[10.362974868494565,48.66722265696222],[10.48725800030112,48.69666199649798],[10.423688999434383,48.744495996434416],[10.4537621097961,48.90437855772913],[10.41014979348414,48.97745602042205],[10.572365343579444,49.03165000819858],[10.642254500170873,49.01663149707551]]]]}},{"type":"Feature","properties":{"NUTS_ID":"ITC3","LEVL_CODE":2,"CNTR_CODE":"IT","NAME_LATN":"Liguria","NUTS_NAME":"Liguria","MOUNT_TYPE":0,"URBN_TYPE":null,"COAST_TYPE":0,"FID":"ITC3"},"geometry":{"type":"MultiPolygon","coordinates":[[[[9.202995499692234,44.61347649524578],[9.4933630002479,44.55585899536044],[9.497638910369828,44.500195999570444],[9.451202040890399,44.429001095743125],[9.479059499980346,44.40924049528053],[9.603456470329801,44.43126869630526],[9.686725500574003,44.365921995485365],[9.954927030405447,44.165477330950196],[10.059082171416593,44.0974049386429],[10.018769500177097,44.04453599506562],[9.954927030451762,44.043686839373386],[9.853296480374944,44.10252600289781],[9.82806241504128,44.093108424957755],[9.842999000513727,44.055646520255614],[9.820036953610161,44.05702210394624],[9.511344000493462,44.21667549531486],[9.278982951030851,44.33085008578918],[9.186239958489281,44.31052210242399],[9.060342800659058,44.37886760327121],[8.759225980721164,44.42318273185372],[8.633010000148309,44.37980349529962],[8.473340985242155,44.302204092003585],[8.400134149068553,44.186797636904664],[8.266379990743678,44.1314520438168],[8.135350999963322,43.93894049451717],[7.95575363917418,43.85129274374603],[7.668926220509632,43.781504461428604],[7.529827000206691,43.78400799445327],[7.508400185283415,43.86914072652219],[7.714236499759504,44.061513494527595],[7.759197522445191,44.13445361671377],[8.01562950044905,44.110676494988105],[7.99474803396981,44.142938555849014],[8.086805185282389,44.17415378968146],[8.07407471175605,44.30075536865776],[8.208507716274717,44.41426152578207],[8.208160224835952,44.47614021591893],[8.252819500364462,44.528740495518676],[8.261596000132808,44.519424495475135],[8.366063077205718,44.47251938786402],[8.415119308795582,44.502467072352275],[8.576182000092658,44.5092059949937],[8.652803694528068,44.58427909043997],[8.715317382895515,44.57517923684518],[8.785224066932171,44.50727148671317],[8.836653272863886,44.55594302479322],[8.909046793358412,44.567346212069],[8.894337913782802,44.63597697648286],[8.91494833226791,44.65539718178643],[8.926630651483885,44.67161065300021],[8.949446536439247,44.674745581744865],[9.023402797372892,44.655397182612106],[9.130017822891544,44.58056142199465],[9.202995499692234,44.61347649524578]]]]}},{"type":"Feature","properties":{"NUTS_ID":"FRC2","LEVL_CODE":2,"CNTR_CODE":"FR","NAME_LATN":"Franche-Comté","NUTS_NAME":"Franche-Comté","MOUNT_TYPE":0,"URBN_TYPE":null,"COAST_TYPE":0,"FID":"FRC2"},"geometry":{"type":"MultiPolygon","coordinates":[[[[6.823533499855515,47.81305099665357],[6.846175500135773,47.82294249584426],[7.023375213755398,47.72370650647395],[7.01694149635978,47.60629795732737],[7.083915932810402,47.577562521331465],[7.130353000440072,47.50304049595559],[7.023916084089598,47.504141539516944],[6.939185999472231,47.43370449615888],[6.915109423719829,47.36797736900166],[7.016158894207454,47.333746788064396],[6.858913999663184,47.16529449570165],[6.637377385020128,47.00693244505855],[6.458717245509217,46.94664565895012],[6.460010999395068,46.85155149579027],[6.435801031531621,46.7670531980371],[6.138954721862921,46.594303769312944],[6.138106000549967,46.5576669956498],[6.064002999793317,46.41622899600064],[5.86613486922662,46.268468725099105],[5.738173357255021,46.2661005046524],[5.647140918463995,46.32668990097509],[5.49079656855175,46.266989696397886],[5.31207972136993,46.41218204552558],[5.310563500317244,46.44676999580717],[5.413715162264355,46.486699865443704],[5.362305613585912,46.55340605568465],[5.429392988774815,46.637647731937015],[5.344732219810584,46.8015642022068],[5.434729510325667,46.845517451709995],[5.267612243788607,46.936372076231294],[5.255232500610954,46.979887495769624],[5.303666496533904,47.054093727162616],[5.38185335666121,47.086722801862074],[5.43847911137521,47.149228159679105],[5.518537499923643,47.30418399591203],[5.489851237283456,47.35460459977369],[5.397027865483079,47.479310301640986],[5.48369213332933,47.53375132621744],[5.481172213786577,47.591230802945645],[5.438641091633599,47.62334892690891],[5.374080000601309,47.60453799667988],[5.421354188805982,47.67139661613626],[5.679378385208435,47.68806383987339],[5.696977829947188,47.811147703402746],[5.818146898205409,47.857847191125586],[5.884723499582964,47.926046496287285],[5.931148704245839,47.96488804158067],[5.996482347953161,47.96194993943705],[6.127905270656029,48.01872464896359],[6.193966696598461,47.94601360818292],[6.381163344326753,47.95705648240517],[6.484378850329334,47.89197595260834],[6.60587752664592,47.93645945040781],[6.823533499855515,47.81305099665357]]]]}},{"type":"Feature","properties":{"NUTS_ID":"FRF1","LEVL_CODE":2,"CNTR_CODE":"FR","NAME_LATN":"Alsace","NUTS_NAME":"Alsace","MOUNT_TYPE":0,"URBN_TYPE":null,"COAST_TYPE":0,"FID":"FRF1"},"geometry":{"type":"MultiPolygon","coordinates":[[[[7.635650999987216,49.05395049670876],[7.910654499368293,49.045163496636405],[8.068407499711524,48.99931649676465],[8.232633000467123,48.9665714966733],[8.168887731716387,48.926626433880685],[8.089638395685785,48.80897065723132],[7.959630500158935,48.71858099632725],[7.943675804350713,48.70581388593443],[7.812587650441001,48.59900219382468],[7.736128404735586,48.335796924811994],[7.680712999933495,48.25726699677963],[7.577919500325343,48.12139199671378],[7.577290999350919,48.11565499644617],[7.574078592563305,48.04032720619581],[7.614385821223811,47.97575498365969],[7.538238328784174,47.79281692208882],[7.545990500026759,47.74357399610445],[7.520500788759857,47.678195042128856],[7.589038999372886,47.58987799601327],[7.55515950050789,47.56456399658146],[7.510905499361884,47.50258249620393],[7.445018999342877,47.46172349644641],[7.421139499394005,47.44638799601829],[7.380894000262369,47.431892495792354],[7.352753930630606,47.434413266812385],[7.337402778506291,47.440884001485536],[7.326465999492295,47.439853496497896],[7.190700043614331,47.44275294752805],[7.130353000440072,47.50304049595559],[7.083915932810402,47.577562521331465],[7.01694149635978,47.60629795732737],[7.023375213755398,47.72370650647395],[6.846175500135773,47.82294249584426],[6.890657447000544,47.848118674554904],[6.945108699532653,47.98472382391416],[7.198287000443311,48.310471496787265],[7.088540393798231,48.35261787540156],[7.111422138452029,48.47609667849323],[7.087842728130985,48.51004070807887],[7.079356000106462,48.53641849606323],[7.167989678509237,48.53163280711371],[7.234320372700632,48.568355483145815],[7.281155735501033,48.64137550213819],[7.265513040326299,48.70581388578388],[7.301635862530492,48.761947827108536],[7.262623099938422,48.81379368401464],[7.162231034461798,48.839282979924384],[7.076219987592342,48.7982713968753],[7.023916084287621,48.88085887259584],[6.960147222729205,48.907104383827665],[6.984159627291237,48.94825414441663],[7.02391608442212,48.95650808019727],[7.094963068320279,49.0586568264561],[7.136267503153837,49.00973454755045],[7.328241773789599,48.949410612501744],[7.456348512807134,48.96205486828987],[7.538714327556164,48.9405609250184],[7.635650999987216,49.05395049670876]]]]}},{"type":"Feature","properties":{"NUTS_ID":"ITH1","LEVL_CODE":2,"CNTR_CODE":"IT","NAME_LATN":"Provincia Autonoma di Bolzano/Bozen","NUTS_NAME":"Provincia Autonoma di Bolzano/Bozen","MOUNT_TYPE":0,"URBN_TYPE":null,"COAST_TYPE":0,"FID":"ITH1"},"geometry":{"type":"MultiPolygon","coordinates":[[[[12.24074549993918,47.06916849594505],[12.131899415880419,47.008650895240265],[12.156360847349687,46.91634917901892],[12.274947734660932,46.874102030213336],[12.292664569216091,46.789162187399356],[12.477923999922096,46.679835495586026],[12.38149744341843,46.62873342385205],[12.211833593947992,46.61368798286649],[12.07797488330757,46.66579887597702],[12.00530882665475,46.54480477103258],[11.828336499839068,46.508914496279864],[11.659268781403778,46.4958463384435],[11.552267705147806,46.358780517249755],[11.477538107812013,46.3565384022548],[11.399400903485084,46.31466542076509],[11.38217101988641,46.26860350435561],[11.319492947762686,46.28349213692872],[11.215804501527192,46.22485999156011],[11.161736526419546,46.28510335143672],[11.209097906970635,46.39943602363433],[11.187646705825518,46.49878703752619],[11.120860011619822,46.489272484237404],[11.071034163422357,46.520195516987194],[11.060847196615148,46.447797978584255],[10.98005293737962,46.479338422900845],[10.8729375132921,46.438812994053855],[10.760421530617096,46.47801501366013],[10.622145499464736,46.448101996158954],[10.452800999719008,46.53068299612586],[10.478751576584388,46.61244413727508],[10.390021409955533,46.67876694265212],[10.469651500058607,46.854908995539844],[10.665225069591466,46.86903183119498],[10.811610392355961,46.78205977482063],[11.005898161706146,46.76884963150982],[11.164281500396704,46.96572249578266],[11.328351776051118,46.99024986717153],[11.411250505651495,46.970526564623356],[11.481630308111965,47.00312307900739],[11.546301825519322,46.98942226017199],[11.627199499572457,47.01329899603315],[11.750811376364329,46.97572641077002],[12.13601399939827,47.080667495675975],[12.24074549993918,47.06916849594505]]]]}},{"type":"Feature","properties":{"NUTS_ID":"ITH2","LEVL_CODE":2,"CNTR_CODE":"IT","NAME_LATN":"Provincia Autonoma di Trento","NUTS_NAME":"Provincia Autonoma di Trento","MOUNT_TYPE":0,"URBN_TYPE":null,"COAST_TYPE":0,"FID":"ITH2"},"geometry":{"type":"MultiPolygon","coordinates":[[[[11.828336499839068,46.508914496279864],[11.824838612695299,46.48301073518624],[11.878334857121487,46.44805889614356],[11.787416466415179,46.35591559124325],[11.84231816479127,46.280745583576966],[11.916066333956296,46.24864594874607],[11.952101888168222,46.182060450358],[11.878951353138836,46.11919458374291],[11.699412548708315,46.092471541646916],[11.672971666476627,46.02089594305111],[11.684318499487336,45.9840779959051],[11.618032354923256,45.96437596129721],[11.514511790727761,46.00754600648048],[11.384604201324274,45.97826646834909],[11.345357822451072,45.92057254284169],[11.267139326382937,45.912760279368506],[11.138337500318912,45.69708849549874],[11.042157524670094,45.71299552140309],[10.940838172301824,45.68376865522268],[10.86348224987324,45.71541832865261],[10.881742206505967,45.80072044631121],[10.840176500408758,45.832758495488726],[10.694074873648502,45.8373788862401],[10.545254457420539,45.79219997579786],[10.500197503052084,45.854740481596586],[10.471512756929217,46.020895942740324],[10.547124415880129,46.121557770404785],[10.576652923482976,46.24416179721043],[10.568243381381592,46.31338688616952],[10.51575149958272,46.34322449601886],[10.61797784425808,46.393486494538166],[10.622145499464736,46.448101996158954],[10.760421530617096,46.47801501366013],[10.8729375132921,46.438812994053855],[10.98005293737962,46.479338422900845],[11.060847196615148,46.447797978584255],[11.071034163422357,46.520195516987194],[11.120860011619822,46.489272484237404],[11.187646705825518,46.49878703752619],[11.209097906970635,46.39943602363433],[11.161736526419546,46.28510335143672],[11.215804501527192,46.22485999156011],[11.319492947762686,46.28349213692872],[11.38217101988641,46.26860350435561],[11.399400903485084,46.31466542076509],[11.477538107812013,46.3565384022548],[11.552267705147806,46.358780517249755],[11.659268781403778,46.4958463384435],[11.828336499839068,46.508914496279864]]]]}},{"type":"Feature","properties":{"NUTS_ID":"FRK2","LEVL_CODE":2,"CNTR_CODE":"FR","NAME_LATN":"Rhône-Alpes","NUTS_NAME":"Rhône-Alpes","MOUNT_TYPE":0,"URBN_TYPE":null,"COAST_TYPE":0,"FID":"FRK2"},"geometry":{"type":"MultiPolygon","coordinates":[[[[5.310563500317244,46.44676999580717],[5.31207972136993,46.41218204552558],[5.49079656855175,46.266989696397886],[5.647140918463995,46.32668990097509],[5.738173357255021,46.2661005046524],[5.86613486922662,46.268468725099105],[6.064002999793317,46.41622899600064],[6.15624695303052,46.3709387936549],[6.125608000370021,46.31722999589284],[6.111630022129685,46.25402421369191],[5.98218935089407,46.20670226990935],[5.956067000084031,46.13209549607383],[6.144432959889858,46.14734074606733],[6.281626954753643,46.22400699751976],[6.291190700774552,46.250985703507816],[6.219547000207986,46.31187799577931],[6.317522785611627,46.393948555151994],[6.521952522143846,46.45384075868073],[6.821063999669152,46.42715449605594],[6.781493598451941,46.34892286387947],[6.853889787784714,46.27449908110535],[6.800789207465735,46.15554146539945],[6.889226997997008,46.118519596118205],[6.884692113630459,46.05451902802208],[6.950325566023051,46.04662608946756],[7.0448859995451,45.922412995790474],[6.9703878940165,45.86236445693239],[6.82761524986901,45.828747130927184],[6.802368499932678,45.778561995377586],[6.840651231986555,45.69787701079944],[6.988360671319753,45.638628281842585],[7.008484355457455,45.50866054884592],[7.104722999375814,45.46845449577965],[7.175226877965755,45.39721768519992],[7.120138286291593,45.326655455463616],[7.114111213034462,45.240827010797226],[6.977714383069745,45.20762606910602],[6.870019488827414,45.13433339116863],[6.770302520623891,45.152528921135215],[6.630050999465158,45.1098564952331],[6.50882236259437,45.104250607055924],[6.441337202572524,45.05876311738047],[6.260570000624225,45.12684399552976],[6.2115058585573,45.02033291606471],[6.318072893901302,44.98863399400322],[6.355125526362721,44.92735001136989],[6.345896399916647,44.86030347386918],[6.13280518382897,44.85794144266393],[6.017841062327672,44.82870257762485],[5.932697758780074,44.759263143355625],[5.831763259641369,44.752121081412476],[5.80146999986131,44.706777494842704],[5.785232473893059,44.65830985329076],[5.64579518654311,44.62915284442554],[5.615348302435653,44.56103193638995],[5.622190230444263,44.491478993314075],[5.487070182526911,44.481786082426126],[5.438674443234339,44.41176192950851],[5.482056852541291,44.353379836889275],[5.625368215921478,44.3062256737467],[5.667521927659582,44.257637431790286],[5.676036000429387,44.19142849470794],[5.649662284202281,44.15901004475478],[5.589731635721449,44.18473149441735],[5.498786499847812,44.11571649501773],[5.392240530247144,44.16048627474198],[5.362502888188712,44.20799811375974],[5.171051805402657,44.2264479357793],[5.149128023390004,44.29167902930118],[5.002456178499517,44.295098886967224],[5.04240344041708,44.37728691945301],[4.973281177608038,44.42305055979867],[4.922135659201532,44.40551338623152],[4.888445324355992,44.35264572437079],[4.898318131616576,44.30874010817783],[4.966793832632317,44.29108841580603],[4.938114181523588,44.26676264250238],[4.830490988268261,44.238243093639944],[4.782495120511972,44.313912125794126],[4.650610999620364,44.329802994962186],[4.649227500026662,44.27035999502072],[4.502153878578552,44.33314641866711],[4.429279657444504,44.299533624279015],[4.342095735764522,44.33547877412368],[4.250474644485982,44.279442923726165],[4.05703754308203,44.33169482485582],[4.056961536262772,44.40894390750178],[3.998161499559739,44.4597984951725],[3.890694218186321,44.65539718213054],[3.862530999774253,44.743865994830934],[3.952901336097568,44.82052063139376],[4.067233844576585,44.86827330909515],[4.154573176885004,44.878963991940964],[4.232836987369981,44.95948192338012],[4.299490824487195,44.97470461571064],[4.309702783595958,45.021501177336525],[4.36638479752861,45.0397377286506],[4.389110969121586,45.13662353351922],[4.458663097698549,45.16105358237477],[4.483131999758702,45.236445495026175],[4.371304634357666,45.272429625839976],[4.355941319504641,45.34583098859071],[4.326383569676987,45.364624732169595],[4.172276112592409,45.385782431066865],[4.067233844528523,45.337028056731974],[3.972118595297219,45.37016797804604],[3.897408500468484,45.3570799958818],[3.899291045005477,45.400658375265635],[3.962906665664765,45.444446987097436],[3.97634299103583,45.487862999303005],[3.942921643018042,45.56413387130712],[3.818499470401246,45.64144376787192],[3.714865515102198,45.786319629295605],[3.744305344192174,45.88879519748261],[3.694014999428787,45.9307279959846],[3.713635778395389,45.96551128808539],[3.817178053313929,45.99747559911256],[3.78085724560496,46.234926329901256],[3.899538500411515,46.27590799605873],[3.9048041123243,46.21533288938856],[4.006437728825137,46.17122455208256],[4.067233844567902,46.18733338075815],[4.279824580115005,46.167765498052816],[4.388074499990166,46.21979049544293],[4.42238322592276,46.29743968334931],[4.517176786625833,46.27171178654603],[4.67534356041947,46.30084480689484],[4.733605139630876,46.1871384863928],[4.780208500441073,46.17667599608299],[4.942046613940843,46.5091572007142],[5.069722325682359,46.487676578511426],[5.176491367608487,46.51218233110794],[5.236654117581907,46.46036675045105],[5.310563500317244,46.44676999580717]]]]}},{"type":"Feature","properties":{"NUTS_ID":"FRL0","LEVL_CODE":2,"CNTR_CODE":"FR","NAME_LATN":"Provence-Alpes-Côte d’Azur","NUTS_NAME":"Provence-Alpes-Côte d’Azur","MOUNT_TYPE":0,"URBN_TYPE":null,"COAST_TYPE":0,"FID":"FRL0"},"geometry":{"type":"MultiPolygon","coordinates":[[[[6.260570000624225,45.12684399552976],[6.441337202572524,45.05876311738047],[6.50882236259437,45.104250607055924],[6.630050999465158,45.1098564952331],[6.678659110741525,45.027140896006586],[6.738896608469137,45.00535505197104],[6.761116504683933,44.904799535647314],[6.866292674474781,44.85262456589898],[7.001927915460664,44.83819628164475],[7.028333594304854,44.744759833603986],[7.065754999766034,44.71346449506679],[7.064244062576493,44.685974444001474],[6.993380020569451,44.685782042265835],[6.949250412002222,44.655397182332564],[6.934831888292623,44.58586741756029],[6.862557460623611,44.528698500176105],[6.923504981818579,44.43815808725672],[6.887427999785777,44.36128699493257],[7.024972616442866,44.23277745296495],[7.372749063450839,44.12192881737181],[7.664871659519656,44.173881551562225],[7.714236499759504,44.061513494527595],[7.508400185283415,43.86914072652219],[7.529827000206691,43.78400799445327],[7.439249000208951,43.74901949443701],[7.437357999713769,43.75163249506251],[7.413382999727249,43.7345769947232],[7.412828000184223,43.73171249500804],[7.410282962226079,43.72934965346801],[7.41569699957423,43.72591049462466],[7.162409131310818,43.64986620758465],[7.111763626481178,43.5736402504194],[7.079280760543438,43.563972030938125],[7.052112873385791,43.49755901109344],[6.986666011556299,43.53585933814776],[6.931325500048966,43.480257994384026],[6.84380645645961,43.41903247529521],[6.747777705530468,43.40279882151658],[6.62698943052884,43.30146291742551],[6.666301337383342,43.24987121461151],[6.619616302555052,43.182505504559224],[6.445237162935227,43.15146663534727],[6.426707549508252,43.14816842918949],[6.338359730674695,43.10366417812325],[6.220420285533472,43.10525494652392],[6.141250492375586,43.06102517193665],[5.98649842311681,43.096363605851224],[5.842640641839603,43.07011091372499],[5.715372044456436,43.15146663564536],[5.671879500150771,43.179268994775285],[5.593321674279017,43.16829085749693],[5.532116353398844,43.20436037145996],[5.36158932580534,43.21478157464048],[5.351464130012257,43.27978918671126],[5.350972202419234,43.30146291731168],[5.350475325383206,43.32335482130644],[5.317151196063531,43.35092577990429],[5.061803683319321,43.327904689001365],[4.942693671567659,43.427373756792235],[4.866388153669347,43.40545843995352],[4.869172081751667,43.35118668680408],[4.82820663755119,43.33460123350989],[4.599763642300141,43.35841693461274],[4.573080462580397,43.38117767892737],[4.580099001836988,43.41794796905815],[4.533578854060704,43.448177792053876],[4.230280500111703,43.46018349442957],[4.256276377181583,43.50184906540132],[4.389279336330111,43.56397203055441],[4.454028596289208,43.5942150865294],[4.43907765520277,43.63472617190679],[4.490392159357589,43.69502745966726],[4.615677478658958,43.69330345023796],[4.648483462443354,43.861078044904545],[4.739059499512019,43.924061994463955],[4.835461393817208,44.00716959533303],[4.719593975032544,44.09130149528248],[4.713591111898886,44.19558082756757],[4.649227500026662,44.27035999502072],[4.650610999620364,44.329802994962186],[4.782495120511972,44.313912125794126],[4.830490988268261,44.238243093639944],[4.938114181523588,44.26676264250238],[4.966793832632317,44.29108841580603],[4.898318131616576,44.30874010817783],[4.888445324355992,44.35264572437079],[4.922135659201532,44.40551338623152],[4.973281177608038,44.42305055979867],[5.04240344041708,44.37728691945301],[5.002456178499517,44.295098886967224],[5.149128023390004,44.29167902930118],[5.171051805402657,44.2264479357793],[5.362502888188712,44.20799811375974],[5.392240530247144,44.16048627474198],[5.498786499847812,44.11571649501773],[5.589731635721449,44.18473149441735],[5.649662284202281,44.15901004475478],[5.676036000429387,44.19142849470794],[5.667521927659582,44.257637431790286],[5.625368215921478,44.3062256737467],[5.482056852541291,44.353379836889275],[5.438674443234339,44.41176192950851],[5.487070182526911,44.481786082426126],[5.622190230444263,44.491478993314075],[5.615348302435653,44.56103193638995],[5.64579518654311,44.62915284442554],[5.785232473893059,44.65830985329076],[5.80146999986131,44.706777494842704],[5.831763259641369,44.752121081412476],[5.932697758780074,44.759263143355625],[6.017841062327672,44.82870257762485],[6.13280518382897,44.85794144266393],[6.345896399916647,44.86030347386918],[6.355125526362721,44.92735001136989],[6.318072893901302,44.98863399400322],[6.2115058585573,45.02033291606471],[6.260570000624225,45.12684399552976]]],[[[6.417996287202744,42.982577617431005],[6.379448474158654,42.98085744837264],[6.36923413838421,43.00560383285447],[6.383371445258771,43.02799619675742],[6.424709009519488,43.02130852837041],[6.417996287202744,42.982577617431005]]],[[[6.251330309006907,43.016315164644794],[6.244702374049452,42.974583033338114],[6.192225450319463,42.997791939178455],[6.219364174629945,43.03490813442012],[6.251330309006907,43.016315164644794]]]]}},{"type":"Feature","properties":{"NUTS_ID":"ITC4","LEVL_CODE":2,"CNTR_CODE":"IT","NAME_LATN":"Lombardia","NUTS_NAME":"Lombardia","MOUNT_TYPE":0,"URBN_TYPE":null,"COAST_TYPE":0,"FID":"ITC4"},"geometry":{"type":"MultiPolygon","coordinates":[[[[10.840176500408758,45.832758495488726],[10.635601300447815,45.608058776699046],[10.654655500594206,45.41582699504189],[10.705083056963693,45.41190859475918],[10.704962195067303,45.33754261771954],[10.734589922952821,45.30227947006574],[10.792891978896494,45.30571990426614],[10.927265770526413,45.23218173482589],[11.055140000392706,45.10995180977248],[11.20550250042848,45.10948749536372],[11.18971919638988,45.05979172619178],[11.426765499474357,44.95007599502269],[11.246231500499526,44.9514279954397],[11.006958400446663,44.95168610236839],[10.887909500262953,44.91426599522802],[10.728977870579742,44.97690682109812],[10.588912134128146,44.91546916637646],[10.504344000474404,44.92241799552467],[10.464030500535017,44.93717149564693],[10.199115946137919,45.032462231274174],[10.083502999741235,45.04395849495059],[10.04244018623031,45.055449547364866],[9.998808322534087,45.11970415271573],[9.954927030159297,45.118880026030716],[9.891101499580703,45.13089799570545],[9.87975301017193,45.083906468209975],[9.821714105577053,45.072014319372435],[9.756199633575665,45.10217313874467],[9.710238715494818,45.06463170911793],[9.548684500294808,45.13264849516906],[9.538317569073003,45.08928760171464],[9.444540215636916,45.08949243453025],[9.380095422608095,45.05262533456694],[9.288480220604306,44.90301031266008],[9.35400670712943,44.83627316638587],[9.297181941970205,44.76643927714702],[9.320350964218333,44.72599560208061],[9.280877679630638,44.689952525351806],[9.200073999562013,44.68609949489505],[9.202125273224773,44.75365932917572],[9.147760719376517,44.805510039353535],[9.072410919931606,44.82589064621024],[8.891881649026866,45.04194275348312],[8.65978802040593,45.026827504192624],[8.604175753419469,45.12764481113436],[8.547797499398614,45.16814749495395],[8.51355999959413,45.31327849544143],[8.603299035546359,45.35437904886156],[8.692126399388501,45.29874470671058],[8.753424345727849,45.376210252523684],[8.842915500538917,45.393840995835504],[8.706896500199225,45.558315995481095],[8.644228549246538,45.70870783087405],[8.563027770098504,45.771478444454736],[8.593810999638212,45.828224995652086],[8.579735885498685,45.90285191906874],[8.715897501865307,46.01300886897647],[8.713936000552462,46.09727199613999],[8.745396436594122,46.112187247959604],[8.839013236943764,46.072378042544486],[8.79513793790718,45.997646887451175],[8.887485052628765,45.95362864444602],[8.93467365358296,45.87199093188562],[8.912146999666529,45.83044499526482],[9.040230396403475,45.84071295180164],[9.075465665466622,45.89600153801038],[9.009066710192393,45.95242640765528],[9.01671954877885,46.03663474636785],[9.159377500406464,46.16960099558937],[9.248531499771087,46.2337679960788],[9.292069154630576,46.3299838293857],[9.259291545357474,46.44642545657374],[9.302283435594507,46.49681525358089],[9.411743124415988,46.47643861648899],[9.456001204295896,46.495584235820054],[9.467741405523816,46.38015065908094],[9.538317081509538,46.31503157841242],[9.617288045435679,46.2921089147674],[9.954927029415972,46.378551559625365],[10.05468254587336,46.23615896211143],[10.141731957235727,46.23474811175198],[10.166604936970675,46.26721652708398],[10.114377087635114,46.346617234016584],[10.156059193799363,46.40868778688332],[10.045830134784822,46.46002423080092],[10.055722397246043,46.52885712671657],[10.106377838547761,46.60161923609908],[10.231700882493426,46.62825187304938],[10.306025283588719,46.55151655101178],[10.452800999719008,46.53068299612586],[10.622145499464736,46.448101996158954],[10.61797784425808,46.393486494538166],[10.51575149958272,46.34322449601886],[10.568243381381592,46.31338688616952],[10.576652923482976,46.24416179721043],[10.547124415880129,46.121557770404785],[10.471512756929217,46.020895942740324],[10.500197503052084,45.854740481596586],[10.545254457420539,45.79219997579786],[10.694074873648502,45.8373788862401],[10.840176500408758,45.832758495488726]]]]}},{"type":"Feature","properties":{"NUTS_ID":"ITH3","LEVL_CODE":2,"CNTR_CODE":"IT","NAME_LATN":"Veneto","NUTS_NAME":"Veneto","MOUNT_TYPE":0,"URBN_TYPE":null,"COAST_TYPE":0,"FID":"ITH3"},"geometry":{"type":"MultiPolygon","coordinates":[[[[12.731392999857215,46.63428799549397],[12.724142524311803,46.54856008083177],[12.647219221430454,46.516450995726096],[12.625654047922895,46.470942623758084],[12.528694117548516,46.452716613094246],[12.498702999490899,46.41222249557773],[12.330894014562489,46.26893827305004],[12.486378883087083,46.14961789028419],[12.479020509197904,46.10931186914755],[12.400534499980353,46.04199649607091],[12.414943687783907,46.020895942709316],[12.433049928468376,45.95718544356548],[12.507400486410056,45.91567446069777],[12.557855725679904,45.840550505574676],[12.661673000104361,45.79244099534769],[12.771288783420413,45.84411455487047],[12.808355206733506,45.821256899224224],[12.850781816010194,45.843666994658825],[12.91618597251328,45.82005696825907],[12.979058000088365,45.834048995866844],[12.985903919525663,45.78404814588673],[13.098785500225578,45.64453299565319],[12.80835520682892,45.56499279716698],[12.598261453502063,45.48619212806453],[12.58138497056052,45.49789846326515],[12.620422288191628,45.532719198953245],[12.567521753210132,45.56016270689118],[12.403982735972566,45.53393854810917],[12.182436888303128,45.40105456418349],[12.132561999625622,45.30037049531453],[12.140029539363292,45.26818613328735],[12.200494000435661,45.25733699572517],[12.225754055060154,45.20783070399366],[12.294044893899104,45.21693518866299],[12.330571999562274,45.16055049529706],[12.280991689514128,45.09280370135952],[12.321721528372814,45.00770653212056],[12.422487243475977,45.00969830653473],[12.48248327063498,44.954437711585925],[12.457194254264648,44.883528376032984],[12.401000146679172,44.867719812642484],[12.399056499805182,44.79261549566819],[12.293245781837859,44.87513677131366],[12.27359927232685,44.93263675847841],[12.138085698987943,44.9385258530555],[12.082286502782072,44.96904365288547],[11.799192377325573,44.972538423514465],[11.626949332691353,44.895927552631086],[11.426765499474357,44.95007599502269],[11.18971919638988,45.05979172619178],[11.20550250042848,45.10948749536372],[11.055140000392706,45.10995180977248],[10.927265770526413,45.23218173482589],[10.792891978896494,45.30571990426614],[10.734589922952821,45.30227947006574],[10.704962195067303,45.33754261771954],[10.705083056963693,45.41190859475918],[10.654655500594206,45.41582699504189],[10.635601300447815,45.608058776699046],[10.840176500408758,45.832758495488726],[10.881742206505967,45.80072044631121],[10.86348224987324,45.71541832865261],[10.940838172301824,45.68376865522268],[11.042157524670094,45.71299552140309],[11.138337500318912,45.69708849549874],[11.267139326382937,45.912760279368506],[11.345357822451072,45.92057254284169],[11.384604201324274,45.97826646834909],[11.514511790727761,46.00754600648048],[11.618032354923256,45.96437596129721],[11.684318499487336,45.9840779959051],[11.672971666476627,46.02089594305111],[11.699412548708315,46.092471541646916],[11.878951353138836,46.11919458374291],[11.952101888168222,46.182060450358],[11.916066333956296,46.24864594874607],[11.84231816479127,46.280745583576966],[11.787416466415179,46.35591559124325],[11.878334857121487,46.44805889614356],[11.824838612695299,46.48301073518624],[11.828336499839068,46.508914496279864],[12.00530882665475,46.54480477103258],[12.07797488330757,46.66579887597702],[12.211833593947992,46.61368798286649],[12.38149744341843,46.62873342385205],[12.477923999922096,46.679835495586026],[12.690635000479615,46.656971996168416],[12.731392999857215,46.63428799549397]]],[[[12.454350797469246,45.43859710892725],[12.431073377196995,45.423936290445035],[12.409934772573724,45.457334224280125],[12.46968600802244,45.47724186770428],[12.487690622497876,45.50013054023312],[12.547602097598844,45.508533195180725],[12.554214160286131,45.46955458616569],[12.454350797469246,45.43859710892725]]],[[[12.40060231385917,45.44546479784012],[12.378824288141496,45.40627003725503],[12.322597748681943,45.43551501818235],[12.347754332383435,45.454032787278166],[12.40060231385917,45.44546479784012]]]]}},{"type":"Feature","properties":{"NUTS_ID":"ITH4","LEVL_CODE":2,"CNTR_CODE":"IT","NAME_LATN":"Friuli-Venezia Giulia","NUTS_NAME":"Friuli-Venezia Giulia","MOUNT_TYPE":0,"URBN_TYPE":null,"COAST_TYPE":0,"FID":"ITH4"},"geometry":{"type":"MultiPolygon","coordinates":[[[[13.504249499840494,46.56630399566544],[13.714185000450238,46.52270349549661],[13.684032000474163,46.43747249579722],[13.603523299916585,46.43585943758695],[13.451998068609228,46.35654729253442],[13.398052366601853,46.294381434837945],[13.436370588498468,46.23217350494884],[13.655301345440954,46.173258656199614],[13.630978589002419,46.131116136569716],[13.496938999452645,46.05133499539617],[13.499568821161052,46.020895942796294],[13.490189678866436,46.000579738940026],[13.52869599488913,45.97257796200959],[13.635347566548884,45.97481069047679],[13.583618678349021,45.86277223131525],[13.597145000011057,45.81952249603036],[13.596242999435761,45.807937495217686],[13.796693165490385,45.73835665783393],[13.905996825048213,45.63384983426179],[13.83733524421075,45.58681380034697],[13.722481929605356,45.59484487055331],[13.770187371817453,45.61568730422928],[13.75023404629287,45.675833102111234],[13.579782999520885,45.78695149575624],[13.538235577973207,45.77657093058886],[13.500170398811871,45.71348213433796],[13.406493499445574,45.725174995195964],[13.125578338963967,45.76098194523763],[13.07728378691949,45.71187667369749],[13.111772910988833,45.67745649721892],[13.098785500225578,45.64453299565319],[12.985903919525663,45.78404814588673],[12.979058000088365,45.834048995866844],[12.91618597251328,45.82005696825907],[12.850781816010194,45.843666994658825],[12.808355206733506,45.821256899224224],[12.771288783420413,45.84411455487047],[12.661673000104361,45.79244099534769],[12.557855725679904,45.840550505574676],[12.507400486410056,45.91567446069777],[12.433049928468376,45.95718544356548],[12.414943687783907,46.020895942709316],[12.400534499980353,46.04199649607091],[12.479020509197904,46.10931186914755],[12.486378883087083,46.14961789028419],[12.330894014562489,46.26893827305004],[12.498702999490899,46.41222249557773],[12.528694117548516,46.452716613094246],[12.625654047922895,46.470942623758084],[12.647219221430454,46.516450995726096],[12.724142524311803,46.54856008083177],[12.731392999857215,46.63428799549397],[12.808355206451358,46.63213698631053],[13.14002272926394,46.593124908142784],[13.256785146741292,46.553073201575],[13.504249499840494,46.56630399566544]]]]}},{"type":"Feature","properties":{"NUTS_ID":"LI00","LEVL_CODE":2,"CNTR_CODE":"LI","NAME_LATN":"Liechtenstein","NUTS_NAME":"Liechtenstein","MOUNT_TYPE":0,"URBN_TYPE":null,"COAST_TYPE":0,"FID":"LI00"},"geometry":{"type":"MultiPolygon","coordinates":[[[[9.620580500628963,47.151645496243994],[9.607077999580854,47.06077449613301],[9.476047500074625,47.05179749592921],[9.511416523332883,47.10461533946962],[9.492738495428558,47.18427747891015],[9.530749000090898,47.270580996556575],[9.620580500628963,47.151645496243994]]]]}},{"type":"Feature","properties":{"NUTS_ID":"SI03","LEVL_CODE":2,"CNTR_CODE":"SI","NAME_LATN":"Vzhodna Slovenija","NUTS_NAME":"Vzhodna Slovenija","MOUNT_TYPE":0,"URBN_TYPE":null,"COAST_TYPE":0,"FID":"SI03"},"geometry":{"type":"MultiPolygon","coordinates":[[[[16.596805000506155,46.47590249549474],[16.37983166396433,46.54031093003099],[16.24214849943022,46.490075495554],[16.301548999624366,46.37828799600485],[16.108589367806562,46.39664441702811],[16.00531501693725,46.31220772624014],[15.8734945001553,46.2793194955481],[15.791475500200882,46.25932749616997],[15.794626244288514,46.23375483213404],[15.770718265125785,46.21023338909511],[15.655278801377245,46.214394747497266],[15.60466587240948,46.14298305097318],[15.62726200020014,46.085953495495154],[15.703706165100098,46.058639566034856],[15.7154712720401,46.020895942847545],[15.706407500059377,45.97526199594963],[15.672896750488825,45.83613533699221],[15.57101400073398,45.846025865962595],[15.404425000307029,45.792716995687165],[15.331290499894461,45.762854995508796],[15.295305063360003,45.72348522252713],[15.382362666163859,45.66108714400391],[15.297566803147692,45.59823273739881],[15.346813557488407,45.48382003741902],[15.226437500482952,45.427087995462486],[15.155852668820785,45.42958467680706],[14.938458336398115,45.520697064548784],[14.896415994887414,45.48065073020368],[14.819570295587882,45.469117219697836],[14.700125611463426,45.53354699035532],[14.570012500264006,45.67294449568833],[14.474453749663423,45.532864199659336],[14.31881009407017,45.47645799553851],[14.118196500323245,45.481238995485164],[14.075210837423116,45.667926224634826],[14.089545861055178,45.726451832420736],[14.042371500134916,45.76135899558814],[14.062276119381734,45.83582732224352],[14.129577500387686,45.869498995574766],[14.27072430358127,45.85254588970948],[14.318810094204313,45.89365068883281],[14.400442697268934,45.86190939974928],[14.482862425097599,45.874677928596654],[14.564807499997261,45.79146199583087],[14.688092420001269,45.807307363460225],[14.802923938802005,45.757317512155744],[14.890996611659785,45.93163549349047],[14.948575000432776,45.978610495704125],[14.92659861787047,46.02089594273487],[14.881451193155902,46.06176328392386],[14.794771649486059,46.04877081745886],[14.735193230538224,46.08012940256264],[14.908764499625297,46.20756599601514],[14.857766370533556,46.24640110860896],[14.705267146340057,46.262463078447944],[14.63185716309793,46.35534044214933],[14.565212000503536,46.36769699567299],[14.565175500288634,46.37245349589318],[14.597383663561134,46.42751606803991],[14.674580499842312,46.45068749591794],[14.725022290673342,46.49664198015146],[14.813177330592934,46.51517850005733],[14.874731053215202,46.60156901421265],[15.065120499573208,46.65211249572547],[15.401979499450507,46.653548496182886],[15.497911822499335,46.61801087435422],[15.649988000312193,46.705756995767196],[15.786421999702736,46.70746949592176],[16.00842556503931,46.68128867473751],[15.996236000625188,46.835398495798835],[16.113849000116886,46.86906799627057],[16.31709765307157,46.85753034776776],[16.341473228668402,46.826732339013674],[16.319960387204148,46.76682362770844],[16.370793500522485,46.722243495491604],[16.420181311946966,46.68464415596106],[16.402754486532295,46.634247560277764],[16.596805000506155,46.47590249549474]]]]}},{"type":"Feature","properties":{"NUTS_ID":"SI04","LEVL_CODE":2,"CNTR_CODE":"SI","NAME_LATN":"Zahodna Slovenija","NUTS_NAME":"Zahodna Slovenija","MOUNT_TYPE":0,"URBN_TYPE":null,"COAST_TYPE":0,"FID":"SI04"},"geometry":{"type":"MultiPolygon","coordinates":[[[[14.43450049943831,46.44294349576341],[14.526333498417426,46.414955654149296],[14.565175500288634,46.37245349589318],[14.565212000503536,46.36769699567299],[14.63185716309793,46.35534044214933],[14.705267146340057,46.262463078447944],[14.857766370533556,46.24640110860896],[14.908764499625297,46.20756599601514],[14.735193230538224,46.08012940256264],[14.794771649486059,46.04877081745886],[14.881451193155902,46.06176328392386],[14.92659861787047,46.02089594273487],[14.948575000432776,45.978610495704125],[14.890996611659785,45.93163549349047],[14.802923938802005,45.757317512155744],[14.688092420001269,45.807307363460225],[14.564807499997261,45.79146199583087],[14.482862425097599,45.874677928596654],[14.400442697268934,45.86190939974928],[14.318810094204313,45.89365068883281],[14.27072430358127,45.85254588970948],[14.129577500387686,45.869498995574766],[14.062276119381734,45.83582732224352],[14.042371500134916,45.76135899558814],[14.089545861055178,45.726451832420736],[14.075210837423116,45.667926224634826],[14.118196500323245,45.481238995485164],[14.111284499453362,45.482335495878274],[14.004163677458441,45.512632641332225],[13.975375637705435,45.456624875607474],[13.86966403838948,45.429214186515416],[13.775974245905138,45.46225187943058],[13.651296000184098,45.454054995300524],[13.647751999624228,45.45735899577725],[13.641818799837916,45.45958745422591],[13.620991484036937,45.46323603810943],[13.613983999494533,45.46466899591518],[13.602397394134034,45.46740575838359],[13.601310425473857,45.46782437148175],[13.587267124353062,45.477364351829465],[13.592397298916923,45.48630483206231],[13.585528110655677,45.497678881868325],[13.587112999701244,45.500127995279094],[13.59433599980482,45.50281999511915],[13.594786500122785,45.507117495082035],[13.592278067752142,45.51263530029518],[13.591482349532653,45.51441919740182],[13.591136160386997,45.517131032238815],[13.59162337440332,45.51982111063368],[13.592898681208387,45.52223926843978],[13.594843484558128,45.52416063176203],[13.597276929309176,45.5254065213358],[13.599243277755196,45.52577510329336],[13.606340159382734,45.52851668305141],[13.60642319952803,45.531084421142296],[13.601426853034488,45.5326032931813],[13.602179686256125,45.53637288369255],[13.615647500027405,45.53988549579455],[13.629149461331458,45.53384624566564],[13.63983100042874,45.5330599956145],[13.646352499671377,45.533211995815996],[13.656671356414256,45.5354828695929],[13.657268775422185,45.54158727538197],[13.669264226151634,45.539334506487215],[13.673852643448303,45.54198318763879],[13.679970580368703,45.54551459622948],[13.693404999793723,45.547912495104576],[13.708159286516418,45.54675161335216],[13.719114283262606,45.543603878838475],[13.732597764468894,45.55121469546295],[13.732468049479026,45.55625602744655],[13.741174500590251,45.55787699520489],[13.73390439545775,45.559376095642115],[13.733709301524085,45.56143482459934],[13.73608613853083,45.56427465668058],[13.745909234512807,45.565534189387016],[13.745515572507815,45.569496460596696],[13.725940113647576,45.580304609788016],[13.723884982363352,45.58185980429128],[13.722357943427745,45.58393344781311],[13.721483402135597,45.58635564014663],[13.721333521496016,45.58892651271],[13.722030663830731,45.59160826578674],[13.722481929605356,45.59484487055331],[13.83733524421075,45.58681380034697],[13.905996825048213,45.63384983426179],[13.796693165490385,45.73835665783393],[13.596242999435761,45.807937495217686],[13.597145000011057,45.81952249603036],[13.583618678349021,45.86277223131525],[13.635347566548884,45.97481069047679],[13.52869599488913,45.97257796200959],[13.490189678866436,46.000579738940026],[13.499568821161052,46.020895942796294],[13.496938999452645,46.05133499539617],[13.630978589002419,46.131116136569716],[13.655301345440954,46.173258656199614],[13.436370588498468,46.23217350494884],[13.398052366601853,46.294381434837945],[13.451998068609228,46.35654729253442],[13.603523299916585,46.43585943758695],[13.684032000474163,46.43747249579722],[13.714185000450238,46.52270349549661],[13.914918738528765,46.51649813714951],[14.101761728853978,46.479317699960596],[14.167844246331633,46.44000949667333],[14.43450049943831,46.44294349576341]]]]}}]}