{"type":"FeatureCollection","name":"nuts3_simple_4326","crs":{"type":"name","properties":{"name":"urn:ogc:def:crs:OGC:1.3:CRS84"}},"features":[{"type":"Feature","properties":{"NUTS_ID":"DE21A","LEVL_CODE":3,"CNTR_CODE":"DE","NAME_LATN":"Erding","NUTS_NAME":"Erding","MOUNT_TYPE":4,"URBN_TYPE":3,"COAST_TYPE":3,"FID":"DE21A"},"geometry":{"type":"MultiPolygon","coordinates":[[[[12.017123,48.430676],[12.0221,48.425849],[12.020771,48.416308],[12.071481,48.42725],[12.086002,48.42466],[12.108527,48.424841],[12.130014,48.418123],[12.148201,48.425335],[12.165018,48.419807],[12.171319,48.406653],[12.170003,48.398162],[12.188089,48.390008],[12.195183,48.380813],[12.18841,48.371288],[12.208979,48.360889],[12.218695,48.350728],[12.231897,48.349511],[12.234203,48.33107],[12.250551,48.321946],[12.254764,48.307022],[12.253671,48.289038],[12.239865,48.286116],[12.241215,48.277978],[12.227595,48.276393],[12.222184,48.26162],[12.233995,48.25127],[12.22037,48.243415],[12.215085,48.229788],[12.224974,48.227559],[12.222202,48.218853],[12.231075,48.214682],[12.227785,48.205869],[12.219295,48.200042],[12.207037,48.204105],[12.200775,48.2178],[12.187807,48.217254],[12.171857,48.201401],[12.157539,48.199904],[12.152189,48.192482],[12.137624,48.193791],[12.132231,48.183965],[12.106371,48.181349],[12.102339,48.16964],[12.082219,48.164462],[12.057,48.163748],[12.04943,48.15436],[12.033545,48.159697],[12.043185,48.141674],[12.035334,48.143096],[12.022388,48.153716],[12.006604,48.160941],[12.010644,48.17013],[11.996777,48.173935],[11.985813,48.16422],[11.9767,48.170611],[11.958632,48.172285],[11.936744,48.166601],[11.924966,48.179448],[11.910577,48.185673],[11.903032,48.198009],[11.890294,48.199226],[11.881433,48.206426],[11.865243,48.204019],[11.854156,48.209123],[11.827509,48.206138],[11.801782,48.212973],[11.794881,48.219714],[11.756169,48.221111],[11.748096,48.236983],[11.758969,48.254169],[11.738186,48.276334],[11.732235,48.288706],[11.737893,48.294805],[11.766191,48.297776],[11.769686,48.311246],[11.765082,48.325933],[11.781585,48.357879],[11.808859,48.381192],[11.809793,48.389952],[11.840756,48.396441],[11.840424,48.411165],[11.848149,48.414017],[11.873432,48.412767],[11.890366,48.420744],[11.919622,48.427859],[11.933165,48.435208],[11.93586,48.441258],[11.958762,48.454028],[11.978703,48.451832],[11.976207,48.444052],[11.9896,48.442488],[11.997331,48.431026],[12.017123,48.430676]]]]}},{"type":"Feature","properties":{"NUTS_ID":"DE139","LEVL_CODE":3,"CNTR_CODE":"DE","NAME_LATN":"Lörrach","NUTS_NAME":"Lörrach","MOUNT_TYPE":3,"URBN_TYPE":2,"COAST_TYPE":3,"FID":"DE139"},"geometry":{"type":"MultiPolygon","coordinates":[[[[8.018114,47.841394],[8.000008,47.827519],[8.001037,47.814112],[7.998335,47.799985],[8.002525,47.791409],[8.003646,47.773657],[7.993049,47.766825],[7.979108,47.766466],[7.970968,47.758436],[7.974986,47.743683],[7.968491,47.734926],[7.969787,47.72504],[7.980398,47.712512],[7.97743,47.695729],[7.949969,47.678556],[7.923261,47.672708],[7.910724,47.664395],[7.912452,47.654829],[7.894548,47.644171],[7.880323,47.642662],[7.878194,47.616967],[7.889384,47.604954],[7.901332,47.601716],[7.90176,47.590227],[7.894107,47.586375],[7.868647,47.588421],[7.8524,47.583773],[7.837581,47.582636],[7.832744,47.586561],[7.818366,47.586018],[7.81114,47.570051],[7.794769,47.557258],[7.760212,47.54898],[7.752676,47.545027],[7.72405,47.542229],[7.713784,47.539405],[7.697038,47.533159],[7.67529,47.533554],[7.661192,47.544398],[7.650189,47.54797],[7.634097,47.561113],[7.647898,47.560383],[7.667979,47.565522],[7.686163,47.567417],[7.680032,47.582757],[7.67303,47.592116],[7.64904,47.596218],[7.624523,47.579446],[7.605578,47.578097],[7.603527,47.585242],[7.589039,47.589878],[7.592712,47.598707],[7.589082,47.606515],[7.573972,47.616673],[7.567361,47.631741],[7.537903,47.64918],[7.52108,47.663848],[7.51888,47.684696],[7.51159,47.696756],[7.513769,47.702824],[7.540385,47.718534],[7.548529,47.735079],[7.545991,47.743574],[7.562577,47.756415],[7.57355,47.775561],[7.586133,47.771922],[7.607083,47.775082],[7.615214,47.773802],[7.614719,47.759849],[7.619655,47.757092],[7.639469,47.765735],[7.649475,47.76732],[7.662502,47.776761],[7.672736,47.771865],[7.704885,47.783701],[7.718172,47.783762],[7.724271,47.789233],[7.782501,47.794538],[7.787788,47.802337],[7.804707,47.810746],[7.81906,47.812446],[7.823222,47.819483],[7.84498,47.82723],[7.854667,47.838626],[7.877499,47.849878],[7.877747,47.856418],[7.887617,47.867541],[7.889874,47.878972],[7.905482,47.875782],[7.938529,47.876742],[7.953983,47.87543],[7.975697,47.866932],[8.012646,47.866215],[8.020575,47.851989],[8.018114,47.841394]]]]}},{"type":"Feature","properties":{"NUTS_ID":"DE226","LEVL_CODE":3,"CNTR_CODE":"DE","NAME_LATN":"Kelheim","NUTS_NAME":"Kelheim","MOUNT_TYPE":4,"URBN_TYPE":3,"COAST_TYPE":3,"FID":"DE226"},"geometry":{"type":"MultiPolygon","coordinates":[[[[12.097496,48.771992],[12.091611,48.770654],[12.082245,48.751363],[12.063161,48.754217],[12.053118,48.751438],[12.041352,48.756701],[12.019074,48.755142],[12.002744,48.750799],[11.993059,48.752048],[11.988678,48.742695],[11.9771,48.735326],[11.941831,48.721139],[11.927657,48.711895],[11.913311,48.711017],[11.906896,48.701846],[11.890646,48.70008],[11.887255,48.690262],[11.899542,48.683223],[11.89155,48.667381],[11.881652,48.665675],[11.878649,48.654029],[11.889809,48.644504],[11.884392,48.628874],[11.897745,48.622704],[11.894482,48.61445],[11.906361,48.606993],[11.89667,48.597845],[11.906519,48.593635],[11.910187,48.585231],[11.88642,48.586433],[11.8812,48.581705],[11.866189,48.579091],[11.849474,48.590427],[11.821606,48.59837],[11.798608,48.613622],[11.780193,48.612025],[11.775171,48.601024],[11.751594,48.601349],[11.706735,48.616646],[11.693886,48.618822],[11.693873,48.633037],[11.705861,48.637586],[11.712621,48.648235],[11.700662,48.658939],[11.686361,48.663843],[11.694265,48.683847],[11.680994,48.690834],[11.672372,48.689768],[11.654655,48.700364],[11.656388,48.707514],[11.667482,48.716627],[11.667559,48.724679],[11.657363,48.730234],[11.655406,48.744139],[11.666177,48.748382],[11.702245,48.752282],[11.712059,48.760166],[11.701809,48.768339],[11.69439,48.783803],[11.719435,48.782345],[11.735658,48.790666],[11.738102,48.800052],[11.727091,48.810622],[11.728868,48.81761],[11.709026,48.812616],[11.701333,48.840049],[11.712942,48.836663],[11.721652,48.84241],[11.716524,48.855951],[11.718308,48.86537],[11.742853,48.87416],[11.737866,48.889705],[11.722012,48.89236],[11.717476,48.898463],[11.728496,48.930084],[11.705389,48.918494],[11.691916,48.924603],[11.689429,48.931417],[11.661333,48.928339],[11.636401,48.932591],[11.63364,48.945044],[11.621166,48.94391],[11.599306,48.951497],[11.596145,48.958833],[11.605389,48.964549],[11.611446,48.978931],[11.620425,48.983785],[11.613166,48.994962],[11.616949,49.008568],[11.62747,49.004948],[11.644984,49.004921],[11.659785,49.016129],[11.68294,49.016193],[11.69048,49.021096],[11.699169,49.01352],[11.712552,49.014643],[11.724044,49.010369],[11.729979,48.995837],[11.741401,48.990564],[11.762781,48.987612],[11.765363,48.981985],[11.783164,48.989753],[11.793287,49.0067],[11.809672,49.018558],[11.828297,49.022586],[11.869344,49.020406],[11.865546,49.014685],[11.87821,49.009193],[11.891065,49.011862],[11.89684,49.001533],[11.917416,48.980965],[11.903481,48.976724],[11.910498,48.969792],[11.921153,48.971033],[11.930657,48.964196],[11.927818,48.946358],[11.946432,48.947205],[11.94873,48.953116],[11.960159,48.954507],[11.968511,48.964548],[11.991827,48.961339],[11.98764,48.953164],[12.014275,48.954042],[12.029252,48.961492],[12.034746,48.94783],[12.04979,48.943759],[12.066321,48.943156],[12.080371,48.936695],[12.077064,48.931556],[12.085561,48.919264],[12.080376,48.904613],[12.108708,48.906186],[12.109228,48.896755],[12.120336,48.89753],[12.11663,48.881749],[12.128013,48.88489],[12.133692,48.876794],[12.129893,48.862828],[12.120758,48.864319],[12.106911,48.858383],[12.100893,48.843276],[12.107132,48.8315],[12.102495,48.825086],[12.108287,48.803352],[12.097794,48.79038],[12.097496,48.771992]]]]}},{"type":"Feature","properties":{"NUTS_ID":"DE219","LEVL_CODE":3,"CNTR_CODE":"DE","NAME_LATN":"Eichstätt","NUTS_NAME":"Eichstätt","MOUNT_TYPE":4,"URBN_TYPE":2,"COAST_TYPE":3,"FID":"DE219"},"geometry":{"type":"MultiPolygon","coordinates":[[[[11.599306,48.951497],[11.621166,48.94391],[11.63364,48.945044],[11.636401,48.932591],[11.661333,48.928339],[11.689429,48.931417],[11.691916,48.924603],[11.705389,48.918494],[11.728496,48.930084],[11.717476,48.898463],[11.722012,48.89236],[11.737866,48.889705],[11.742853,48.87416],[11.718308,48.86537],[11.716524,48.855951],[11.721652,48.84241],[11.712942,48.836663],[11.701333,48.840049],[11.709026,48.812616],[11.728868,48.81761],[11.727091,48.810622],[11.738102,48.800052],[11.735658,48.790666],[11.719435,48.782345],[11.716957,48.788041],[11.698588,48.792283],[11.688752,48.782049],[11.66897,48.786427],[11.653513,48.785965],[11.640913,48.795886],[11.647935,48.801308],[11.643847,48.811421],[11.619205,48.811501],[11.604577,48.81383],[11.59972,48.799439],[11.57267,48.783356],[11.574076,48.772055],[11.565944,48.761838],[11.555945,48.75871],[11.565999,48.750405],[11.551659,48.741483],[11.536263,48.747399],[11.534905,48.737349],[11.524474,48.732883],[11.509997,48.733233],[11.493405,48.739282],[11.489323,48.745004],[11.502546,48.761168],[11.49514,48.775677],[11.499217,48.784398],[11.493187,48.787842],[11.449939,48.794373],[11.447912,48.799449],[11.430163,48.805954],[11.428628,48.810788],[11.407947,48.816899],[11.398917,48.822501],[11.389335,48.814141],[11.390445,48.80336],[11.382714,48.79628],[11.390566,48.790881],[11.385062,48.781576],[11.365939,48.78179],[11.355547,48.777694],[11.341341,48.784354],[11.32621,48.786195],[11.306141,48.781865],[11.273923,48.790803],[11.260163,48.789854],[11.255916,48.779428],[11.245016,48.779364],[11.232935,48.77331],[11.205798,48.781346],[11.203719,48.788468],[11.190893,48.790154],[11.18079,48.797352],[11.166996,48.792048],[11.145355,48.797784],[11.130897,48.804303],[11.127009,48.810081],[11.114123,48.806577],[11.087066,48.804489],[11.072901,48.806329],[11.06694,48.795003],[11.055171,48.793887],[11.040251,48.799986],[11.038076,48.810201],[11.043616,48.819915],[11.005941,48.821883],[10.996037,48.836663],[10.986464,48.841253],[10.970046,48.842258],[10.963757,48.856666],[10.950015,48.862297],[10.936839,48.863276],[10.948098,48.864528],[10.963721,48.860072],[10.964127,48.869045],[10.974122,48.878719],[11.007734,48.885986],[11.021505,48.885103],[11.029405,48.894752],[11.043672,48.900677],[11.060469,48.913155],[11.072489,48.912989],[11.06549,48.925042],[11.051769,48.932303],[11.069508,48.948449],[11.071428,48.95358],[11.084571,48.961146],[11.10575,48.966558],[11.142375,48.965182],[11.141929,48.973785],[11.147828,48.983952],[11.144242,48.991094],[11.162407,48.996881],[11.163309,49.013767],[11.190023,49.019241],[11.179006,49.026074],[11.187407,49.036372],[11.201364,49.046551],[11.226105,49.051102],[11.247158,49.047662],[11.256104,49.034709],[11.269125,49.027843],[11.264098,49.014964],[11.26844,49.010421],[11.287556,49.004539],[11.300782,49.009038],[11.307973,49.003245],[11.328689,48.99852],[11.34914,49.017421],[11.367813,49.015409],[11.380072,49.017159],[11.387116,49.030555],[11.399582,49.03036],[11.41108,49.034925],[11.405173,49.048989],[11.42353,49.051555],[11.416439,49.061809],[11.399642,49.062311],[11.39622,49.070435],[11.385714,49.078858],[11.397015,49.081972],[11.426422,49.067972],[11.443182,49.064306],[11.468113,49.065706],[11.488044,49.064047],[11.502624,49.076362],[11.523498,49.073018],[11.543774,49.064617],[11.53127,49.045651],[11.517051,49.032478],[11.542234,49.02422],[11.543484,49.016243],[11.537106,49.007249],[11.552206,49.004184],[11.554017,48.992345],[11.576473,48.988638],[11.579309,48.974636],[11.599306,48.951497]]]]}},{"type":"Feature","properties":{"NUTS_ID":"AT123","LEVL_CODE":3,"CNTR_CODE":"AT","NAME_LATN":"Sankt Pölten","NUTS_NAME":"Sankt Pölten","MOUNT_TYPE":2,"URBN_TYPE":3,"COAST_TYPE":3,"FID":"AT123"},"geometry":{"type":"MultiPolygon","coordinates":[[[[15.992915,48.146061],[15.978657,48.133633],[15.965243,48.130065],[15.948303,48.117787],[15.935603,48.114662],[15.925624,48.106748],[15.912714,48.101724],[15.921726,48.092412],[15.916548,48.08688],[15.877592,48.077397],[15.858628,48.065864],[15.847674,48.063098],[15.825771,48.072044],[15.821698,48.078507],[15.79555,48.076458],[15.791152,48.073274],[15.771939,48.072125],[15.765587,48.077889],[15.753553,48.080022],[15.732182,48.076021],[15.719851,48.082708],[15.689947,48.088828],[15.663416,48.087208],[15.658043,48.083216],[15.640649,48.080408],[15.628192,48.069724],[15.606404,48.066095],[15.59079,48.07482],[15.580993,48.068887],[15.558925,48.071482],[15.553886,48.064393],[15.542839,48.063047],[15.528316,48.055044],[15.529182,48.044047],[15.520404,48.037496],[15.520899,48.027233],[15.533633,48.008628],[15.500061,47.995495],[15.498269,47.980475],[15.48815,47.968099],[15.476959,47.966518],[15.465257,47.960061],[15.432304,47.957711],[15.426579,47.932235],[15.414945,47.920361],[15.392801,47.913852],[15.396808,47.902848],[15.371953,47.897495],[15.358283,47.88997],[15.338868,47.889881],[15.327228,47.900809],[15.330154,47.910838],[15.328565,47.925709],[15.321264,47.934479],[15.305415,47.939735],[15.294897,47.937732],[15.273081,47.955342],[15.282784,47.960242],[15.280532,47.970601],[15.27275,47.974319],[15.272508,47.986458],[15.26471,47.993351],[15.269696,48.00275],[15.290396,48.011258],[15.294732,48.017457],[15.323534,48.01925],[15.340176,48.024449],[15.355636,48.023722],[15.369702,48.038674],[15.393475,48.043494],[15.398736,48.052145],[15.411021,48.053678],[15.423947,48.060651],[15.426412,48.067181],[15.441558,48.079379],[15.437669,48.090463],[15.439677,48.09983],[15.456639,48.103374],[15.476104,48.110328],[15.489315,48.11201],[15.503173,48.119026],[15.508257,48.133533],[15.483175,48.140911],[15.468725,48.138267],[15.455643,48.142123],[15.469561,48.148903],[15.445566,48.163801],[15.444755,48.177136],[15.437495,48.184733],[15.439322,48.197977],[15.423133,48.210392],[15.431227,48.212761],[15.44031,48.225873],[15.45347,48.231516],[15.460419,48.244402],[15.452745,48.25367],[15.463178,48.258017],[15.483315,48.259305],[15.482746,48.266136],[15.497071,48.266902],[15.501592,48.27225],[15.494477,48.279636],[15.501277,48.288267],[15.520681,48.284703],[15.525235,48.2902],[15.525087,48.304948],[15.512292,48.310197],[15.509762,48.320038],[15.508647,48.326525],[15.532915,48.327615],[15.550259,48.337524],[15.573014,48.337924],[15.580915,48.342121],[15.591287,48.334759],[15.613035,48.332028],[15.628422,48.326189],[15.640653,48.335202],[15.653847,48.337327],[15.670072,48.348747],[15.667785,48.368824],[15.70453,48.371074],[15.722278,48.373875],[15.731767,48.383671],[15.746612,48.384208],[15.756016,48.387979],[15.766773,48.384309],[15.784138,48.367342],[15.795354,48.367818],[15.801942,48.355658],[15.834736,48.368641],[15.840041,48.363197],[15.832342,48.356324],[15.815661,48.357511],[15.807959,48.349097],[15.82465,48.346139],[15.823137,48.335597],[15.808648,48.330799],[15.784015,48.335813],[15.770669,48.325633],[15.76836,48.315082],[15.786409,48.311693],[15.793895,48.30057],[15.824618,48.301602],[15.815544,48.289842],[15.835499,48.28739],[15.845417,48.277899],[15.834561,48.271727],[15.835277,48.26549],[15.81905,48.252912],[15.839713,48.251112],[15.846438,48.245396],[15.841587,48.230758],[15.861585,48.229901],[15.884856,48.232171],[15.884513,48.241134],[15.893299,48.248272],[15.887937,48.257533],[15.911186,48.264528],[15.93686,48.256324],[15.949482,48.261888],[15.956721,48.259235],[15.960804,48.248161],[15.950697,48.239818],[15.970712,48.238584],[15.979075,48.23335],[15.976186,48.225052],[15.987093,48.221467],[16.002798,48.203474],[15.990048,48.200668],[15.990321,48.186744],[15.99459,48.182989],[16.012404,48.181617],[16.009022,48.174528],[15.993939,48.169053],[15.987304,48.157165],[15.992915,48.146061]]]]}},{"type":"Feature","properties":{"NUTS_ID":"AT226","LEVL_CODE":3,"CNTR_CODE":"AT","NAME_LATN":"Westliche Obersteiermark","NUTS_NAME":"Westliche Obersteiermark","MOUNT_TYPE":3,"URBN_TYPE":3,"COAST_TYPE":3,"FID":"AT226"},"geometry":{"type":"MultiPolygon","coordinates":[[[[14.604293,47.427069],[14.601747,47.401791],[14.613048,47.387808],[14.613758,47.378634],[14.63318,47.374848],[14.650175,47.377084],[14.667903,47.367705],[14.694524,47.357941],[14.702848,47.351349],[14.719052,47.347369],[14.73094,47.339867],[14.752365,47.343545],[14.752905,47.349599],[14.765915,47.35758],[14.774887,47.358819],[14.786619,47.367646],[14.809228,47.355011],[14.819076,47.357076],[14.832868,47.351643],[14.854731,47.347917],[14.863805,47.351086],[14.879486,47.326211],[14.895228,47.319761],[14.906936,47.29562],[14.91906,47.286949],[14.928324,47.288503],[14.942537,47.284668],[14.954317,47.289114],[14.968347,47.279958],[14.984868,47.282046],[15.002887,47.270635],[15.006334,47.260707],[15.015976,47.253933],[15.019171,47.245685],[15.029861,47.243239],[15.03967,47.230637],[15.048163,47.226933],[15.052809,47.211955],[15.027259,47.196049],[15.005726,47.19348],[14.994076,47.189131],[14.981318,47.175556],[14.967206,47.168023],[14.953294,47.15569],[14.945102,47.153131],[14.941546,47.142224],[14.944565,47.13166],[14.932123,47.123508],[14.929862,47.116613],[14.918743,47.110227],[14.918555,47.084321],[14.913091,47.073561],[14.903894,47.075186],[14.884061,47.084266],[14.867392,47.065854],[14.860357,47.051633],[14.860935,47.045767],[14.842056,47.048613],[14.828831,47.048868],[14.81172,47.040608],[14.794808,47.03721],[14.772502,47.039136],[14.730839,47.025544],[14.728009,47.017143],[14.710645,47.020063],[14.697526,47.017404],[14.665857,47.018077],[14.649365,47.014538],[14.629254,47.013274],[14.615376,46.998214],[14.592643,47.002085],[14.585912,47.012253],[14.545687,47.012812],[14.517421,47.009402],[14.503842,47.018691],[14.499313,47.026085],[14.478171,47.0191],[14.469968,47.01077],[14.458576,47.011837],[14.459012,46.998818],[14.454402,46.995347],[14.429689,46.996712],[14.404571,46.987625],[14.398055,46.981224],[14.386505,46.981056],[14.377312,46.994893],[14.3813,47.015215],[14.364286,47.024622],[14.338405,47.024818],[14.32995,47.028977],[14.289709,47.026452],[14.261983,47.027218],[14.249923,47.034387],[14.23502,47.025882],[14.223927,47.038195],[14.221833,47.050271],[14.215441,47.06233],[14.2022,47.075865],[14.176587,47.06307],[14.162904,47.052977],[14.132936,47.062106],[14.12522,47.056941],[14.122023,47.043123],[14.103743,47.038101],[14.078656,47.022011],[14.070229,47.011626],[14.049238,47.004289],[14.028645,47.007201],[14.014532,47.003849],[14.017627,46.988331],[14.006105,46.978966],[14.00645,46.97105],[13.992618,46.966211],[13.979697,46.965853],[13.955609,46.957006],[13.946626,46.941619],[13.933356,46.944621],[13.89728,46.927913],[13.880953,46.918962],[13.865619,46.919223],[13.848804,46.91064],[13.8155,46.918707],[13.808557,46.926513],[13.78523,46.938372],[13.785132,46.944048],[13.800656,46.950706],[13.811905,46.951701],[13.829169,46.963075],[13.83318,46.97368],[13.842581,46.980245],[13.844993,46.98777],[13.864688,46.996218],[13.865754,47.020774],[13.891781,47.054094],[13.902851,47.062959],[13.905965,47.070676],[13.887091,47.090988],[13.879701,47.09533],[13.883003,47.108999],[13.901381,47.115883],[13.910181,47.123372],[13.936312,47.135282],[13.945203,47.135443],[13.958334,47.124663],[13.972174,47.127315],[13.988205,47.126467],[13.995315,47.132418],[13.993421,47.142144],[13.971034,47.149175],[13.957125,47.161713],[13.918985,47.172347],[13.908585,47.183951],[13.896221,47.185792],[13.901341,47.19503],[13.882508,47.204709],[13.85088,47.230289],[13.86726,47.240213],[13.864373,47.251693],[13.908394,47.259406],[13.917195,47.250414],[13.931183,47.249334],[13.939759,47.254515],[13.954282,47.257218],[13.956915,47.266794],[13.96888,47.270321],[14.001438,47.267269],[14.012968,47.262356],[14.016505,47.271963],[14.03037,47.274933],[14.044491,47.288],[14.062826,47.274038],[14.083966,47.270959],[14.098089,47.262877],[14.111479,47.267839],[14.140181,47.296912],[14.157058,47.297323],[14.170506,47.307096],[14.197496,47.306154],[14.21073,47.317619],[14.224422,47.32374],[14.22798,47.329365],[14.225413,47.357342],[14.241227,47.375475],[14.286128,47.384324],[14.304376,47.398145],[14.321489,47.399682],[14.330558,47.405626],[14.384438,47.42454],[14.391368,47.434911],[14.402787,47.443479],[14.408081,47.452006],[14.4275,47.459911],[14.457647,47.462247],[14.467729,47.459047],[14.476788,47.466958],[14.490601,47.455856],[14.502959,47.45452],[14.51229,47.462066],[14.542663,47.45369],[14.553895,47.453221],[14.556227,47.444747],[14.569083,47.440094],[14.574973,47.426128],[14.604293,47.427069]]]]}},{"type":"Feature","properties":{"NUTS_ID":"DE249","LEVL_CODE":3,"CNTR_CODE":"DE","NAME_LATN":"Hof, Landkreis","NUTS_NAME":"Hof, Landkreis","MOUNT_TYPE":4,"URBN_TYPE":2,"COAST_TYPE":3,"FID":"DE249"},"geometry":{"type":"MultiPolygon","coordinates":[[[[12.160679,50.219849],[12.150217,50.215458],[12.131711,50.212885],[12.093299,50.218789],[12.084559,50.227029],[12.077371,50.221336],[12.055325,50.214636],[12.044309,50.201452],[12.04321,50.193962],[12.02623,50.191058],[12.031237,50.184041],[12.014136,50.178483],[11.999293,50.170473],[11.989238,50.171584],[11.988121,50.184451],[11.975995,50.189245],[11.964044,50.20213],[11.955766,50.196235],[11.934848,50.198708],[11.942189,50.188247],[11.936249,50.173507],[11.885221,50.145417],[11.848201,50.119694],[11.836545,50.117663],[11.824755,50.108977],[11.812215,50.104344],[11.800962,50.106502],[11.789114,50.103248],[11.775667,50.12545],[11.745766,50.117858],[11.730773,50.123994],[11.710798,50.121909],[11.699352,50.132993],[11.689082,50.125261],[11.678085,50.124602],[11.668342,50.124364],[11.656105,50.115693],[11.645904,50.121591],[11.642785,50.12915],[11.647693,50.138796],[11.657832,50.141356],[11.676796,50.138128],[11.673945,50.145692],[11.683011,50.152104],[11.682796,50.162255],[11.669439,50.156621],[11.651353,50.162182],[11.660559,50.176358],[11.674334,50.180688],[11.676403,50.191833],[11.669626,50.194142],[11.669503,50.20362],[11.654436,50.203895],[11.654214,50.229949],[11.632617,50.230688],[11.626241,50.226251],[11.601027,50.226518],[11.610402,50.234203],[11.609258,50.260272],[11.606217,50.267961],[11.580508,50.254849],[11.541264,50.265412],[11.537063,50.275266],[11.564661,50.287837],[11.56212,50.300053],[11.529404,50.328781],[11.538183,50.336484],[11.541078,50.355478],[11.574427,50.362471],[11.579417,50.370593],[11.568765,50.378813],[11.58001,50.384715],[11.600385,50.384729],[11.609914,50.389808],[11.60329,50.398766],[11.62091,50.387981],[11.66437,50.393421],[11.685517,50.393592],[11.702228,50.402444],[11.714679,50.397384],[11.727704,50.401069],[11.742768,50.409851],[11.755598,50.405845],[11.771663,50.412006],[11.779009,50.418057],[11.795711,50.417699],[11.815321,50.402056],[11.822815,50.390266],[11.851107,50.401128],[11.862483,50.399983],[11.883438,50.414882],[11.901761,50.416376],[11.919323,50.424728],[11.93495,50.422858],[11.953547,50.406665],[11.94826,50.399276],[11.968511,50.397558],[11.982663,50.387485],[11.983902,50.375112],[11.977784,50.36252],[11.98395,50.350165],[11.996756,50.353277],[11.99988,50.346519],[12.013989,50.346953],[12.055546,50.32842],[12.065078,50.331936],[12.077978,50.327831],[12.088268,50.331786],[12.1009,50.318028],[12.124596,50.307975],[12.119617,50.298934],[12.123356,50.290954],[12.139185,50.277703],[12.128028,50.270174],[12.098987,50.262479],[12.109746,50.23826],[12.126901,50.23277],[12.146867,50.230398],[12.15808,50.22644],[12.160679,50.219849]],[[11.881265,50.353709],[11.876846,50.337227],[11.877487,50.325866],[11.862439,50.324387],[11.840098,50.315638],[11.826057,50.318945],[11.808892,50.314891],[11.826823,50.298361],[11.836886,50.295599],[11.839926,50.286343],[11.861697,50.285889],[11.869766,50.275849],[11.882668,50.27408],[11.884732,50.268375],[11.908386,50.26802],[11.913208,50.274391],[11.925155,50.277302],[11.935271,50.284727],[11.937862,50.301038],[11.968511,50.314784],[11.970462,50.329854],[11.961277,50.331574],[11.950794,50.344943],[11.927719,50.340087],[11.916228,50.352117],[11.902087,50.346596],[11.881265,50.353709]]]]}},{"type":"Feature","properties":{"NUTS_ID":"AT121","LEVL_CODE":3,"CNTR_CODE":"AT","NAME_LATN":"Mostviertel-Eisenwurzen","NUTS_NAME":"Mostviertel-Eisenwurzen","MOUNT_TYPE":2,"URBN_TYPE":3,"COAST_TYPE":3,"FID":"AT121"},"geometry":{"type":"MultiPolygon","coordinates":[[[[15.509762,48.320038],[15.512292,48.310197],[15.525087,48.304948],[15.525235,48.2902],[15.520681,48.284703],[15.501277,48.288267],[15.494477,48.279636],[15.501592,48.27225],[15.497071,48.266902],[15.482746,48.266136],[15.483315,48.259305],[15.463178,48.258017],[15.452745,48.25367],[15.460419,48.244402],[15.45347,48.231516],[15.44031,48.225873],[15.431227,48.212761],[15.423133,48.210392],[15.439322,48.197977],[15.437495,48.184733],[15.444755,48.177136],[15.445566,48.163801],[15.469561,48.148903],[15.455643,48.142123],[15.468725,48.138267],[15.483175,48.140911],[15.508257,48.133533],[15.503173,48.119026],[15.489315,48.11201],[15.476104,48.110328],[15.456639,48.103374],[15.439677,48.09983],[15.437669,48.090463],[15.441558,48.079379],[15.426412,48.067181],[15.423947,48.060651],[15.411021,48.053678],[15.398736,48.052145],[15.393475,48.043494],[15.369702,48.038674],[15.355636,48.023722],[15.340176,48.024449],[15.323534,48.01925],[15.294732,48.017457],[15.290396,48.011258],[15.269696,48.00275],[15.26471,47.993351],[15.272508,47.986458],[15.27275,47.974319],[15.280532,47.970601],[15.282784,47.960242],[15.273081,47.955342],[15.294897,47.937732],[15.305415,47.939735],[15.321264,47.934479],[15.328565,47.925709],[15.330154,47.910838],[15.327228,47.900809],[15.338868,47.889881],[15.322762,47.884703],[15.312636,47.887256],[15.290861,47.878399],[15.270434,47.878501],[15.262519,47.881404],[15.254099,47.869227],[15.236614,47.871865],[15.223631,47.87086],[15.215006,47.862914],[15.162067,47.847938],[15.16484,47.840531],[15.177414,47.83274],[15.181679,47.826027],[15.199961,47.824292],[15.208323,47.818473],[15.225221,47.813468],[15.21838,47.804131],[15.21803,47.7941],[15.208224,47.78658],[15.20291,47.770838],[15.209578,47.76319],[15.200923,47.754614],[15.169161,47.754638],[15.138553,47.760151],[15.129519,47.746841],[15.088096,47.740818],[15.056764,47.740491],[15.033794,47.75267],[15.015247,47.745586],[14.996077,47.741333],[14.97344,47.74238],[14.951883,47.732226],[14.927829,47.710804],[14.914986,47.707813],[14.877798,47.715632],[14.87072,47.73304],[14.859156,47.741153],[14.838916,47.734284],[14.83205,47.743227],[14.821523,47.744689],[14.76695,47.726507],[14.761851,47.732794],[14.740171,47.740852],[14.738545,47.747426],[14.743934,47.755842],[14.724833,47.767704],[14.713952,47.787519],[14.731406,47.800272],[14.713437,47.813845],[14.711153,47.823129],[14.72219,47.831337],[14.723846,47.839574],[14.710927,47.850848],[14.736367,47.863302],[14.755855,47.866517],[14.770311,47.880167],[14.770179,47.885808],[14.760732,47.895469],[14.756652,47.905831],[14.73191,47.922857],[14.727801,47.932936],[14.70125,47.926287],[14.64845,47.942075],[14.62892,47.94267],[14.604958,47.951758],[14.585794,47.967256],[14.561539,47.976441],[14.556719,47.980725],[14.52555,47.990415],[14.501426,47.994359],[14.494698,47.998492],[14.493047,48.011082],[14.486423,48.01287],[14.468293,48.036854],[14.457109,48.041381],[14.460311,48.060425],[14.452531,48.064882],[14.458235,48.073411],[14.455682,48.07946],[14.46567,48.084464],[14.458433,48.09004],[14.469772,48.100028],[14.482755,48.105637],[14.490953,48.114989],[14.469722,48.12303],[14.477691,48.137672],[14.467978,48.149974],[14.481055,48.171142],[14.481761,48.20183],[14.490757,48.222777],[14.520807,48.237351],[14.53625,48.23664],[14.56047,48.230162],[14.588415,48.22063],[14.610105,48.196899],[14.622677,48.190304],[14.643215,48.175083],[14.688247,48.156435],[14.704,48.161803],[14.706641,48.170058],[14.715843,48.178526],[14.738314,48.174107],[14.761592,48.177157],[14.817449,48.189192],[14.83079,48.188984],[14.840559,48.193413],[14.856162,48.211464],[14.857974,48.225493],[14.886267,48.232431],[14.893556,48.228026],[14.914398,48.232334],[14.937277,48.230305],[14.943789,48.225797],[14.959122,48.203778],[14.974915,48.20434],[14.959623,48.215463],[14.955659,48.223107],[14.972032,48.234322],[14.970872,48.245577],[14.989338,48.256523],[14.988612,48.280398],[14.984163,48.29913],[14.983452,48.320291],[14.959619,48.325344],[14.942395,48.323796],[14.948531,48.33925],[14.952495,48.363108],[14.96027,48.376482],[14.966448,48.365174],[14.980092,48.375396],[14.990595,48.371975],[14.998377,48.377792],[15.014884,48.366798],[15.051064,48.361797],[15.060532,48.352042],[15.090855,48.346835],[15.095137,48.338367],[15.12534,48.32963],[15.139762,48.333408],[15.136632,48.341255],[15.152005,48.346752],[15.164225,48.34413],[15.17275,48.354166],[15.18816,48.354283],[15.203626,48.36505],[15.250957,48.356238],[15.244226,48.373799],[15.27009,48.373864],[15.292245,48.353294],[15.304132,48.350004],[15.328156,48.350685],[15.336798,48.337338],[15.313808,48.323403],[15.303598,48.322676],[15.302599,48.315088],[15.294497,48.309542],[15.305322,48.304195],[15.290895,48.28917],[15.290594,48.275955],[15.299817,48.277462],[15.318194,48.27329],[15.333711,48.274876],[15.340654,48.279403],[15.368633,48.278785],[15.380899,48.270652],[15.400211,48.28266],[15.407208,48.294261],[15.411759,48.314747],[15.41016,48.326106],[15.443677,48.322056],[15.443993,48.308991],[15.458967,48.315723],[15.470474,48.312605],[15.48391,48.321342],[15.509762,48.320038]]]]}},{"type":"Feature","properties":{"NUTS_ID":"AT122","LEVL_CODE":3,"CNTR_CODE":"AT","NAME_LATN":"Niederösterreich-Süd","NUTS_NAME":"Niederösterreich-Süd","MOUNT_TYPE":3,"URBN_TYPE":2,"COAST_TYPE":3,"FID":"AT122"},"geometry":{"type":"MultiPolygon","coordinates":[[[[15.916548,48.08688],[15.933629,48.070373],[15.950797,48.065483],[15.968906,48.067619],[15.985063,48.06042],[15.995781,48.050172],[16.005902,48.053029],[16.021777,48.048108],[16.023557,48.042239],[16.040586,48.032664],[16.04506,48.023045],[16.065598,48.017415],[16.06469,48.012699],[16.082601,48.010416],[16.091007,48.003583],[16.087066,47.996099],[16.103388,47.983388],[16.113652,47.967213],[16.135759,47.961621],[16.148756,47.949924],[16.168803,47.947195],[16.177208,47.93419],[16.194822,47.931427],[16.201118,47.923212],[16.197594,47.913645],[16.205165,47.90252],[16.219544,47.898115],[16.224011,47.912334],[16.24511,47.911219],[16.255215,47.914578],[16.283424,47.914868],[16.292667,47.910673],[16.336089,47.89811],[16.356212,47.887806],[16.378762,47.901296],[16.387809,47.892942],[16.391151,47.882134],[16.382282,47.876035],[16.357881,47.867169],[16.387212,47.843477],[16.373244,47.832708],[16.376775,47.82782],[16.354427,47.820879],[16.348785,47.816462],[16.34828,47.806108],[16.332723,47.801231],[16.32376,47.789232],[16.308082,47.790947],[16.312055,47.806604],[16.284553,47.811644],[16.276265,47.808799],[16.269726,47.791504],[16.277884,47.792601],[16.300956,47.786661],[16.294657,47.769598],[16.298968,47.761036],[16.29656,47.741761],[16.291747,47.730522],[16.294997,47.715921],[16.308583,47.69529],[16.310106,47.688023],[16.334185,47.679587],[16.35646,47.67963],[16.353689,47.671668],[16.360789,47.657096],[16.372543,47.642135],[16.367885,47.635895],[16.370527,47.623669],[16.349571,47.617283],[16.35355,47.610861],[16.344507,47.602685],[16.330996,47.599041],[16.327287,47.578418],[16.314199,47.565275],[16.310596,47.546268],[16.337253,47.52533],[16.339883,47.516199],[16.325706,47.49646],[16.312991,47.489086],[16.310536,47.480999],[16.296992,47.47772],[16.300342,47.46822],[16.279839,47.454832],[16.270138,47.455123],[16.254151,47.449869],[16.24057,47.436974],[16.224036,47.427764],[16.195101,47.421961],[16.171081,47.421337],[16.160723,47.426437],[16.140157,47.442515],[16.132865,47.453294],[16.136917,47.460755],[16.132602,47.467501],[16.117453,47.474262],[16.119619,47.485802],[16.113617,47.497104],[16.120739,47.510564],[16.108484,47.524008],[16.098455,47.523838],[16.093462,47.511469],[16.08154,47.505659],[16.064951,47.501818],[16.064546,47.485528],[16.053315,47.48559],[16.04282,47.493892],[16.038911,47.50257],[16.022113,47.515181],[15.999998,47.515764],[15.974039,47.520805],[15.958396,47.518033],[15.938159,47.527247],[15.913998,47.531031],[15.90615,47.54074],[15.903051,47.563975],[15.890371,47.570662],[15.877489,47.573583],[15.863756,47.566958],[15.847909,47.568468],[15.846392,47.586178],[15.849241,47.596625],[15.858188,47.606686],[15.858246,47.620423],[15.840553,47.618476],[15.823423,47.636886],[15.799775,47.635848],[15.779986,47.642251],[15.761813,47.634404],[15.746992,47.631496],[15.742372,47.642316],[15.725973,47.646686],[15.728292,47.662407],[15.715806,47.697939],[15.719287,47.709813],[15.697593,47.711855],[15.690516,47.704573],[15.677197,47.700303],[15.671993,47.708612],[15.652895,47.716896],[15.636068,47.716308],[15.611218,47.750853],[15.561399,47.745702],[15.550569,47.748775],[15.517924,47.746113],[15.510725,47.751797],[15.516584,47.761525],[15.506981,47.767143],[15.481854,47.770231],[15.461279,47.76925],[15.451021,47.771922],[15.437035,47.79072],[15.423406,47.785232],[15.411935,47.785531],[15.403924,47.799296],[15.404983,47.813121],[15.392961,47.812989],[15.37519,47.823721],[15.362357,47.823184],[15.335986,47.827213],[15.32377,47.820821],[15.299474,47.819699],[15.293119,47.807959],[15.294338,47.799872],[15.286592,47.790238],[15.267893,47.793038],[15.253765,47.79244],[15.235009,47.798058],[15.21803,47.7941],[15.21838,47.804131],[15.225221,47.813468],[15.208323,47.818473],[15.199961,47.824292],[15.181679,47.826027],[15.177414,47.83274],[15.16484,47.840531],[15.162067,47.847938],[15.215006,47.862914],[15.223631,47.87086],[15.236614,47.871865],[15.254099,47.869227],[15.262519,47.881404],[15.270434,47.878501],[15.290861,47.878399],[15.312636,47.887256],[15.322762,47.884703],[15.338868,47.889881],[15.358283,47.88997],[15.371953,47.897495],[15.396808,47.902848],[15.392801,47.913852],[15.414945,47.920361],[15.426579,47.932235],[15.432304,47.957711],[15.465257,47.960061],[15.476959,47.966518],[15.48815,47.968099],[15.498269,47.980475],[15.500061,47.995495],[15.533633,48.008628],[15.520899,48.027233],[15.520404,48.037496],[15.529182,48.044047],[15.528316,48.055044],[15.542839,48.063047],[15.553886,48.064393],[15.558925,48.071482],[15.580993,48.068887],[15.59079,48.07482],[15.606404,48.066095],[15.628192,48.069724],[15.640649,48.080408],[15.658043,48.083216],[15.663416,48.087208],[15.689947,48.088828],[15.719851,48.082708],[15.732182,48.076021],[15.753553,48.080022],[15.765587,48.077889],[15.771939,48.072125],[15.791152,48.073274],[15.79555,48.076458],[15.821698,48.078507],[15.825771,48.072044],[15.847674,48.063098],[15.858628,48.065864],[15.877592,48.077397],[15.916548,48.08688]]]]}},{"type":"Feature","properties":{"NUTS_ID":"AT311","LEVL_CODE":3,"CNTR_CODE":"AT","NAME_LATN":"Innviertel","NUTS_NAME":"Innviertel","MOUNT_TYPE":4,"URBN_TYPE":3,"COAST_TYPE":3,"FID":"AT311"},"geometry":{"type":"MultiPolygon","coordinates":[[[[13.727091,48.513019],[13.733767,48.508037],[13.747969,48.489733],[13.774337,48.473602],[13.779527,48.468439],[13.808841,48.461346],[13.85036,48.432813],[13.868348,48.426309],[13.874888,48.415842],[13.890952,48.40548],[13.92119,48.39465],[13.898355,48.371329],[13.893017,48.361847],[13.899025,48.35427],[13.892945,48.349908],[13.910724,48.339365],[13.890264,48.320022],[13.87762,48.312327],[13.870106,48.315002],[13.864475,48.303748],[13.855256,48.303637],[13.853319,48.294675],[13.869738,48.28823],[13.900146,48.29683],[13.908893,48.29415],[13.904496,48.282585],[13.885407,48.279052],[13.885896,48.266157],[13.895689,48.251819],[13.919522,48.250802],[13.930805,48.246361],[13.944653,48.250037],[13.965232,48.243305],[13.968852,48.237468],[13.981278,48.235201],[13.990761,48.237855],[13.998459,48.226388],[13.993438,48.216838],[13.972931,48.221937],[13.951116,48.211875],[13.940832,48.210786],[13.916577,48.22029],[13.908212,48.214083],[13.894267,48.21162],[13.888005,48.206706],[13.871154,48.207791],[13.862319,48.205023],[13.842226,48.204576],[13.845269,48.196441],[13.866979,48.184317],[13.877113,48.182583],[13.883869,48.174843],[13.870284,48.170411],[13.867005,48.16187],[13.837057,48.165951],[13.826163,48.17529],[13.815553,48.157456],[13.795527,48.148917],[13.783169,48.148985],[13.773299,48.143026],[13.778457,48.136898],[13.77289,48.127001],[13.754017,48.118063],[13.742756,48.111454],[13.732429,48.114218],[13.71553,48.124598],[13.687535,48.121965],[13.679526,48.132038],[13.663753,48.125797],[13.647878,48.13312],[13.633324,48.130644],[13.608542,48.132423],[13.605269,48.125926],[13.591067,48.12362],[13.582165,48.116855],[13.559032,48.114371],[13.550333,48.119277],[13.510114,48.113681],[13.496852,48.108068],[13.457246,48.106321],[13.438173,48.101096],[13.428081,48.09545],[13.420118,48.084209],[13.401833,48.083594],[13.391845,48.070799],[13.38957,48.054578],[13.381952,48.056819],[13.360406,48.052248],[13.351945,48.052821],[13.346673,48.068449],[13.329631,48.069387],[13.32026,48.049615],[13.309222,48.042745],[13.29885,48.03026],[13.300521,48.025053],[13.319265,48.029944],[13.315844,48.020471],[13.307892,48.019869],[13.303821,48.007824],[13.288081,48.008955],[13.280539,47.997166],[13.258236,47.991883],[13.241244,47.991402],[13.225044,47.986929],[13.198446,47.974544],[13.180107,47.973669],[13.164234,47.975566],[13.147894,47.970227],[13.140842,47.98372],[13.123244,47.995003],[13.094221,47.996717],[13.089018,48.003184],[13.075213,48.004631],[13.073289,48.014924],[13.044958,48.029838],[13.042083,48.040874],[13.026909,48.03238],[13.017448,48.036487],[13.008198,48.030304],[12.973758,48.023672],[12.96148,48.033247],[12.939678,48.036384],[12.922509,48.02481],[12.910914,48.021318],[12.897613,48.004998],[12.891664,47.991653],[12.878576,47.996491],[12.860182,47.99664],[12.85354,48.012459],[12.833994,48.028063],[12.807779,48.043355],[12.762581,48.072334],[12.755235,48.081903],[12.749311,48.108373],[12.751555,48.11281],[12.758437,48.118749],[12.759206,48.127061],[12.768749,48.128477],[12.784728,48.12353],[12.793155,48.132449],[12.799899,48.146642],[12.811583,48.151329],[12.827681,48.153348],[12.836334,48.164629],[12.84806,48.167862],[12.871244,48.201769],[12.916622,48.206415],[12.944684,48.206692],[12.965808,48.214097],[12.997442,48.23642],[13.01293,48.252874],[13.024545,48.258596],[13.05289,48.264908],[13.081158,48.277256],[13.122497,48.277738],[13.142626,48.282891],[13.177043,48.29439],[13.195491,48.295464],[13.253686,48.293156],[13.314484,48.316422],[13.34135,48.331692],[13.374055,48.35647],[13.407838,48.37216],[13.417448,48.383861],[13.42318,48.407012],[13.439803,48.433981],[13.42726,48.456553],[13.457108,48.511443],[13.444932,48.528091],[13.449838,48.536775],[13.43843,48.548895],[13.438253,48.55729],[13.449461,48.563224],[13.463269,48.554442],[13.47508,48.555986],[13.504166,48.573012],[13.503117,48.583692],[13.513369,48.590978],[13.528399,48.586507],[13.566196,48.562579],[13.583136,48.560981],[13.590917,48.568576],[13.599392,48.569062],[13.624901,48.554531],[13.653285,48.548906],[13.662478,48.535256],[13.694189,48.524906],[13.705926,48.517699],[13.727091,48.513019]]]]}},{"type":"Feature","properties":{"NUTS_ID":"AT111","LEVL_CODE":3,"CNTR_CODE":"AT","NAME_LATN":"Mittelburgenland","NUTS_NAME":"Mittelburgenland","MOUNT_TYPE":4,"URBN_TYPE":3,"COAST_TYPE":3,"FID":"AT111"},"geometry":{"type":"MultiPolygon","coordinates":[[[[16.433761,47.352918],[16.414495,47.347588],[16.406477,47.348503],[16.385157,47.343462],[16.369061,47.352463],[16.371265,47.363565],[16.366228,47.38244],[16.351353,47.390664],[16.336241,47.391131],[16.311314,47.406087],[16.301455,47.415269],[16.300278,47.429101],[16.292496,47.440766],[16.294402,47.452083],[16.279839,47.454832],[16.300342,47.46822],[16.296992,47.47772],[16.310536,47.480999],[16.312991,47.489086],[16.325706,47.49646],[16.339883,47.516199],[16.337253,47.52533],[16.310596,47.546268],[16.314199,47.565275],[16.327287,47.578418],[16.330996,47.599041],[16.344507,47.602685],[16.35355,47.610861],[16.349571,47.617283],[16.370527,47.623669],[16.367885,47.635895],[16.372543,47.642135],[16.385625,47.634011],[16.403301,47.637721],[16.421543,47.665298],[16.439156,47.657156],[16.47927,47.649695],[16.486764,47.642558],[16.506569,47.639649],[16.516503,47.644832],[16.551138,47.632506],[16.572886,47.620053],[16.590247,47.617463],[16.621944,47.62619],[16.634948,47.627613],[16.652076,47.622903],[16.659874,47.606547],[16.672067,47.604599],[16.666751,47.596816],[16.674965,47.579526],[16.663147,47.568703],[16.673762,47.559652],[16.688371,47.559148],[16.696578,47.547541],[16.714505,47.539631],[16.70402,47.533277],[16.70487,47.523312],[16.690703,47.511392],[16.668943,47.503536],[16.661518,47.508249],[16.65234,47.500336],[16.66979,47.475496],[16.660657,47.46289],[16.659882,47.454781],[16.64622,47.446597],[16.628058,47.442067],[16.620144,47.431529],[16.611805,47.43163],[16.597254,47.423451],[16.580787,47.418395],[16.572116,47.405761],[16.548201,47.405619],[16.53946,47.409594],[16.517553,47.410018],[16.508508,47.404537],[16.509264,47.396564],[16.498735,47.391273],[16.48568,47.398538],[16.487187,47.40732],[16.458692,47.412988],[16.445692,47.405924],[16.44797,47.397237],[16.458465,47.383808],[16.451653,47.379252],[16.456721,47.369041],[16.452333,47.357094],[16.433761,47.352918]]]]}},{"type":"Feature","properties":{"NUTS_ID":"AT112","LEVL_CODE":3,"CNTR_CODE":"AT","NAME_LATN":"Nordburgenland","NUTS_NAME":"Nordburgenland","MOUNT_TYPE":4,"URBN_TYPE":3,"COAST_TYPE":3,"FID":"AT112"},"geometry":{"type":"MultiPolygon","coordinates":[[[[16.421543,47.665298],[16.403301,47.637721],[16.385625,47.634011],[16.372543,47.642135],[16.360789,47.657096],[16.353689,47.671668],[16.35646,47.67963],[16.334185,47.679587],[16.310106,47.688023],[16.308583,47.69529],[16.294997,47.715921],[16.291747,47.730522],[16.29656,47.741761],[16.298968,47.761036],[16.294657,47.769598],[16.300956,47.786661],[16.277884,47.792601],[16.269726,47.791504],[16.276265,47.808799],[16.284553,47.811644],[16.312055,47.806604],[16.308082,47.790947],[16.32376,47.789232],[16.332723,47.801231],[16.34828,47.806108],[16.348785,47.816462],[16.354427,47.820879],[16.376775,47.82782],[16.373244,47.832708],[16.387212,47.843477],[16.357881,47.867169],[16.382282,47.876035],[16.391151,47.882134],[16.401536,47.876978],[16.410882,47.881245],[16.422971,47.902283],[16.420566,47.912951],[16.436862,47.926843],[16.466077,47.938824],[16.476358,47.937744],[16.489393,47.941875],[16.504471,47.940104],[16.517906,47.943542],[16.523292,47.935393],[16.552463,47.909815],[16.55716,47.902595],[16.580778,47.888759],[16.588852,47.901612],[16.596564,47.904329],[16.629873,47.928968],[16.630974,47.944143],[16.651504,47.950926],[16.656522,47.958812],[16.679939,47.960815],[16.697607,47.96538],[16.699684,47.975861],[16.694525,47.98587],[16.699584,47.990946],[16.701688,48.011579],[16.727608,48.009798],[16.743676,48.01378],[16.754123,48.01287],[16.799398,48.028142],[16.817738,48.029858],[16.828817,48.027994],[16.836397,48.033575],[16.829478,48.040889],[16.840587,48.046162],[16.845416,48.053561],[16.854934,48.056421],[16.871436,48.069794],[16.892562,48.072653],[16.917705,48.065399],[16.915888,48.056788],[16.921329,48.050605],[16.953696,48.045567],[16.973831,48.035848],[16.969664,48.025785],[16.980268,48.024954],[16.997001,48.05558],[17.013252,48.074985],[16.98028,48.093899],[16.970146,48.095975],[16.9744,48.103982],[16.986173,48.111246],[16.998157,48.108251],[17.004069,48.100033],[17.023641,48.101057],[17.014765,48.090623],[17.034352,48.086345],[17.043416,48.101289],[17.061503,48.109213],[17.066741,48.118681],[17.078862,48.105724],[17.090166,48.100134],[17.089632,48.092237],[17.07643,48.086207],[17.078908,48.078244],[17.07223,48.070456],[17.086788,48.065366],[17.069906,48.054797],[17.087018,48.046095],[17.068633,48.031794],[17.090336,48.020478],[17.110966,48.030627],[17.126145,48.021734],[17.143844,48.020188],[17.160798,48.006656],[17.136563,47.995096],[17.094662,47.970871],[17.11689,47.960951],[17.092049,47.935139],[17.111887,47.92637],[17.103304,47.911526],[17.096311,47.905351],[17.103135,47.898083],[17.085187,47.874437],[17.077799,47.877547],[17.05038,47.871967],[17.041164,47.867358],[17.018087,47.86804],[17.012763,47.856665],[17.050241,47.838283],[17.046914,47.828352],[17.073308,47.808687],[17.051652,47.794082],[17.066375,47.769423],[17.07066,47.750431],[17.070607,47.728345],[17.093074,47.708236],[17.040142,47.704323],[16.95933,47.69271],[16.912541,47.687677],[16.87717,47.688354],[16.871615,47.690316],[16.868823,47.721335],[16.855039,47.711139],[16.839555,47.70459],[16.826198,47.682755],[16.749031,47.681416],[16.722004,47.722101],[16.720942,47.735334],[16.655671,47.742284],[16.642163,47.747104],[16.634264,47.759053],[16.622132,47.757241],[16.609917,47.760067],[16.598773,47.75612],[16.568029,47.751938],[16.548616,47.751224],[16.547595,47.742928],[16.536464,47.736642],[16.551306,47.722546],[16.540094,47.712273],[16.522026,47.711404],[16.497766,47.703414],[16.47625,47.690316],[16.474553,47.682207],[16.460505,47.684124],[16.453862,47.696137],[16.447327,47.696309],[16.442331,47.67401],[16.421543,47.665298]]]]}},{"type":"Feature","properties":{"NUTS_ID":"AT113","LEVL_CODE":3,"CNTR_CODE":"AT","NAME_LATN":"Südburgenland","NUTS_NAME":"Südburgenland","MOUNT_TYPE":4,"URBN_TYPE":3,"COAST_TYPE":3,"FID":"AT113"},"geometry":{"type":"MultiPolygon","coordinates":[[[[16.433761,47.352918],[16.448466,47.33988],[16.463474,47.334823],[16.487364,47.283939],[16.47815,47.275104],[16.478888,47.262065],[16.467104,47.252871],[16.447933,47.253172],[16.441141,47.248046],[16.442746,47.233737],[16.438171,47.228503],[16.435654,47.210439],[16.416898,47.205339],[16.420645,47.193731],[16.429049,47.185175],[16.451046,47.187924],[16.463333,47.170934],[16.460037,47.159041],[16.449551,47.151315],[16.454299,47.14231],[16.470114,47.143075],[16.490487,47.148739],[16.516771,47.149323],[16.52859,47.136254],[16.529331,47.127232],[16.499874,47.123415],[16.500028,47.111782],[16.474255,47.104278],[16.46425,47.094577],[16.474098,47.085336],[16.472594,47.074708],[16.487287,47.068841],[16.498735,47.069523],[16.519508,47.061698],[16.520565,47.056181],[16.507542,47.050163],[16.476221,47.046571],[16.441313,47.036148],[16.43998,47.029286],[16.447027,47.023693],[16.463552,47.031679],[16.481936,47.02196],[16.492596,47.010756],[16.511568,47.003036],[16.490779,46.998912],[16.48189,46.994248],[16.463892,46.997779],[16.450106,47.003432],[16.44549,46.993198],[16.424487,46.994626],[16.412479,47.004162],[16.393911,47.00313],[16.372175,46.99935],[16.365904,47.006557],[16.350162,47.009657],[16.34152,46.996376],[16.322469,47.002564],[16.303,46.998759],[16.294715,47.012192],[16.283097,47.00464],[16.282623,46.99574],[16.276704,46.985804],[16.27637,46.963613],[16.255323,46.964209],[16.243675,46.956309],[16.246238,46.949798],[16.229195,46.942525],[16.221704,46.936222],[16.210032,46.942499],[16.197544,46.939957],[16.179055,46.907405],[16.163239,46.904095],[16.133252,46.876341],[16.113849,46.869068],[16.098345,46.861557],[16.091932,46.86458],[16.078899,46.852623],[16.06572,46.849894],[16.058391,46.83867],[16.028756,46.839953],[16.012325,46.835082],[15.996236,46.835398],[16.005018,46.844157],[16.001383,46.847787],[16.007803,46.857857],[16.008829,46.875546],[16.013971,46.883717],[16.03488,46.893753],[16.036283,46.902405],[16.045557,46.909491],[16.061586,46.912876],[16.062592,46.923164],[16.069902,46.934559],[16.09299,46.935027],[16.095194,46.954707],[16.107036,46.964812],[16.111507,46.977128],[16.118429,46.980921],[16.129218,46.995302],[16.149464,46.993863],[16.130866,47.012474],[16.123223,47.026488],[16.1145,47.033009],[16.119998,47.043761],[16.111043,47.049192],[16.106407,47.059774],[16.097221,47.060967],[16.088219,47.072924],[16.0886,47.088415],[16.095385,47.111979],[16.107164,47.117304],[16.115104,47.145014],[16.107474,47.176449],[16.091564,47.198475],[16.092989,47.200224],[16.081707,47.226898],[16.087552,47.242703],[16.079545,47.258394],[16.0814,47.263368],[16.060732,47.294846],[16.059148,47.314726],[16.050838,47.317612],[16.050271,47.331865],[16.03774,47.343286],[16.035385,47.353132],[16.01594,47.367798],[16.033608,47.372496],[16.029231,47.38053],[16.059204,47.383499],[16.068802,47.40058],[16.084191,47.40846],[16.083912,47.396539],[16.093652,47.390467],[16.108456,47.396541],[16.101555,47.413441],[16.126393,47.412879],[16.140998,47.416712],[16.171081,47.421337],[16.195101,47.421961],[16.224036,47.427764],[16.24057,47.436974],[16.254151,47.449869],[16.270138,47.455123],[16.279839,47.454832],[16.294402,47.452083],[16.292496,47.440766],[16.300278,47.429101],[16.301455,47.415269],[16.311314,47.406087],[16.336241,47.391131],[16.351353,47.390664],[16.366228,47.38244],[16.371265,47.363565],[16.369061,47.352463],[16.385157,47.343462],[16.406477,47.348503],[16.414495,47.347588],[16.433761,47.352918]]]]}},{"type":"Feature","properties":{"NUTS_ID":"AT124","LEVL_CODE":3,"CNTR_CODE":"AT","NAME_LATN":"Waldviertel","NUTS_NAME":"Waldviertel","MOUNT_TYPE":4,"URBN_TYPE":3,"COAST_TYPE":3,"FID":"AT124"},"geometry":{"type":"MultiPolygon","coordinates":[[[[15.753634,48.852178],[15.734634,48.828954],[15.759272,48.824212],[15.802979,48.824598],[15.806465,48.81524],[15.822786,48.811365],[15.820236,48.802678],[15.841771,48.792622],[15.855076,48.789883],[15.867491,48.793424],[15.888555,48.785459],[15.878777,48.781124],[15.883622,48.767694],[15.865273,48.764104],[15.861632,48.749965],[15.853726,48.742912],[15.821774,48.74019],[15.807973,48.727235],[15.821299,48.725195],[15.822682,48.716324],[15.80781,48.711563],[15.814033,48.706099],[15.815274,48.692422],[15.832431,48.686412],[15.842194,48.688309],[15.903774,48.677165],[15.918777,48.676299],[15.940722,48.671738],[15.937549,48.663326],[15.928482,48.662833],[15.911228,48.652095],[15.912614,48.637267],[15.906476,48.622559],[15.907547,48.600331],[15.880575,48.604182],[15.829541,48.60222],[15.815955,48.599566],[15.823796,48.591607],[15.813702,48.584675],[15.798439,48.587064],[15.785617,48.581657],[15.760442,48.58174],[15.739954,48.569842],[15.747747,48.564317],[15.746837,48.554362],[15.762146,48.542036],[15.737988,48.539291],[15.73561,48.527008],[15.750193,48.519736],[15.754564,48.507292],[15.771713,48.500923],[15.783352,48.485303],[15.78444,48.475569],[15.774321,48.459347],[15.771487,48.446465],[15.764805,48.43629],[15.765055,48.422879],[15.759004,48.41398],[15.750455,48.409851],[15.746798,48.398588],[15.731307,48.397693],[15.718553,48.392323],[15.731767,48.383671],[15.722278,48.373875],[15.70453,48.371074],[15.667785,48.368824],[15.670072,48.348747],[15.653847,48.337327],[15.640653,48.335202],[15.628422,48.326189],[15.613035,48.332028],[15.591287,48.334759],[15.580915,48.342121],[15.573014,48.337924],[15.550259,48.337524],[15.532915,48.327615],[15.508647,48.326525],[15.509762,48.320038],[15.48391,48.321342],[15.470474,48.312605],[15.458967,48.315723],[15.443993,48.308991],[15.443677,48.322056],[15.41016,48.326106],[15.411759,48.314747],[15.407208,48.294261],[15.400211,48.28266],[15.380899,48.270652],[15.368633,48.278785],[15.340654,48.279403],[15.333711,48.274876],[15.318194,48.27329],[15.299817,48.277462],[15.290594,48.275955],[15.290895,48.28917],[15.305322,48.304195],[15.294497,48.309542],[15.302599,48.315088],[15.303598,48.322676],[15.313808,48.323403],[15.336798,48.337338],[15.328156,48.350685],[15.304132,48.350004],[15.292245,48.353294],[15.27009,48.373864],[15.244226,48.373799],[15.250957,48.356238],[15.203626,48.36505],[15.18816,48.354283],[15.17275,48.354166],[15.164225,48.34413],[15.152005,48.346752],[15.136632,48.341255],[15.139762,48.333408],[15.12534,48.32963],[15.095137,48.338367],[15.090855,48.346835],[15.060532,48.352042],[15.051064,48.361797],[15.014884,48.366798],[14.998377,48.377792],[14.990595,48.371975],[14.980092,48.375396],[14.966448,48.365174],[14.96027,48.376482],[14.963455,48.386222],[14.935354,48.394983],[14.932771,48.399888],[14.946859,48.408761],[14.939941,48.421936],[14.911613,48.430321],[14.898962,48.450161],[14.875637,48.456186],[14.876871,48.464378],[14.867716,48.479892],[14.886803,48.48673],[14.891584,48.499125],[14.90309,48.501554],[14.917374,48.499452],[14.910912,48.515016],[14.900219,48.521661],[14.874899,48.527853],[14.847047,48.530098],[14.847957,48.536052],[14.835827,48.545192],[14.815703,48.549035],[14.808715,48.556155],[14.782714,48.559951],[14.772063,48.556226],[14.763453,48.563473],[14.736708,48.557478],[14.724451,48.563536],[14.712639,48.577953],[14.692365,48.580808],[14.691014,48.584302],[14.705434,48.58496],[14.707234,48.592306],[14.72031,48.602249],[14.714486,48.617612],[14.722101,48.638326],[14.712956,48.651145],[14.727621,48.687465],[14.736677,48.698795],[14.754897,48.70387],[14.758283,48.709251],[14.780703,48.715233],[14.798625,48.731448],[14.808139,48.73388],[14.800863,48.747552],[14.811656,48.76277],[14.80895,48.777955],[14.824778,48.783173],[14.842177,48.783261],[14.856036,48.776286],[14.869188,48.780464],[14.879956,48.780003],[14.8866,48.77105],[14.895054,48.77219],[14.907266,48.767159],[14.917316,48.769112],[14.939479,48.761734],[14.955757,48.75883],[14.978242,48.771382],[14.979224,48.779351],[14.953263,48.789781],[14.959609,48.804664],[14.958447,48.813941],[14.969743,48.823902],[14.968134,48.835361],[14.972499,48.841605],[14.984404,48.844107],[14.973996,48.853878],[14.973135,48.873376],[14.983319,48.875391],[14.983718,48.889888],[14.991559,48.897308],[14.989905,48.915064],[14.979378,48.92984],[14.986056,48.936961],[14.97706,48.954272],[14.97656,48.970968],[14.984054,48.985827],[14.997828,48.991957],[14.999917,49.003353],[14.991378,49.009492],[15.005377,49.012767],[15.020642,49.020525],[15.039855,49.011923],[15.063994,49.014284],[15.066294,48.999552],[15.101306,48.994377],[15.110098,48.999251],[15.132925,48.999959],[15.157331,48.991779],[15.151771,48.98084],[15.169395,48.963062],[15.156297,48.947402],[15.160247,48.941686],[15.177254,48.947064],[15.19048,48.943703],[15.210072,48.956908],[15.224397,48.959628],[15.245341,48.9593],[15.261449,48.953923],[15.268539,48.958178],[15.280904,48.978709],[15.277507,48.993384],[15.289483,48.992729],[15.291863,48.984288],[15.305471,48.978486],[15.321735,48.976124],[15.33266,48.984186],[15.349399,48.984518],[15.365883,48.981707],[15.388153,48.972507],[15.393471,48.965607],[15.429543,48.951186],[15.447576,48.950314],[15.456122,48.945971],[15.468531,48.95114],[15.478555,48.944325],[15.501371,48.935964],[15.506067,48.920367],[15.512939,48.914734],[15.559466,48.904326],[15.580679,48.895697],[15.613563,48.897634],[15.629735,48.885686],[15.635957,48.887094],[15.654986,48.881575],[15.686835,48.857326],[15.713586,48.858051],[15.753634,48.852178]]]]}},{"type":"Feature","properties":{"NUTS_ID":"AT312","LEVL_CODE":3,"CNTR_CODE":"AT","NAME_LATN":"Linz-Wels","NUTS_NAME":"Linz-Wels","MOUNT_TYPE":4,"URBN_TYPE":2,"COAST_TYPE":3,"FID":"AT312"},"geometry":{"type":"MultiPolygon","coordinates":[[[[14.520807,48.237351],[14.490757,48.222777],[14.481761,48.20183],[14.481055,48.171142],[14.467978,48.149974],[14.477691,48.137672],[14.469722,48.12303],[14.490953,48.114989],[14.482755,48.105637],[14.471561,48.105],[14.449785,48.111063],[14.423057,48.108758],[14.415538,48.119691],[14.401432,48.125136],[14.393015,48.135221],[14.376128,48.127681],[14.362353,48.134092],[14.337903,48.125073],[14.319266,48.109978],[14.292389,48.113766],[14.283259,48.110852],[14.279644,48.102181],[14.268498,48.105484],[14.252314,48.10508],[14.25438,48.0948],[14.240637,48.086883],[14.232031,48.085681],[14.210454,48.07624],[14.17026,48.069805],[14.148205,48.088882],[14.156268,48.099377],[14.13498,48.09798],[14.128035,48.088606],[14.11926,48.093069],[14.105612,48.077768],[14.095466,48.078271],[14.089575,48.071402],[14.085947,48.05622],[14.073218,48.050848],[14.055676,48.054326],[14.039777,48.052547],[14.035143,48.044341],[14.031171,48.021726],[14.000345,48.003751],[13.985607,48.00269],[13.975595,48.013891],[13.964688,48.016517],[13.963924,48.023539],[13.944385,48.030444],[13.931189,48.026712],[13.907136,48.027275],[13.905997,48.019989],[13.886947,48.02163],[13.882634,48.014764],[13.867228,48.031021],[13.848294,48.054991],[13.836147,48.046941],[13.823085,48.05426],[13.820344,48.063334],[13.830903,48.071187],[13.825217,48.077611],[13.802986,48.086347],[13.801908,48.100072],[13.779183,48.107851],[13.763689,48.109353],[13.754017,48.118063],[13.77289,48.127001],[13.778457,48.136898],[13.773299,48.143026],[13.783169,48.148985],[13.795527,48.148917],[13.815553,48.157456],[13.826163,48.17529],[13.837057,48.165951],[13.867005,48.16187],[13.870284,48.170411],[13.883869,48.174843],[13.877113,48.182583],[13.866979,48.184317],[13.845269,48.196441],[13.842226,48.204576],[13.862319,48.205023],[13.871154,48.207791],[13.888005,48.206706],[13.894267,48.21162],[13.908212,48.214083],[13.916577,48.22029],[13.940832,48.210786],[13.951116,48.211875],[13.972931,48.221937],[13.993438,48.216838],[13.998459,48.226388],[13.990761,48.237855],[13.981278,48.235201],[13.968852,48.237468],[13.965232,48.243305],[13.944653,48.250037],[13.930805,48.246361],[13.919522,48.250802],[13.895689,48.251819],[13.885896,48.266157],[13.885407,48.279052],[13.904496,48.282585],[13.908893,48.29415],[13.900146,48.29683],[13.869738,48.28823],[13.853319,48.294675],[13.855256,48.303637],[13.864475,48.303748],[13.870106,48.315002],[13.87762,48.312327],[13.890264,48.320022],[13.910724,48.339365],[13.892945,48.349908],[13.899025,48.35427],[13.893017,48.361847],[13.898355,48.371329],[13.92119,48.39465],[13.890952,48.40548],[13.874888,48.415842],[13.868348,48.426309],[13.872804,48.431908],[13.855501,48.441664],[13.86254,48.450232],[13.884747,48.444942],[13.905892,48.454297],[13.918686,48.449156],[13.919919,48.438193],[13.925367,48.429484],[13.926082,48.418873],[13.936586,48.406427],[13.949696,48.407079],[13.955192,48.416749],[13.968337,48.416577],[13.979099,48.421773],[13.999153,48.415122],[14.004075,48.405902],[14.029902,48.375203],[14.047239,48.37808],[14.052923,48.386788],[14.050915,48.399622],[14.069383,48.397273],[14.079004,48.402403],[14.075941,48.412628],[14.090741,48.421094],[14.093409,48.429549],[14.102971,48.437315],[14.104041,48.444526],[14.117656,48.441786],[14.122633,48.446338],[14.138977,48.428882],[14.147265,48.429543],[14.155469,48.438209],[14.1631,48.453048],[14.179339,48.457485],[14.190702,48.454466],[14.234254,48.426426],[14.24037,48.435366],[14.253283,48.444497],[14.267882,48.442445],[14.270379,48.454033],[14.278153,48.467942],[14.296992,48.481852],[14.32229,48.475427],[14.322533,48.466115],[14.328548,48.458485],[14.338665,48.431811],[14.337455,48.42384],[14.357473,48.414254],[14.371497,48.414287],[14.376562,48.426499],[14.389213,48.432339],[14.396546,48.427889],[14.427135,48.429556],[14.4345,48.413414],[14.450665,48.409081],[14.465548,48.39614],[14.465258,48.380822],[14.454826,48.378739],[14.445358,48.366573],[14.432031,48.365662],[14.442528,48.355702],[14.458972,48.351082],[14.463335,48.342284],[14.477274,48.330015],[14.467057,48.326586],[14.462293,48.314184],[14.468114,48.310664],[14.482198,48.31185],[14.481645,48.302278],[14.448879,48.295678],[14.431867,48.302474],[14.417523,48.304144],[14.407894,48.29042],[14.405673,48.262267],[14.399237,48.253641],[14.414749,48.243409],[14.459098,48.236271],[14.495236,48.243489],[14.520807,48.237351]]]]}},{"type":"Feature","properties":{"NUTS_ID":"AT335","LEVL_CODE":3,"CNTR_CODE":"AT","NAME_LATN":"Tiroler Unterland","NUTS_NAME":"Tiroler Unterland","MOUNT_TYPE":3,"URBN_TYPE":3,"COAST_TYPE":3,"FID":"AT335"},"geometry":{"type":"MultiPolygon","coordinates":[[[[12.338046,47.697087],[12.365557,47.684122],[12.42732,47.695855],[12.439155,47.694816],[12.44254,47.689133],[12.439651,47.675665],[12.452326,47.667608],[12.466083,47.6491],[12.489645,47.637627],[12.499624,47.625269],[12.511833,47.625534],[12.538043,47.636189],[12.575026,47.632316],[12.570147,47.615491],[12.575554,47.605116],[12.626071,47.596587],[12.65363,47.588085],[12.664453,47.577658],[12.653817,47.57028],[12.641607,47.555172],[12.628946,47.548779],[12.645301,47.537641],[12.653157,47.535986],[12.658922,47.514399],[12.672687,47.499672],[12.696556,47.487909],[12.699362,47.477616],[12.683803,47.473739],[12.664107,47.465445],[12.643653,47.467695],[12.633692,47.465531],[12.631468,47.459116],[12.637626,47.448064],[12.63795,47.438447],[12.626634,47.427919],[12.620499,47.417774],[12.601396,47.412323],[12.588231,47.398359],[12.578839,47.392868],[12.561793,47.399112],[12.545593,47.397403],[12.526145,47.391064],[12.506358,47.392869],[12.49733,47.381581],[12.48325,47.377274],[12.479132,47.368501],[12.486855,47.352663],[12.497111,47.347557],[12.494996,47.337826],[12.487086,47.336934],[12.478078,47.326621],[12.469685,47.324351],[12.441385,47.328673],[12.420258,47.322202],[12.409544,47.313958],[12.389648,47.315081],[12.374507,47.311427],[12.342401,47.321749],[12.334944,47.328285],[12.320649,47.325866],[12.313423,47.329877],[12.296639,47.332096],[12.294456,47.325497],[12.264044,47.302304],[12.254705,47.308003],[12.237463,47.301602],[12.229817,47.311221],[12.218989,47.311395],[12.207937,47.302515],[12.196652,47.299379],[12.170414,47.302487],[12.143473,47.288772],[12.123869,47.301754],[12.113187,47.305557],[12.092869,47.285505],[12.082136,47.28058],[12.077156,47.268683],[12.101043,47.25707],[12.111169,47.241318],[12.101419,47.234991],[12.094255,47.221825],[12.086775,47.215231],[12.088401,47.205988],[12.08198,47.193609],[12.088581,47.178613],[12.086732,47.169627],[12.093203,47.16154],[12.093473,47.146084],[12.111545,47.138393],[12.115337,47.12249],[12.128767,47.106891],[12.126231,47.093146],[12.136014,47.080667],[12.119373,47.073742],[12.095742,47.077132],[12.081558,47.06834],[12.076448,47.059684],[12.059507,47.058528],[12.041567,47.060743],[12.029898,47.050427],[12.019783,47.047276],[11.979127,47.050001],[11.968102,47.040954],[11.956969,47.042744],[11.947627,47.034191],[11.933321,47.037213],[11.917068,47.032618],[11.892168,47.016779],[11.878822,47.015784],[11.852712,47.00083],[11.843801,47.000784],[11.83534,46.993093],[11.809616,46.990198],[11.782268,46.991787],[11.771629,46.983764],[11.764935,46.973556],[11.747028,46.968872],[11.727761,46.973526],[11.710693,46.992374],[11.689088,46.994988],[11.663293,46.99297],[11.636639,47.003006],[11.627199,47.013299],[11.62937,47.024231],[11.641181,47.026853],[11.650604,47.03806],[11.649618,47.046125],[11.659542,47.053586],[11.65757,47.061148],[11.643761,47.082334],[11.647921,47.089707],[11.634878,47.104472],[11.637658,47.122354],[11.632869,47.139631],[11.643828,47.141989],[11.655844,47.152039],[11.672099,47.160647],[11.664083,47.172329],[11.671039,47.180908],[11.665267,47.190527],[11.667066,47.19798],[11.684531,47.197037],[11.703772,47.20513],[11.705198,47.21601],[11.697549,47.228785],[11.698529,47.239576],[11.693771,47.259344],[11.67978,47.267093],[11.665243,47.280556],[11.655653,47.28572],[11.652228,47.294045],[11.632585,47.311953],[11.619278,47.308725],[11.600915,47.336591],[11.594766,47.340373],[11.598899,47.348381],[11.575091,47.347601],[11.536813,47.357578],[11.518712,47.352954],[11.497219,47.35332],[11.499882,47.362947],[11.51582,47.366687],[11.520281,47.382233],[11.511987,47.388877],[11.481754,47.391101],[11.462622,47.400572],[11.450104,47.403631],[11.438139,47.411304],[11.439336,47.417712],[11.428543,47.425151],[11.434542,47.438149],[11.421427,47.444852],[11.408274,47.466331],[11.391478,47.467154],[11.384371,47.47249],[11.389605,47.480735],[11.405583,47.48967],[11.410219,47.495324],[11.42294,47.506684],[11.44024,47.516799],[11.449323,47.507231],[11.484128,47.509082],[11.507026,47.505201],[11.518658,47.510408],[11.535397,47.509077],[11.549561,47.512816],[11.571787,47.514587],[11.587518,47.525727],[11.585887,47.543975],[11.587833,47.555383],[11.600652,47.567858],[11.606968,47.58099],[11.620891,47.584098],[11.633013,47.581084],[11.632883,47.592446],[11.640404,47.592382],[11.664842,47.584256],[11.683345,47.584786],[11.703345,47.58881],[11.745222,47.588044],[11.775171,47.590392],[11.844634,47.58166],[11.854842,47.602279],[11.863374,47.601275],[11.914447,47.613542],[11.933132,47.612779],[11.982535,47.619065],[12.008932,47.624594],[12.022107,47.6114],[12.036812,47.617127],[12.051997,47.615145],[12.060662,47.618743],[12.083413,47.609885],[12.112989,47.611534],[12.138224,47.60556],[12.163561,47.613275],[12.17804,47.614141],[12.184782,47.604172],[12.201099,47.606301],[12.207723,47.614573],[12.198413,47.642141],[12.186844,47.657331],[12.182446,47.667262],[12.171031,47.677482],[12.162598,47.70113],[12.183236,47.700726],[12.226645,47.718291],[12.248175,47.740073],[12.257072,47.742839],[12.264275,47.731928],[12.246258,47.709465],[12.241663,47.695342],[12.257178,47.6791],[12.264424,47.679017],[12.28387,47.689742],[12.338046,47.697087]]]]}},{"type":"Feature","properties":{"NUTS_ID":"AT341","LEVL_CODE":3,"CNTR_CODE":"AT","NAME_LATN":"Bludenz-Bregenzer Wald","NUTS_NAME":"Bludenz-Bregenzer Wald","MOUNT_TYPE":3,"URBN_TYPE":3,"COAST_TYPE":3,"FID":"AT341"},"geometry":{"type":"MultiPolygon","coordinates":[[[[9.999526,47.483017],[10.010324,47.482292],[10.036924,47.488711],[10.043607,47.487768],[10.053719,47.475009],[10.052851,47.468101],[10.07201,47.456222],[10.089452,47.459473],[10.093952,47.442008],[10.104595,47.428238],[10.094406,47.4176],[10.074982,47.414451],[10.071478,47.407561],[10.085157,47.399511],[10.08289,47.393734],[10.099851,47.354761],[10.119316,47.374996],[10.14128,47.367219],[10.16639,47.36937],[10.169425,47.384801],[10.194701,47.388782],[10.212058,47.381112],[10.226977,47.388137],[10.23481,47.382825],[10.23601,47.372446],[10.217511,47.354633],[10.205115,47.337758],[10.200459,47.326567],[10.213719,47.312179],[10.209038,47.305244],[10.18913,47.294199],[10.179266,47.295225],[10.172088,47.279078],[10.178353,47.270114],[10.176265,47.263255],[10.222192,47.252232],[10.210613,47.246767],[10.198276,47.23564],[10.208274,47.23082],[10.211638,47.222456],[10.212654,47.204815],[10.196786,47.192399],[10.201257,47.17988],[10.210988,47.171317],[10.208112,47.161003],[10.212787,47.157281],[10.220764,47.150439],[10.204459,47.141958],[10.209516,47.133067],[10.188179,47.129876],[10.185457,47.120074],[10.172398,47.119591],[10.15808,47.114],[10.153066,47.104258],[10.13479,47.083002],[10.135019,47.064768],[10.150959,47.060596],[10.156227,47.048745],[10.152229,47.040815],[10.125469,47.024025],[10.133086,47.012786],[10.155182,47.003632],[10.154748,46.991524],[10.160371,46.983521],[10.144095,46.982192],[10.136426,46.969665],[10.134771,46.955688],[10.126229,46.942649],[10.098052,46.925915],[10.099312,46.918737],[10.108242,46.908708],[10.109679,46.895397],[10.117055,46.886105],[10.141144,46.87411],[10.140558,46.862219],[10.144974,46.851009],[10.139097,46.847565],[10.122157,46.847975],[10.10517,46.84091],[10.092583,46.852091],[10.087482,46.860652],[10.053912,46.862488],[10.05166,46.87595],[10.033125,46.888018],[10.017795,46.900844],[10.004704,46.899212],[9.982676,46.906876],[9.977887,46.91589],[9.966689,46.912449],[9.957924,46.915614],[9.938454,46.913257],[9.921929,46.918807],[9.913028,46.925376],[9.894615,46.931411],[9.876149,46.934635],[9.878295,46.955969],[9.87201,46.963115],[9.875577,46.972833],[9.891673,46.989478],[9.888799,47.000733],[9.872971,47.007342],[9.876259,47.020901],[9.86043,47.022657],[9.852894,47.016803],[9.83663,47.013198],[9.810681,47.022609],[9.783335,47.038458],[9.749284,47.037112],[9.742045,47.042112],[9.718136,47.043971],[9.686421,47.056345],[9.681011,47.061579],[9.658804,47.058441],[9.646775,47.059237],[9.636565,47.051705],[9.619111,47.053254],[9.607078,47.060774],[9.618326,47.078635],[9.632264,47.083557],[9.634212,47.10074],[9.620834,47.110545],[9.63356,47.127167],[9.625193,47.133111],[9.62498,47.145716],[9.620581,47.151645],[9.621687,47.170043],[9.629915,47.180729],[9.629136,47.19063],[9.638162,47.206362],[9.649717,47.193513],[9.660509,47.193936],[9.658247,47.203517],[9.641783,47.211247],[9.656658,47.216035],[9.681507,47.199085],[9.706361,47.1935],[9.714148,47.201063],[9.741642,47.206777],[9.753195,47.212102],[9.750956,47.223162],[9.756022,47.236455],[9.76605,47.234647],[9.790324,47.241519],[9.79612,47.246451],[9.782924,47.257267],[9.797873,47.263077],[9.812652,47.262872],[9.826992,47.253764],[9.841317,47.268145],[9.831619,47.27151],[9.824341,47.280261],[9.848057,47.292139],[9.844778,47.302022],[9.830328,47.303653],[9.816704,47.311183],[9.825263,47.323847],[9.82336,47.334369],[9.811288,47.345275],[9.826811,47.354715],[9.844711,47.359734],[9.834506,47.36816],[9.83974,47.373788],[9.825568,47.387909],[9.815118,47.392874],[9.812342,47.403336],[9.801992,47.413559],[9.801836,47.42468],[9.812532,47.437665],[9.822661,47.43269],[9.852889,47.441092],[9.892384,47.444287],[9.885492,47.458561],[9.869424,47.462163],[9.863309,47.47004],[9.862837,47.479243],[9.885049,47.485803],[9.90154,47.488147],[9.916804,47.495114],[9.920151,47.503144],[9.939944,47.497512],[9.942119,47.482159],[9.949101,47.480387],[9.966005,47.487912],[9.999526,47.483017]]]]}},{"type":"Feature","properties":{"NUTS_ID":"AT342","LEVL_CODE":3,"CNTR_CODE":"AT","NAME_LATN":"Rheintal-Bodenseegebiet","NUTS_NAME":"Rheintal-Bodenseegebiet","MOUNT_TYPE":3,"URBN_TYPE":1,"COAST_TYPE":3,"FID":"AT342"},"geometry":{"type":"MultiPolygon","coordinates":[[[[9.967813,47.54624],[9.965028,47.523],[9.972348,47.515653],[9.994454,47.503184],[9.988489,47.497553],[9.999526,47.483017],[9.966005,47.487912],[9.949101,47.480387],[9.942119,47.482159],[9.939944,47.497512],[9.920151,47.503144],[9.916804,47.495114],[9.90154,47.488147],[9.885049,47.485803],[9.862837,47.479243],[9.863309,47.47004],[9.869424,47.462163],[9.885492,47.458561],[9.892384,47.444287],[9.852889,47.441092],[9.822661,47.43269],[9.812532,47.437665],[9.801836,47.42468],[9.801992,47.413559],[9.812342,47.403336],[9.815118,47.392874],[9.825568,47.387909],[9.83974,47.373788],[9.834506,47.36816],[9.844711,47.359734],[9.826811,47.354715],[9.811288,47.345275],[9.82336,47.334369],[9.825263,47.323847],[9.816704,47.311183],[9.830328,47.303653],[9.844778,47.302022],[9.848057,47.292139],[9.824341,47.280261],[9.831619,47.27151],[9.841317,47.268145],[9.826992,47.253764],[9.812652,47.262872],[9.797873,47.263077],[9.782924,47.257267],[9.79612,47.246451],[9.790324,47.241519],[9.76605,47.234647],[9.756022,47.236455],[9.750956,47.223162],[9.753195,47.212102],[9.741642,47.206777],[9.714148,47.201063],[9.706361,47.1935],[9.681507,47.199085],[9.656658,47.216035],[9.641783,47.211247],[9.658247,47.203517],[9.660509,47.193936],[9.649717,47.193513],[9.638162,47.206362],[9.629136,47.19063],[9.629915,47.180729],[9.621687,47.170043],[9.620581,47.151645],[9.606598,47.148748],[9.599076,47.160595],[9.573024,47.176493],[9.573529,47.191102],[9.584809,47.20457],[9.56961,47.218857],[9.554184,47.223703],[9.566843,47.241872],[9.555702,47.252694],[9.541638,47.260064],[9.530749,47.270581],[9.546148,47.279996],[9.555094,47.296844],[9.58156,47.311122],[9.589281,47.319152],[9.599422,47.345002],[9.624479,47.366145],[9.649545,47.367446],[9.661094,47.370605],[9.673324,47.382254],[9.673578,47.391291],[9.657351,47.400157],[9.651902,47.408573],[9.650302,47.421109],[9.644343,47.435157],[9.658005,47.447789],[9.651695,47.454659],[9.622435,47.457922],[9.611774,47.468774],[9.594818,47.463622],[9.583076,47.481519],[9.565803,47.492369],[9.561826,47.504558],[9.558721,47.541893],[9.680359,47.523357],[9.736195,47.535796],[9.735554,47.546112],[9.75568,47.572164],[9.762279,47.584964],[9.777181,47.594486],[9.802751,47.595342],[9.823746,47.587184],[9.826681,47.578096],[9.821436,47.56968],[9.825544,47.56031],[9.8155,47.549296],[9.829767,47.544532],[9.850018,47.541362],[9.858399,47.534468],[9.87449,47.528538],[9.881433,47.547824],[9.900989,47.544286],[9.91473,47.53208],[9.922575,47.529999],[9.941149,47.537577],[9.961124,47.535222],[9.960051,47.542645],[9.967813,47.54624]]]]}},{"type":"Feature","properties":{"NUTS_ID":"AT223","LEVL_CODE":3,"CNTR_CODE":"AT","NAME_LATN":"Östliche Obersteiermark","NUTS_NAME":"Östliche Obersteiermark","MOUNT_TYPE":3,"URBN_TYPE":2,"COAST_TYPE":3,"FID":"AT223"},"geometry":{"type":"MultiPolygon","coordinates":[[[[15.847909,47.568468],[15.827052,47.562105],[15.801802,47.574635],[15.79229,47.572773],[15.784078,47.564083],[15.769751,47.561803],[15.748531,47.553975],[15.734142,47.541957],[15.720245,47.536798],[15.711682,47.526623],[15.693771,47.518518],[15.682044,47.518461],[15.650742,47.505295],[15.644182,47.497845],[15.64795,47.491786],[15.64408,47.484081],[15.628401,47.48487],[15.603126,47.477313],[15.606279,47.46685],[15.593449,47.457591],[15.584265,47.444344],[15.586515,47.430062],[15.580343,47.420698],[15.581646,47.413477],[15.566179,47.406656],[15.535893,47.403041],[15.533024,47.392935],[15.535648,47.371565],[15.530739,47.363248],[15.515109,47.358458],[15.483163,47.359069],[15.474606,47.361533],[15.452586,47.359756],[15.440717,47.364986],[15.422603,47.361577],[15.422075,47.344661],[15.393102,47.326308],[15.396247,47.311837],[15.391121,47.308234],[15.368486,47.31874],[15.337426,47.313038],[15.321055,47.320691],[15.308535,47.332117],[15.283588,47.342237],[15.263361,47.340668],[15.243012,47.343321],[15.230779,47.334951],[15.206485,47.327623],[15.198379,47.32231],[15.187619,47.300016],[15.153025,47.280232],[15.127005,47.275698],[15.115618,47.264709],[15.09765,47.261299],[15.081986,47.242423],[15.066623,47.240279],[15.060561,47.231067],[15.048163,47.226933],[15.03967,47.230637],[15.029861,47.243239],[15.019171,47.245685],[15.015976,47.253933],[15.006334,47.260707],[15.002887,47.270635],[14.984868,47.282046],[14.968347,47.279958],[14.954317,47.289114],[14.942537,47.284668],[14.928324,47.288503],[14.91906,47.286949],[14.906936,47.29562],[14.895228,47.319761],[14.879486,47.326211],[14.863805,47.351086],[14.854731,47.347917],[14.832868,47.351643],[14.819076,47.357076],[14.809228,47.355011],[14.786619,47.367646],[14.774887,47.358819],[14.765915,47.35758],[14.752905,47.349599],[14.752365,47.343545],[14.73094,47.339867],[14.719052,47.347369],[14.702848,47.351349],[14.694524,47.357941],[14.667903,47.367705],[14.650175,47.377084],[14.63318,47.374848],[14.613758,47.378634],[14.613048,47.387808],[14.601747,47.401791],[14.604293,47.427069],[14.603485,47.43221],[14.615626,47.442291],[14.628644,47.444073],[14.6345,47.451352],[14.640097,47.47515],[14.636064,47.493426],[14.643798,47.496865],[14.665636,47.497647],[14.681535,47.518186],[14.683395,47.526649],[14.693847,47.534897],[14.707615,47.539136],[14.72412,47.555743],[14.760705,47.580251],[14.765915,47.585114],[14.789008,47.570035],[14.800241,47.556835],[14.812662,47.550553],[14.815376,47.569877],[14.826792,47.578614],[14.832276,47.59028],[14.845535,47.594464],[14.86249,47.59179],[14.877043,47.599235],[14.906416,47.60371],[14.913497,47.613146],[14.925607,47.613432],[14.942989,47.60965],[14.960262,47.610088],[14.952682,47.59862],[14.966305,47.59741],[15.000516,47.603259],[15.013044,47.602556],[15.034455,47.606113],[15.054866,47.606914],[15.067291,47.61406],[15.066665,47.627684],[15.074375,47.632749],[15.074485,47.64165],[15.066552,47.6491],[15.081018,47.665557],[15.081617,47.671885],[15.075378,47.686775],[15.087444,47.71049],[15.099753,47.719074],[15.123351,47.729998],[15.139453,47.734906],[15.137761,47.742086],[15.104769,47.740022],[15.088096,47.740818],[15.129519,47.746841],[15.138553,47.760151],[15.169161,47.754638],[15.200923,47.754614],[15.209578,47.76319],[15.20291,47.770838],[15.208224,47.78658],[15.21803,47.7941],[15.235009,47.798058],[15.253765,47.79244],[15.267893,47.793038],[15.286592,47.790238],[15.294338,47.799872],[15.293119,47.807959],[15.299474,47.819699],[15.32377,47.820821],[15.335986,47.827213],[15.362357,47.823184],[15.37519,47.823721],[15.392961,47.812989],[15.404983,47.813121],[15.403924,47.799296],[15.411935,47.785531],[15.423406,47.785232],[15.437035,47.79072],[15.451021,47.771922],[15.461279,47.76925],[15.481854,47.770231],[15.506981,47.767143],[15.516584,47.761525],[15.510725,47.751797],[15.517924,47.746113],[15.550569,47.748775],[15.561399,47.745702],[15.611218,47.750853],[15.636068,47.716308],[15.652895,47.716896],[15.671993,47.708612],[15.677197,47.700303],[15.690516,47.704573],[15.697593,47.711855],[15.719287,47.709813],[15.715806,47.697939],[15.728292,47.662407],[15.725973,47.646686],[15.742372,47.642316],[15.746992,47.631496],[15.761813,47.634404],[15.779986,47.642251],[15.799775,47.635848],[15.823423,47.636886],[15.840553,47.618476],[15.858246,47.620423],[15.858188,47.606686],[15.849241,47.596625],[15.846392,47.586178],[15.847909,47.568468]]]]}},{"type":"Feature","properties":{"NUTS_ID":"AT321","LEVL_CODE":3,"CNTR_CODE":"AT","NAME_LATN":"Lungau","NUTS_NAME":"Lungau","MOUNT_TYPE":3,"URBN_TYPE":3,"COAST_TYPE":3,"FID":"AT321"},"geometry":{"type":"MultiPolygon","coordinates":[[[[13.864373,47.251693],[13.86726,47.240213],[13.85088,47.230289],[13.882508,47.204709],[13.901341,47.19503],[13.896221,47.185792],[13.908585,47.183951],[13.918985,47.172347],[13.957125,47.161713],[13.971034,47.149175],[13.993421,47.142144],[13.995315,47.132418],[13.988205,47.126467],[13.972174,47.127315],[13.958334,47.124663],[13.945203,47.135443],[13.936312,47.135282],[13.910181,47.123372],[13.901381,47.115883],[13.883003,47.108999],[13.879701,47.09533],[13.887091,47.090988],[13.905965,47.070676],[13.902851,47.062959],[13.891781,47.054094],[13.865754,47.020774],[13.864688,46.996218],[13.844993,46.98777],[13.842581,46.980245],[13.83318,46.97368],[13.829169,46.963075],[13.811905,46.951701],[13.800656,46.950706],[13.785132,46.944048],[13.77686,46.948583],[13.778187,46.957858],[13.771782,46.977242],[13.759813,46.983006],[13.756837,46.989967],[13.746593,46.993686],[13.733385,46.989948],[13.706892,46.996248],[13.693786,47.007813],[13.687489,47.025615],[13.692935,47.031396],[13.691636,47.039768],[13.648586,47.040168],[13.637494,47.055672],[13.61518,47.059843],[13.602117,47.055251],[13.574819,47.052922],[13.522023,47.068262],[13.456244,47.079861],[13.442296,47.078356],[13.425898,47.080999],[13.406177,47.069697],[13.388523,47.075333],[13.382153,47.081203],[13.379554,47.092733],[13.363195,47.09821],[13.354584,47.097303],[13.34783,47.109837],[13.333078,47.125149],[13.336662,47.142456],[13.329369,47.145692],[13.318113,47.158694],[13.33289,47.170289],[13.335166,47.188144],[13.352544,47.198265],[13.357046,47.207681],[13.371788,47.216519],[13.381952,47.208684],[13.396095,47.206584],[13.411102,47.215956],[13.43356,47.220264],[13.455364,47.217586],[13.471278,47.225277],[13.502142,47.230767],[13.509328,47.228495],[13.531181,47.239085],[13.551521,47.240224],[13.560508,47.2497],[13.579188,47.255882],[13.580211,47.265749],[13.605069,47.27816],[13.60684,47.283295],[13.620267,47.282945],[13.631755,47.274441],[13.652336,47.275801],[13.673853,47.273654],[13.692035,47.265835],[13.696332,47.260212],[13.711365,47.260383],[13.713418,47.269043],[13.724821,47.277671],[13.746438,47.277389],[13.760662,47.265767],[13.78606,47.277075],[13.790529,47.287961],[13.816637,47.29566],[13.823428,47.289245],[13.825938,47.274638],[13.822533,47.269069],[13.864373,47.251693]]]]}},{"type":"Feature","properties":{"NUTS_ID":"AT331","LEVL_CODE":3,"CNTR_CODE":"AT","NAME_LATN":"Außerfern","NUTS_NAME":"Außerfern","MOUNT_TYPE":3,"URBN_TYPE":3,"COAST_TYPE":3,"FID":"AT331"},"geometry":{"type":"MultiPolygon","coordinates":[[[[10.454439,47.555797],[10.473196,47.55036],[10.488915,47.540404],[10.524537,47.535166],[10.552405,47.537037],[10.573778,47.534818],[10.581735,47.548183],[10.580589,47.555075],[10.59813,47.569613],[10.619862,47.566377],[10.633366,47.559443],[10.690619,47.558105],[10.695907,47.544592],[10.709068,47.54327],[10.719435,47.538233],[10.740381,47.538532],[10.758624,47.533557],[10.763764,47.519597],[10.778352,47.514824],[10.795136,47.520727],[10.81128,47.520357],[10.813732,47.525996],[10.83037,47.528346],[10.838525,47.526155],[10.853078,47.533374],[10.886199,47.536848],[10.899715,47.522198],[10.91663,47.513547],[10.877534,47.503046],[10.870831,47.498867],[10.870625,47.48285],[10.886535,47.480163],[10.91069,47.485275],[10.934634,47.482136],[10.928839,47.472201],[10.957056,47.452302],[10.982351,47.430837],[10.984836,47.420971],[10.971216,47.415838],[10.970171,47.40174],[10.991202,47.396131],[10.98659,47.389684],[10.986459,47.361936],[10.969427,47.366183],[10.921533,47.368312],[10.913386,47.351633],[10.899715,47.350373],[10.882497,47.340595],[10.862366,47.336582],[10.855796,47.34821],[10.821811,47.369507],[10.82451,47.374783],[10.819174,47.385896],[10.77365,47.381206],[10.771631,47.372091],[10.762388,47.367547],[10.762413,47.361238],[10.734051,47.356668],[10.716472,47.357804],[10.70661,47.361736],[10.701153,47.350472],[10.694357,47.346617],[10.692191,47.33651],[10.675043,47.339509],[10.662134,47.333173],[10.656202,47.325914],[10.64194,47.323521],[10.638179,47.330091],[10.618263,47.330384],[10.610245,47.327859],[10.612716,47.310053],[10.62901,47.310722],[10.634824,47.293928],[10.648293,47.295959],[10.654884,47.292482],[10.655936,47.276755],[10.650982,47.26808],[10.624868,47.273245],[10.598252,47.273127],[10.588004,47.283668],[10.552405,47.299599],[10.539006,47.293858],[10.552405,47.282983],[10.569265,47.276575],[10.569981,47.264893],[10.565559,47.247609],[10.555841,47.24825],[10.548726,47.235341],[10.533484,47.238076],[10.513695,47.234293],[10.494282,47.237361],[10.477187,47.24292],[10.454933,47.236256],[10.437968,47.222024],[10.443939,47.213775],[10.435678,47.206564],[10.414765,47.178356],[10.395173,47.173846],[10.381637,47.181527],[10.367638,47.184315],[10.35644,47.174777],[10.33639,47.175131],[10.300993,47.171728],[10.295738,47.166398],[10.273556,47.159273],[10.226316,47.153502],[10.212787,47.157281],[10.208112,47.161003],[10.210988,47.171317],[10.201257,47.17988],[10.196786,47.192399],[10.212654,47.204815],[10.211638,47.222456],[10.208274,47.23082],[10.198276,47.23564],[10.210613,47.246767],[10.222192,47.252232],[10.176265,47.263255],[10.178353,47.270114],[10.201912,47.276443],[10.221701,47.275558],[10.23452,47.271113],[10.244341,47.278954],[10.259305,47.281804],[10.265976,47.288076],[10.281423,47.288129],[10.295248,47.299092],[10.315516,47.306133],[10.329617,47.304856],[10.348803,47.317509],[10.346118,47.321526],[10.357771,47.337261],[10.385917,47.356421],[10.38925,47.370269],[10.396165,47.376078],[10.412753,47.378505],[10.420539,47.384246],[10.43019,47.383688],[10.432309,47.402417],[10.438505,47.412982],[10.454912,47.418833],[10.459932,47.42816],[10.474857,47.433069],[10.466197,47.45317],[10.469309,47.469197],[10.463764,47.48274],[10.443245,47.484972],[10.432028,47.50357],[10.440756,47.514392],[10.439542,47.52466],[10.454439,47.555797]]],[[[10.454439,47.555797],[10.445269,47.566378],[10.435076,47.568509],[10.430724,47.577192],[10.437034,47.583759],[10.455951,47.58317],[10.47264,47.58695],[10.472286,47.570892],[10.454439,47.555797]]]]}},{"type":"Feature","properties":{"NUTS_ID":"AT224","LEVL_CODE":3,"CNTR_CODE":"AT","NAME_LATN":"Oststeiermark","NUTS_NAME":"Oststeiermark","MOUNT_TYPE":2,"URBN_TYPE":3,"COAST_TYPE":3,"FID":"AT224"},"geometry":{"type":"MultiPolygon","coordinates":[[[[15.847909,47.568468],[15.863756,47.566958],[15.877489,47.573583],[15.890371,47.570662],[15.903051,47.563975],[15.90615,47.54074],[15.913998,47.531031],[15.938159,47.527247],[15.958396,47.518033],[15.974039,47.520805],[15.999998,47.515764],[16.022113,47.515181],[16.038911,47.50257],[16.04282,47.493892],[16.053315,47.48559],[16.064546,47.485528],[16.064951,47.501818],[16.08154,47.505659],[16.093462,47.511469],[16.098455,47.523838],[16.108484,47.524008],[16.120739,47.510564],[16.113617,47.497104],[16.119619,47.485802],[16.117453,47.474262],[16.132602,47.467501],[16.136917,47.460755],[16.132865,47.453294],[16.140157,47.442515],[16.160723,47.426437],[16.171081,47.421337],[16.140998,47.416712],[16.126393,47.412879],[16.101555,47.413441],[16.108456,47.396541],[16.093652,47.390467],[16.083912,47.396539],[16.084191,47.40846],[16.068802,47.40058],[16.059204,47.383499],[16.029231,47.38053],[16.033608,47.372496],[16.01594,47.367798],[16.035385,47.353132],[16.03774,47.343286],[16.050271,47.331865],[16.050838,47.317612],[16.059148,47.314726],[16.060732,47.294846],[16.0814,47.263368],[16.079545,47.258394],[16.087552,47.242703],[16.081707,47.226898],[16.092989,47.200224],[16.091564,47.198475],[16.107474,47.176449],[16.115104,47.145014],[16.107164,47.117304],[16.095385,47.111979],[16.0886,47.088415],[16.088219,47.072924],[16.097221,47.060967],[16.106407,47.059774],[16.111043,47.049192],[16.119998,47.043761],[16.1145,47.033009],[16.123223,47.026488],[16.130866,47.012474],[16.149464,46.993863],[16.129218,46.995302],[16.118429,46.980921],[16.111507,46.977128],[16.107036,46.964812],[16.095194,46.954707],[16.09299,46.935027],[16.069902,46.934559],[16.062592,46.923164],[16.061586,46.912876],[16.045557,46.909491],[16.036283,46.902405],[16.03488,46.893753],[16.013971,46.883717],[16.008829,46.875546],[16.007803,46.857857],[16.001383,46.847787],[16.005018,46.844157],[15.996236,46.835398],[15.985942,46.826485],[15.997087,46.81184],[15.993038,46.804336],[15.993793,46.791804],[15.989034,46.774937],[15.989209,46.758121],[15.985648,46.752479],[15.993867,46.730606],[16.005465,46.716524],[16.013707,46.716896],[16.029722,46.711014],[16.029632,46.700881],[16.042508,46.6858],[16.038086,46.656145],[16.010867,46.665214],[16.003479,46.676609],[15.983621,46.684615],[15.951192,46.68799],[15.941948,46.691204],[15.913911,46.709225],[15.877844,46.719513],[15.862296,46.722069],[15.832637,46.721974],[15.802688,46.715616],[15.786422,46.707469],[15.768947,46.699396],[15.738983,46.699595],[15.725703,46.696174],[15.696884,46.698839],[15.678886,46.70597],[15.649988,46.705757],[15.654949,46.727883],[15.652561,46.742335],[15.664242,46.754854],[15.677089,46.742501],[15.679237,46.730559],[15.704839,46.724584],[15.717265,46.723756],[15.716917,46.733569],[15.701259,46.744393],[15.721056,46.747576],[15.739329,46.741198],[15.743205,46.746961],[15.737585,46.753861],[15.748608,46.757397],[15.750677,46.763899],[15.742751,46.779327],[15.727629,46.773628],[15.717634,46.781795],[15.697994,46.781817],[15.686614,46.78431],[15.682009,46.814522],[15.685082,46.830225],[15.689122,46.834522],[15.69108,46.862316],[15.677554,46.862124],[15.674415,46.875077],[15.68324,46.882403],[15.665633,46.892785],[15.643128,46.896709],[15.631218,46.894853],[15.614301,46.901266],[15.610229,46.912073],[15.5869,46.962344],[15.598612,46.988844],[15.61618,47.002716],[15.633424,47.000252],[15.644671,46.995594],[15.649365,46.983669],[15.666616,46.978597],[15.682459,46.980308],[15.681219,46.986016],[15.693014,46.989043],[15.717769,46.991293],[15.712017,47.000668],[15.729099,47.005844],[15.725464,47.025871],[15.696008,47.025629],[15.68681,47.030181],[15.686771,47.047505],[15.677077,47.057941],[15.671284,47.056063],[15.638462,47.068172],[15.632911,47.089167],[15.651265,47.110237],[15.657272,47.124548],[15.643466,47.128621],[15.625083,47.142625],[15.607956,47.15196],[15.585512,47.168855],[15.589841,47.175436],[15.586114,47.186597],[15.57053,47.18739],[15.56496,47.195177],[15.529295,47.199836],[15.519847,47.1981],[15.510905,47.189786],[15.502674,47.196259],[15.472929,47.208941],[15.464827,47.198686],[15.441273,47.224292],[15.437687,47.247134],[15.451256,47.257712],[15.439259,47.265751],[15.419717,47.272479],[15.407063,47.300499],[15.396247,47.311837],[15.393102,47.326308],[15.422075,47.344661],[15.422603,47.361577],[15.440717,47.364986],[15.452586,47.359756],[15.474606,47.361533],[15.483163,47.359069],[15.515109,47.358458],[15.530739,47.363248],[15.535648,47.371565],[15.533024,47.392935],[15.535893,47.403041],[15.566179,47.406656],[15.581646,47.413477],[15.580343,47.420698],[15.586515,47.430062],[15.584265,47.444344],[15.593449,47.457591],[15.606279,47.46685],[15.603126,47.477313],[15.628401,47.48487],[15.64408,47.484081],[15.64795,47.491786],[15.644182,47.497845],[15.650742,47.505295],[15.682044,47.518461],[15.693771,47.518518],[15.711682,47.526623],[15.720245,47.536798],[15.734142,47.541957],[15.748531,47.553975],[15.769751,47.561803],[15.784078,47.564083],[15.79229,47.572773],[15.801802,47.574635],[15.827052,47.562105],[15.847909,47.568468]]]]}},{"type":"Feature","properties":{"NUTS_ID":"AT225","LEVL_CODE":3,"CNTR_CODE":"AT","NAME_LATN":"West- und Südsteiermark","NUTS_NAME":"West- und Südsteiermark","MOUNT_TYPE":3,"URBN_TYPE":3,"COAST_TYPE":3,"FID":"AT225"},"geometry":{"type":"MultiPolygon","coordinates":[[[[15.61618,47.002716],[15.598612,46.988844],[15.5869,46.962344],[15.610229,46.912073],[15.614301,46.901266],[15.631218,46.894853],[15.643128,46.896709],[15.665633,46.892785],[15.68324,46.882403],[15.674415,46.875077],[15.677554,46.862124],[15.69108,46.862316],[15.689122,46.834522],[15.685082,46.830225],[15.682009,46.814522],[15.686614,46.78431],[15.697994,46.781817],[15.717634,46.781795],[15.727629,46.773628],[15.742751,46.779327],[15.750677,46.763899],[15.748608,46.757397],[15.737585,46.753861],[15.743205,46.746961],[15.739329,46.741198],[15.721056,46.747576],[15.701259,46.744393],[15.716917,46.733569],[15.717265,46.723756],[15.704839,46.724584],[15.679237,46.730559],[15.677089,46.742501],[15.664242,46.754854],[15.652561,46.742335],[15.654949,46.727883],[15.649988,46.705757],[15.652657,46.691171],[15.639234,46.691181],[15.633549,46.681297],[15.622963,46.679567],[15.607365,46.687402],[15.595283,46.689536],[15.58896,46.683943],[15.57325,46.680017],[15.559183,46.671156],[15.54628,46.670153],[15.552913,46.651894],[15.54467,46.646413],[15.550205,46.639812],[15.536386,46.633104],[15.52007,46.621535],[15.500436,46.614682],[15.492571,46.620194],[15.476244,46.612597],[15.462682,46.616425],[15.462133,46.625946],[15.455882,46.629714],[15.452975,46.640779],[15.436831,46.641026],[15.422655,46.647596],[15.419194,46.65489],[15.401979,46.653548],[15.374327,46.650466],[15.327815,46.652587],[15.320196,46.648435],[15.308221,46.652418],[15.294545,46.652336],[15.278059,46.644003],[15.262724,46.644512],[15.236186,46.639681],[15.224869,46.643014],[15.195603,46.646707],[15.182737,46.655682],[15.169025,46.654246],[15.144347,46.659392],[15.129397,46.650803],[15.108692,46.658913],[15.089158,46.651927],[15.0824,46.645145],[15.06512,46.652112],[15.062654,46.65919],[15.048649,46.66936],[15.034879,46.666393],[15.02257,46.671873],[15.029791,46.679377],[15.035775,46.705992],[15.043997,46.714462],[15.036802,46.72791],[15.042573,46.73394],[15.03136,46.746085],[15.026596,46.759094],[15.027993,46.770644],[14.996381,46.780845],[14.976329,46.784973],[14.979596,46.804102],[14.987106,46.81104],[14.996564,46.827647],[15.012775,46.833308],[15.017523,46.844442],[15.007325,46.85768],[15.008143,46.879895],[15.016783,46.885814],[15.02666,46.909209],[15.017912,46.920377],[14.998225,46.931515],[14.993083,46.937304],[14.978419,46.963783],[14.960311,46.987585],[14.950553,46.992748],[14.938748,46.993219],[14.90665,46.999178],[14.886385,47.011298],[14.873605,47.021992],[14.856988,47.025587],[14.84051,47.04069],[14.842056,47.048613],[14.860935,47.045767],[14.860357,47.051633],[14.867392,47.065854],[14.884061,47.084266],[14.903894,47.075186],[14.913091,47.073561],[14.918555,47.084321],[14.918743,47.110227],[14.929862,47.116613],[14.932123,47.123508],[14.944565,47.13166],[14.941546,47.142224],[14.945102,47.153131],[14.953294,47.15569],[14.967206,47.168023],[14.981318,47.175556],[14.994076,47.189131],[15.005726,47.19348],[15.027259,47.196049],[15.052809,47.211955],[15.067494,47.210573],[15.079676,47.213095],[15.103818,47.211257],[15.111731,47.206845],[15.134679,47.210391],[15.147351,47.201615],[15.159872,47.203162],[15.162648,47.195319],[15.171406,47.18908],[15.184339,47.170339],[15.176687,47.162248],[15.179851,47.151893],[15.170767,47.138524],[15.172569,47.133079],[15.207428,47.0992],[15.210488,47.089441],[15.218779,47.08493],[15.232382,47.085653],[15.245635,47.078817],[15.258406,47.063075],[15.254312,47.038081],[15.263149,47.034184],[15.260478,47.026304],[15.266093,47.017055],[15.284766,47.009161],[15.295716,47.017484],[15.299213,47.008302],[15.306442,47.004597],[15.307236,46.991561],[15.297073,46.981951],[15.30138,46.976347],[15.322952,46.966927],[15.333274,46.965407],[15.348435,46.954053],[15.347788,46.946382],[15.339022,46.936743],[15.3469,46.926994],[15.357894,46.927137],[15.362859,46.918802],[15.371579,46.915915],[15.371356,46.908714],[15.384987,46.903469],[15.3921,46.883617],[15.404221,46.877282],[15.420198,46.879189],[15.424856,46.886696],[15.442145,46.893766],[15.44986,46.905073],[15.463936,46.911124],[15.47856,46.913475],[15.49235,46.904716],[15.496777,46.911014],[15.513229,46.916307],[15.516468,46.925893],[15.52684,46.932969],[15.521458,46.945528],[15.52798,46.947421],[15.54593,46.977226],[15.540702,46.987781],[15.558726,46.994506],[15.57423,46.995259],[15.584519,47.009826],[15.587453,47.018932],[15.607275,47.015909],[15.61618,47.002716]]]]}},{"type":"Feature","properties":{"NUTS_ID":"AT322","LEVL_CODE":3,"CNTR_CODE":"AT","NAME_LATN":"Pinzgau-Pongau","NUTS_NAME":"Pinzgau-Pongau","MOUNT_TYPE":3,"URBN_TYPE":3,"COAST_TYPE":3,"FID":"AT322"},"geometry":{"type":"MultiPolygon","coordinates":[[[[12.695796,47.682223],[12.715019,47.676732],[12.733134,47.678988],[12.746048,47.674714],[12.75738,47.664143],[12.77287,47.666476],[12.77704,47.660427],[12.759405,47.653614],[12.779565,47.633613],[12.78969,47.632769],[12.823785,47.611586],[12.807423,47.610076],[12.791327,47.598367],[12.794308,47.592331],[12.779256,47.579285],[12.795034,47.556627],[12.817784,47.545216],[12.846639,47.545895],[12.852061,47.531136],[12.856776,47.527667],[12.881415,47.521099],[12.88447,47.512755],[12.908724,47.496989],[12.969139,47.474597],[12.976892,47.484437],[12.988499,47.47829],[13.002373,47.464094],[13.017868,47.474677],[13.027637,47.486276],[13.046473,47.492136],[13.046055,47.520502],[13.094553,47.515906],[13.125806,47.532492],[13.141205,47.538519],[13.155873,47.549732],[13.173783,47.549794],[13.184278,47.554755],[13.194465,47.548085],[13.211393,47.547936],[13.232637,47.530644],[13.245005,47.530037],[13.270547,47.534302],[13.291851,47.515935],[13.308393,47.510292],[13.328681,47.510076],[13.343704,47.512425],[13.35635,47.520093],[13.365219,47.519878],[13.381952,47.507466],[13.387065,47.495403],[13.395378,47.488654],[13.395899,47.481253],[13.409736,47.468346],[13.435688,47.458621],[13.443915,47.463786],[13.468386,47.469096],[13.480336,47.473678],[13.487835,47.480914],[13.502669,47.483712],[13.516362,47.496776],[13.547075,47.489967],[13.585585,47.473993],[13.591259,47.460672],[13.585015,47.447426],[13.576578,47.437267],[13.573191,47.42672],[13.564158,47.41673],[13.573884,47.404019],[13.571435,47.393678],[13.580996,47.382079],[13.583055,47.367474],[13.602749,47.33139],[13.595015,47.315332],[13.602252,47.310454],[13.598519,47.293561],[13.60684,47.283295],[13.605069,47.27816],[13.580211,47.265749],[13.579188,47.255882],[13.560508,47.2497],[13.551521,47.240224],[13.531181,47.239085],[13.509328,47.228495],[13.502142,47.230767],[13.471278,47.225277],[13.455364,47.217586],[13.43356,47.220264],[13.411102,47.215956],[13.396095,47.206584],[13.381952,47.208684],[13.371788,47.216519],[13.357046,47.207681],[13.352544,47.198265],[13.335166,47.188144],[13.33289,47.170289],[13.318113,47.158694],[13.329369,47.145692],[13.336662,47.142456],[13.333078,47.125149],[13.34783,47.109837],[13.354584,47.097303],[13.332736,47.095278],[13.307579,47.086657],[13.285883,47.095045],[13.276297,47.0952],[13.250527,47.087741],[13.240376,47.071999],[13.24566,47.067215],[13.245787,47.049416],[13.214265,47.043379],[13.186417,47.044109],[13.169043,47.041699],[13.159358,47.036212],[13.135193,47.035155],[13.123245,47.026842],[13.100862,47.025651],[13.08276,47.027335],[13.073108,47.013459],[13.051841,47.021975],[13.022471,47.029513],[13.020024,47.041027],[13.003961,47.0439],[12.986428,47.036157],[12.964744,47.039866],[12.955618,47.045008],[12.955296,47.053878],[12.944163,47.059858],[12.934543,47.077383],[12.920712,47.081138],[12.89448,47.081374],[12.872297,47.085862],[12.859558,47.08149],[12.836072,47.084083],[12.820463,47.096862],[12.806481,47.09771],[12.785742,47.093146],[12.773575,47.099896],[12.756972,47.098514],[12.737422,47.101099],[12.731221,47.13127],[12.71695,47.128928],[12.704308,47.122503],[12.689645,47.123567],[12.672687,47.120848],[12.671706,47.109517],[12.656083,47.099701],[12.640374,47.105242],[12.618381,47.120608],[12.592291,47.125537],[12.586554,47.131489],[12.566099,47.134807],[12.552382,47.128628],[12.527945,47.13803],[12.520822,47.150377],[12.497599,47.157778],[12.483651,47.157984],[12.482528,47.152582],[12.449752,47.145328],[12.434154,47.14954],[12.418759,47.142714],[12.398905,47.152121],[12.383609,47.144813],[12.365727,47.14042],[12.356287,47.129232],[12.3577,47.112911],[12.346906,47.108978],[12.31889,47.105859],[12.305146,47.092933],[12.283341,47.092209],[12.265814,47.075141],[12.240745,47.069168],[12.225088,47.082704],[12.186276,47.091748],[12.152136,47.079815],[12.136014,47.080667],[12.126231,47.093146],[12.128767,47.106891],[12.115337,47.12249],[12.111545,47.138393],[12.093473,47.146084],[12.093203,47.16154],[12.086732,47.169627],[12.088581,47.178613],[12.08198,47.193609],[12.088401,47.205988],[12.086775,47.215231],[12.094255,47.221825],[12.101419,47.234991],[12.111169,47.241318],[12.101043,47.25707],[12.077156,47.268683],[12.082136,47.28058],[12.092869,47.285505],[12.113187,47.305557],[12.123869,47.301754],[12.143473,47.288772],[12.170414,47.302487],[12.196652,47.299379],[12.207937,47.302515],[12.218989,47.311395],[12.229817,47.311221],[12.237463,47.301602],[12.254705,47.308003],[12.264044,47.302304],[12.294456,47.325497],[12.296639,47.332096],[12.313423,47.329877],[12.320649,47.325866],[12.334944,47.328285],[12.342401,47.321749],[12.374507,47.311427],[12.389648,47.315081],[12.409544,47.313958],[12.420258,47.322202],[12.441385,47.328673],[12.469685,47.324351],[12.478078,47.326621],[12.487086,47.336934],[12.494996,47.337826],[12.497111,47.347557],[12.486855,47.352663],[12.479132,47.368501],[12.48325,47.377274],[12.49733,47.381581],[12.506358,47.392869],[12.526145,47.391064],[12.545593,47.397403],[12.561793,47.399112],[12.578839,47.392868],[12.588231,47.398359],[12.601396,47.412323],[12.620499,47.417774],[12.626634,47.427919],[12.63795,47.438447],[12.637626,47.448064],[12.631468,47.459116],[12.633692,47.465531],[12.643653,47.467695],[12.664107,47.465445],[12.683803,47.473739],[12.699362,47.477616],[12.696556,47.487909],[12.672687,47.499672],[12.658922,47.514399],[12.653157,47.535986],[12.645301,47.537641],[12.628946,47.548779],[12.641607,47.555172],[12.653817,47.57028],[12.664453,47.577658],[12.65363,47.588085],[12.626071,47.596587],[12.575554,47.605116],[12.570147,47.615491],[12.575026,47.632316],[12.583999,47.6491],[12.604631,47.673162],[12.630108,47.675654],[12.650544,47.671503],[12.666371,47.680329],[12.695796,47.682223]]]]}},{"type":"Feature","properties":{"NUTS_ID":"AT323","LEVL_CODE":3,"CNTR_CODE":"AT","NAME_LATN":"Salzburg und Umgebung","NUTS_NAME":"Salzburg und Umgebung","MOUNT_TYPE":3,"URBN_TYPE":2,"COAST_TYPE":3,"FID":"AT323"},"geometry":{"type":"MultiPolygon","coordinates":[[[[13.303821,48.007824],[13.301046,47.995696],[13.326968,47.991389],[13.353458,47.978623],[13.368961,47.976815],[13.372278,47.965843],[13.362005,47.954614],[13.363254,47.945943],[13.357727,47.93975],[13.339978,47.944658],[13.337444,47.953447],[13.314771,47.95798],[13.304911,47.964077],[13.290665,47.960875],[13.28078,47.954943],[13.278449,47.946192],[13.284563,47.929193],[13.278639,47.919703],[13.279924,47.895546],[13.270987,47.892015],[13.277221,47.87727],[13.292519,47.86376],[13.286336,47.845415],[13.290681,47.825024],[13.308918,47.820285],[13.313105,47.812909],[13.346166,47.813504],[13.351091,47.810128],[13.391309,47.795834],[13.39677,47.798862],[13.433796,47.801108],[13.448958,47.804674],[13.482098,47.800958],[13.490489,47.790547],[13.503993,47.79093],[13.511821,47.797139],[13.527151,47.795059],[13.537722,47.784311],[13.533323,47.776454],[13.515212,47.772686],[13.488812,47.781731],[13.465316,47.785554],[13.445016,47.770398],[13.44402,47.757487],[13.434547,47.738864],[13.456981,47.729581],[13.478339,47.723732],[13.502356,47.721843],[13.550893,47.713875],[13.545244,47.702756],[13.534426,47.693317],[13.532931,47.682801],[13.500004,47.669074],[13.499307,47.658089],[13.484015,47.639677],[13.490709,47.631211],[13.513304,47.632051],[13.521228,47.616411],[13.506055,47.600764],[13.505204,47.58326],[13.479643,47.569096],[13.483658,47.552316],[13.47666,47.542763],[13.477013,47.532994],[13.48983,47.514623],[13.502857,47.510835],[13.516362,47.496776],[13.502669,47.483712],[13.487835,47.480914],[13.480336,47.473678],[13.468386,47.469096],[13.443915,47.463786],[13.435688,47.458621],[13.409736,47.468346],[13.395899,47.481253],[13.395378,47.488654],[13.387065,47.495403],[13.381952,47.507466],[13.365219,47.519878],[13.35635,47.520093],[13.343704,47.512425],[13.328681,47.510076],[13.308393,47.510292],[13.291851,47.515935],[13.270547,47.534302],[13.245005,47.530037],[13.232637,47.530644],[13.211393,47.547936],[13.194465,47.548085],[13.184278,47.554755],[13.173783,47.549794],[13.155873,47.549732],[13.141205,47.538519],[13.125806,47.532492],[13.094553,47.515906],[13.046055,47.520502],[13.031544,47.533124],[13.038349,47.543142],[13.054724,47.556873],[13.042626,47.57445],[13.044244,47.582777],[13.068999,47.586521],[13.071508,47.589898],[13.062736,47.60123],[13.070213,47.605799],[13.081038,47.618983],[13.09599,47.628725],[13.096233,47.640942],[13.079813,47.663715],[13.076948,47.673059],[13.079589,47.687494],[13.061962,47.696795],[13.045941,47.712698],[13.028498,47.71671],[13.016771,47.722634],[12.987198,47.707411],[12.956181,47.708188],[12.945667,47.711989],[12.929859,47.709686],[12.905275,47.724336],[12.919791,47.743184],[12.93515,47.748759],[12.936667,47.758357],[12.943465,47.762905],[12.934713,47.771566],[12.93955,47.784503],[12.947355,47.786964],[12.962119,47.798328],[12.989066,47.831963],[13.002633,47.842494],[13.00139,47.854394],[12.987598,47.869191],[12.966457,47.900665],[12.947066,47.921114],[12.936865,47.943309],[12.92098,47.940465],[12.920688,47.950882],[12.912967,47.956471],[12.885299,47.959397],[12.875785,47.962609],[12.869736,47.968938],[12.860182,47.99664],[12.878576,47.996491],[12.891664,47.991653],[12.897613,48.004998],[12.910914,48.021318],[12.922509,48.02481],[12.939678,48.036384],[12.96148,48.033247],[12.973758,48.023672],[13.008198,48.030304],[13.017448,48.036487],[13.026909,48.03238],[13.042083,48.040874],[13.044958,48.029838],[13.073289,48.014924],[13.075213,48.004631],[13.089018,48.003184],[13.094221,47.996717],[13.123244,47.995003],[13.140842,47.98372],[13.147894,47.970227],[13.164234,47.975566],[13.180107,47.973669],[13.198446,47.974544],[13.225044,47.986929],[13.241244,47.991402],[13.258236,47.991883],[13.280539,47.997166],[13.288081,48.008955],[13.303821,48.007824]]]]}},{"type":"Feature","properties":{"NUTS_ID":"AT332","LEVL_CODE":3,"CNTR_CODE":"AT","NAME_LATN":"Innsbruck","NUTS_NAME":"Innsbruck","MOUNT_TYPE":3,"URBN_TYPE":1,"COAST_TYPE":3,"FID":"AT332"},"geometry":{"type":"MultiPolygon","coordinates":[[[[11.421427,47.444852],[11.434542,47.438149],[11.428543,47.425151],[11.439336,47.417712],[11.438139,47.411304],[11.450104,47.403631],[11.462622,47.400572],[11.481754,47.391101],[11.511987,47.388877],[11.520281,47.382233],[11.51582,47.366687],[11.499882,47.362947],[11.497219,47.35332],[11.518712,47.352954],[11.536813,47.357578],[11.575091,47.347601],[11.598899,47.348381],[11.594766,47.340373],[11.600915,47.336591],[11.619278,47.308725],[11.632585,47.311953],[11.652228,47.294045],[11.655653,47.28572],[11.665243,47.280556],[11.67978,47.267093],[11.693771,47.259344],[11.698529,47.239576],[11.697549,47.228785],[11.705198,47.21601],[11.703772,47.20513],[11.684531,47.197037],[11.667066,47.19798],[11.665267,47.190527],[11.671039,47.180908],[11.664083,47.172329],[11.672099,47.160647],[11.655844,47.152039],[11.643828,47.141989],[11.632869,47.139631],[11.637658,47.122354],[11.634878,47.104472],[11.647921,47.089707],[11.643761,47.082334],[11.65757,47.061148],[11.659542,47.053586],[11.649618,47.046125],[11.650604,47.03806],[11.641181,47.026853],[11.62937,47.024231],[11.627199,47.013299],[11.609823,47.011018],[11.599346,47.005503],[11.582036,47.002004],[11.579056,46.996377],[11.551929,46.989831],[11.538537,46.984082],[11.532125,46.991678],[11.512823,47.004567],[11.500474,47.009416],[11.480286,47.010793],[11.470113,47.002061],[11.468611,46.99516],[11.452906,46.99193],[11.441973,46.976606],[11.416812,46.966847],[11.402169,46.965138],[11.382209,46.971052],[11.375868,46.979004],[11.359092,46.990198],[11.345696,46.990107],[11.338363,46.985185],[11.319988,46.991837],[11.306374,46.98393],[11.288699,46.985578],[11.275835,46.980443],[11.26268,46.980135],[11.241653,46.969665],[11.221719,46.969179],[11.207432,46.963131],[11.20235,46.96797],[11.188171,46.969772],[11.175185,46.963181],[11.164282,46.965722],[11.149002,46.964584],[11.142327,46.970609],[11.120589,46.977925],[11.104577,46.980819],[11.090099,46.988501],[11.094612,46.996467],[11.098954,47.017343],[11.114728,47.031262],[11.117274,47.050356],[11.108767,47.054218],[11.101856,47.065491],[11.077153,47.088919],[11.065094,47.112526],[11.059418,47.133534],[11.063799,47.143051],[11.050379,47.154466],[11.044326,47.167202],[11.045611,47.174725],[11.039774,47.194761],[11.053728,47.204274],[11.08298,47.213205],[11.094435,47.224715],[11.066158,47.234248],[11.05875,47.245878],[11.069219,47.25268],[11.069952,47.270467],[11.064547,47.275209],[11.068003,47.288885],[11.059411,47.298202],[11.028048,47.295893],[11.027449,47.305586],[11.015932,47.311639],[10.995524,47.312658],[10.989811,47.331005],[10.993356,47.352293],[11.010924,47.369492],[11.013957,47.394278],[11.016501,47.396368],[11.030289,47.393651],[11.037765,47.396117],[11.100247,47.394759],[11.123226,47.399621],[11.128412,47.411886],[11.181305,47.426244],[11.197189,47.42761],[11.206019,47.433408],[11.219904,47.430895],[11.249448,47.431916],[11.24337,47.420701],[11.222307,47.397347],[11.270849,47.397769],[11.289742,47.407774],[11.291498,47.426622],[11.316418,47.432172],[11.330265,47.439126],[11.338437,47.449283],[11.357629,47.448353],[11.365663,47.445021],[11.378788,47.448957],[11.421427,47.444852]]]]}},{"type":"Feature","properties":{"NUTS_ID":"AT333","LEVL_CODE":3,"CNTR_CODE":"AT","NAME_LATN":"Osttirol","NUTS_NAME":"Osttirol","MOUNT_TYPE":3,"URBN_TYPE":3,"COAST_TYPE":3,"FID":"AT333"},"geometry":{"type":"MultiPolygon","coordinates":[[[[12.656083,47.099701],[12.672687,47.091074],[12.68917,47.078197],[12.700504,47.07241],[12.710187,47.050266],[12.715798,47.044673],[12.737272,47.041776],[12.762615,47.044498],[12.770821,47.041354],[12.75678,47.033205],[12.745082,47.018302],[12.736748,47.012946],[12.736468,47.00554],[12.724501,46.994819],[12.737745,46.980531],[12.747143,46.961221],[12.758866,46.958583],[12.763082,46.949016],[12.785368,46.939847],[12.78365,46.933581],[12.798729,46.923364],[12.808116,46.92246],[12.837633,46.911116],[12.832026,46.901032],[12.841529,46.892151],[12.84314,46.861669],[12.876014,46.844801],[12.886222,46.842353],[12.895628,46.825808],[12.914594,46.820958],[12.952677,46.801368],[12.963968,46.798642],[12.9647,46.786885],[12.95219,46.780787],[12.944828,46.770211],[12.931372,46.764326],[12.917883,46.76589],[12.899732,46.776027],[12.876866,46.76338],[12.856959,46.760344],[12.842528,46.749838],[12.81427,46.749506],[12.809925,46.755487],[12.758907,46.750001],[12.737068,46.741189],[12.723112,46.742142],[12.712243,46.73524],[12.710314,46.714613],[12.718932,46.704062],[12.692473,46.701423],[12.692346,46.691896],[12.685005,46.680172],[12.688657,46.673552],[12.690635,46.656972],[12.665486,46.657859],[12.642401,46.652366],[12.631037,46.661389],[12.619671,46.661594],[12.602934,46.656367],[12.577965,46.656276],[12.570071,46.651453],[12.547099,46.659299],[12.51756,46.677936],[12.502828,46.68006],[12.490292,46.676897],[12.477924,46.679835],[12.474329,46.685925],[12.441984,46.68922],[12.427037,46.69909],[12.38406,46.716332],[12.369171,46.741595],[12.35743,46.774968],[12.31007,46.784458],[12.285518,46.783169],[12.280237,46.791937],[12.291277,46.802816],[12.283914,46.815443],[12.305468,46.834137],[12.305764,46.841275],[12.296583,46.84409],[12.289919,46.856925],[12.291846,46.865193],[12.276633,46.872657],[12.27192,46.885044],[12.241871,46.890263],[12.231349,46.880316],[12.218509,46.873949],[12.200734,46.887569],[12.198546,46.896792],[12.189693,46.905702],[12.169933,46.90957],[12.162586,46.907572],[12.15261,46.91742],[12.16823,46.937452],[12.158718,46.949772],[12.138801,46.956617],[12.137526,46.981702],[12.129062,46.985485],[12.12958,46.993723],[12.121343,47.007002],[12.127173,47.013669],[12.147088,47.024412],[12.164202,47.019541],[12.180462,47.025],[12.204867,47.026976],[12.21621,47.045433],[12.216878,47.058103],[12.240745,47.069168],[12.265814,47.075141],[12.283341,47.092209],[12.305146,47.092933],[12.31889,47.105859],[12.346906,47.108978],[12.3577,47.112911],[12.356287,47.129232],[12.365727,47.14042],[12.383609,47.144813],[12.398905,47.152121],[12.418759,47.142714],[12.434154,47.14954],[12.449752,47.145328],[12.482528,47.152582],[12.483651,47.157984],[12.497599,47.157778],[12.520822,47.150377],[12.527945,47.13803],[12.552382,47.128628],[12.566099,47.134807],[12.586554,47.131489],[12.592291,47.125537],[12.618381,47.120608],[12.640374,47.105242],[12.656083,47.099701]]]]}},{"type":"Feature","properties":{"NUTS_ID":"AT334","LEVL_CODE":3,"CNTR_CODE":"AT","NAME_LATN":"Tiroler Oberland","NUTS_NAME":"Tiroler Oberland","MOUNT_TYPE":3,"URBN_TYPE":3,"COAST_TYPE":3,"FID":"AT334"},"geometry":{"type":"MultiPolygon","coordinates":[[[[11.016501,47.396368],[11.013957,47.394278],[11.010924,47.369492],[10.993356,47.352293],[10.989811,47.331005],[10.995524,47.312658],[11.015932,47.311639],[11.027449,47.305586],[11.028048,47.295893],[11.059411,47.298202],[11.068003,47.288885],[11.064547,47.275209],[11.069952,47.270467],[11.069219,47.25268],[11.05875,47.245878],[11.066158,47.234248],[11.094435,47.224715],[11.08298,47.213205],[11.053728,47.204274],[11.039774,47.194761],[11.045611,47.174725],[11.044326,47.167202],[11.050379,47.154466],[11.063799,47.143051],[11.059418,47.133534],[11.065094,47.112526],[11.077153,47.088919],[11.101856,47.065491],[11.108767,47.054218],[11.117274,47.050356],[11.114728,47.031262],[11.098954,47.017343],[11.094612,46.996467],[11.090099,46.988501],[11.104577,46.980819],[11.120589,46.977925],[11.142327,46.970609],[11.149002,46.964584],[11.164282,46.965722],[11.16335,46.949553],[11.168126,46.945038],[11.155945,46.934867],[11.139709,46.928156],[11.114575,46.930637],[11.1095,46.916821],[11.096578,46.912433],[11.100539,46.888601],[11.089078,46.878529],[11.078944,46.860604],[11.071869,46.854927],[11.082425,46.822026],[11.074025,46.819629],[11.05654,46.808579],[11.040616,46.805178],[11.02225,46.76541],[11.013473,46.771532],[10.99542,46.76729],[10.950831,46.774811],[10.928549,46.773328],[10.920162,46.775061],[10.906128,46.768684],[10.895047,46.769239],[10.885862,46.763167],[10.870862,46.76562],[10.866308,46.772192],[10.853255,46.774241],[10.838291,46.781777],[10.826474,46.773843],[10.814308,46.775677],[10.797321,46.789989],[10.785925,46.795814],[10.778507,46.791239],[10.757031,46.785384],[10.73033,46.78833],[10.726093,46.797845],[10.742886,46.802649],[10.751085,46.814248],[10.763847,46.822628],[10.754916,46.832415],[10.723495,46.838443],[10.715195,46.846354],[10.695225,46.852899],[10.69342,46.864508],[10.672942,46.870849],[10.667369,46.87549],[10.651011,46.866165],[10.624282,46.864407],[10.611852,46.859384],[10.59595,46.85698],[10.589487,46.850557],[10.569065,46.842213],[10.552405,46.839494],[10.552405,46.85001],[10.520761,46.845763],[10.498478,46.848021],[10.481961,46.855096],[10.469652,46.854909],[10.471011,46.873611],[10.465608,46.88487],[10.474599,46.894105],[10.478848,46.910029],[10.485552,46.915175],[10.489351,46.93779],[10.477376,46.940891],[10.456758,46.951408],[10.427822,46.956822],[10.422795,46.96046],[10.425554,46.976395],[10.411196,46.983937],[10.397947,46.996963],[10.389318,47.000524],[10.371388,46.991083],[10.348979,46.990611],[10.330891,46.965853],[10.327457,46.954157],[10.311138,46.950518],[10.306922,46.939851],[10.316577,46.93093],[10.316069,46.925184],[10.293612,46.921812],[10.257511,46.929778],[10.241699,46.931635],[10.24161,46.919063],[10.233326,46.902583],[10.226442,46.895735],[10.234603,46.884029],[10.230905,46.866442],[10.206291,46.864746],[10.194751,46.866264],[10.180485,46.855171],[10.157808,46.848575],[10.144974,46.851009],[10.140558,46.862219],[10.141144,46.87411],[10.117055,46.886105],[10.109679,46.895397],[10.108242,46.908708],[10.099312,46.918737],[10.098052,46.925915],[10.126229,46.942649],[10.134771,46.955688],[10.136426,46.969665],[10.144095,46.982192],[10.160371,46.983521],[10.154748,46.991524],[10.155182,47.003632],[10.133086,47.012786],[10.125469,47.024025],[10.152229,47.040815],[10.156227,47.048745],[10.150959,47.060596],[10.135019,47.064768],[10.13479,47.083002],[10.153066,47.104258],[10.15808,47.114],[10.172398,47.119591],[10.185457,47.120074],[10.188179,47.129876],[10.209516,47.133067],[10.204459,47.141958],[10.220764,47.150439],[10.212787,47.157281],[10.226316,47.153502],[10.273556,47.159273],[10.295738,47.166398],[10.300993,47.171728],[10.33639,47.175131],[10.35644,47.174777],[10.367638,47.184315],[10.381637,47.181527],[10.395173,47.173846],[10.414765,47.178356],[10.435678,47.206564],[10.443939,47.213775],[10.437968,47.222024],[10.454933,47.236256],[10.477187,47.24292],[10.494282,47.237361],[10.513695,47.234293],[10.533484,47.238076],[10.548726,47.235341],[10.555841,47.24825],[10.565559,47.247609],[10.569981,47.264893],[10.569265,47.276575],[10.552405,47.282983],[10.539006,47.293858],[10.552405,47.299599],[10.588004,47.283668],[10.598252,47.273127],[10.624868,47.273245],[10.650982,47.26808],[10.655936,47.276755],[10.654884,47.292482],[10.648293,47.295959],[10.634824,47.293928],[10.62901,47.310722],[10.612716,47.310053],[10.610245,47.327859],[10.618263,47.330384],[10.638179,47.330091],[10.64194,47.323521],[10.656202,47.325914],[10.662134,47.333173],[10.675043,47.339509],[10.692191,47.33651],[10.694357,47.346617],[10.701153,47.350472],[10.70661,47.361736],[10.716472,47.357804],[10.734051,47.356668],[10.762413,47.361238],[10.762388,47.367547],[10.771631,47.372091],[10.77365,47.381206],[10.819174,47.385896],[10.82451,47.374783],[10.821811,47.369507],[10.855796,47.34821],[10.862366,47.336582],[10.882497,47.340595],[10.899715,47.350373],[10.913386,47.351633],[10.921533,47.368312],[10.969427,47.366183],[10.986459,47.361936],[10.98659,47.389684],[10.991202,47.396131],[11.016501,47.396368]]]]}},{"type":"Feature","properties":{"NUTS_ID":"AT313","LEVL_CODE":3,"CNTR_CODE":"AT","NAME_LATN":"Mühlviertel","NUTS_NAME":"Mühlviertel","MOUNT_TYPE":3,"URBN_TYPE":3,"COAST_TYPE":3,"FID":"AT313"},"geometry":{"type":"MultiPolygon","coordinates":[[[[14.691014,48.584302],[14.692365,48.580808],[14.712639,48.577953],[14.724451,48.563536],[14.736708,48.557478],[14.763453,48.563473],[14.772063,48.556226],[14.782714,48.559951],[14.808715,48.556155],[14.815703,48.549035],[14.835827,48.545192],[14.847957,48.536052],[14.847047,48.530098],[14.874899,48.527853],[14.900219,48.521661],[14.910912,48.515016],[14.917374,48.499452],[14.90309,48.501554],[14.891584,48.499125],[14.886803,48.48673],[14.867716,48.479892],[14.876871,48.464378],[14.875637,48.456186],[14.898962,48.450161],[14.911613,48.430321],[14.939941,48.421936],[14.946859,48.408761],[14.932771,48.399888],[14.935354,48.394983],[14.963455,48.386222],[14.96027,48.376482],[14.952495,48.363108],[14.948531,48.33925],[14.942395,48.323796],[14.959619,48.325344],[14.983452,48.320291],[14.984163,48.29913],[14.988612,48.280398],[14.989338,48.256523],[14.970872,48.245577],[14.972032,48.234322],[14.955659,48.223107],[14.959623,48.215463],[14.974915,48.20434],[14.959122,48.203778],[14.943789,48.225797],[14.937277,48.230305],[14.914398,48.232334],[14.893556,48.228026],[14.886267,48.232431],[14.857974,48.225493],[14.856162,48.211464],[14.840559,48.193413],[14.83079,48.188984],[14.817449,48.189192],[14.761592,48.177157],[14.738314,48.174107],[14.715843,48.178526],[14.706641,48.170058],[14.704,48.161803],[14.688247,48.156435],[14.643215,48.175083],[14.622677,48.190304],[14.610105,48.196899],[14.588415,48.22063],[14.56047,48.230162],[14.53625,48.23664],[14.520807,48.237351],[14.495236,48.243489],[14.459098,48.236271],[14.414749,48.243409],[14.399237,48.253641],[14.405673,48.262267],[14.407894,48.29042],[14.417523,48.304144],[14.431867,48.302474],[14.448879,48.295678],[14.481645,48.302278],[14.482198,48.31185],[14.468114,48.310664],[14.462293,48.314184],[14.467057,48.326586],[14.477274,48.330015],[14.463335,48.342284],[14.458972,48.351082],[14.442528,48.355702],[14.432031,48.365662],[14.445358,48.366573],[14.454826,48.378739],[14.465258,48.380822],[14.465548,48.39614],[14.450665,48.409081],[14.4345,48.413414],[14.427135,48.429556],[14.396546,48.427889],[14.389213,48.432339],[14.376562,48.426499],[14.371497,48.414287],[14.357473,48.414254],[14.337455,48.42384],[14.338665,48.431811],[14.328548,48.458485],[14.322533,48.466115],[14.32229,48.475427],[14.296992,48.481852],[14.278153,48.467942],[14.270379,48.454033],[14.267882,48.442445],[14.253283,48.444497],[14.24037,48.435366],[14.234254,48.426426],[14.190702,48.454466],[14.179339,48.457485],[14.1631,48.453048],[14.155469,48.438209],[14.147265,48.429543],[14.138977,48.428882],[14.122633,48.446338],[14.117656,48.441786],[14.104041,48.444526],[14.102971,48.437315],[14.093409,48.429549],[14.090741,48.421094],[14.075941,48.412628],[14.079004,48.402403],[14.069383,48.397273],[14.050915,48.399622],[14.052923,48.386788],[14.047239,48.37808],[14.029902,48.375203],[14.004075,48.405902],[13.999153,48.415122],[13.979099,48.421773],[13.968337,48.416577],[13.955192,48.416749],[13.949696,48.407079],[13.936586,48.406427],[13.926082,48.418873],[13.925367,48.429484],[13.919919,48.438193],[13.918686,48.449156],[13.905892,48.454297],[13.884747,48.444942],[13.86254,48.450232],[13.855501,48.441664],[13.872804,48.431908],[13.868348,48.426309],[13.85036,48.432813],[13.808841,48.461346],[13.779527,48.468439],[13.774337,48.473602],[13.747969,48.489733],[13.733767,48.508037],[13.727091,48.513019],[13.734236,48.525099],[13.744684,48.528212],[13.748466,48.538297],[13.744282,48.54406],[13.756388,48.565189],[13.770883,48.554233],[13.790481,48.571258],[13.800997,48.57369],[13.806641,48.585122],[13.802269,48.596902],[13.815179,48.61331],[13.825764,48.618616],[13.82306,48.641849],[13.81473,48.649607],[13.819078,48.674069],[13.813842,48.683819],[13.81928,48.694461],[13.833604,48.6919],[13.837341,48.700128],[13.813904,48.701505],[13.810946,48.708165],[13.796107,48.7136],[13.809876,48.727915],[13.818309,48.73238],[13.82172,48.754453],[13.838005,48.764733],[13.839507,48.771605],[13.867747,48.769449],[13.89726,48.755925],[13.915015,48.743948],[13.940377,48.722735],[13.952888,48.720369],[13.956952,48.71456],[14.004448,48.707766],[14.01732,48.691936],[14.025266,48.688657],[14.034577,48.678245],[14.059283,48.673702],[14.059642,48.664423],[14.053291,48.653628],[14.025653,48.652444],[14.02283,48.646005],[14.010569,48.639653],[14.031182,48.627474],[14.046864,48.627463],[14.042193,48.612856],[14.054652,48.605248],[14.067255,48.604851],[14.07564,48.599555],[14.09552,48.598952],[14.095584,48.592238],[14.115935,48.589171],[14.131425,48.597257],[14.154191,48.595345],[14.163534,48.589235],[14.182933,48.593526],[14.221553,48.58644],[14.240734,48.578262],[14.256012,48.581423],[14.270392,48.580994],[14.280472,48.573767],[14.31007,48.564408],[14.324075,48.563427],[14.32724,48.554728],[14.341414,48.554684],[14.352214,48.563099],[14.358626,48.574402],[14.369395,48.570142],[14.387564,48.571928],[14.393656,48.577474],[14.385768,48.591788],[14.413065,48.592626],[14.429344,48.588979],[14.443557,48.604144],[14.448052,48.620308],[14.455307,48.62604],[14.444255,48.642639],[14.469159,48.646469],[14.481975,48.63638],[14.493348,48.63226],[14.495715,48.622615],[14.502669,48.6181],[14.516254,48.619563],[14.52704,48.614803],[14.547134,48.613802],[14.554882,48.605756],[14.581083,48.616557],[14.592611,48.619081],[14.60512,48.628012],[14.613442,48.626209],[14.626738,48.604355],[14.64649,48.609235],[14.654984,48.602428],[14.664123,48.582294],[14.691014,48.584302]]]]}},{"type":"Feature","properties":{"NUTS_ID":"AT314","LEVL_CODE":3,"CNTR_CODE":"AT","NAME_LATN":"Steyr-Kirchdorf","NUTS_NAME":"Steyr-Kirchdorf","MOUNT_TYPE":3,"URBN_TYPE":3,"COAST_TYPE":3,"FID":"AT314"},"geometry":{"type":"MultiPolygon","coordinates":[[[[14.482755,48.105637],[14.469772,48.100028],[14.458433,48.09004],[14.46567,48.084464],[14.455682,48.07946],[14.458235,48.073411],[14.452531,48.064882],[14.460311,48.060425],[14.457109,48.041381],[14.468293,48.036854],[14.486423,48.01287],[14.493047,48.011082],[14.494698,47.998492],[14.501426,47.994359],[14.52555,47.990415],[14.556719,47.980725],[14.561539,47.976441],[14.585794,47.967256],[14.604958,47.951758],[14.62892,47.94267],[14.64845,47.942075],[14.70125,47.926287],[14.727801,47.932936],[14.73191,47.922857],[14.756652,47.905831],[14.760732,47.895469],[14.770179,47.885808],[14.770311,47.880167],[14.755855,47.866517],[14.736367,47.863302],[14.710927,47.850848],[14.723846,47.839574],[14.72219,47.831337],[14.711153,47.823129],[14.713437,47.813845],[14.731406,47.800272],[14.713952,47.787519],[14.724833,47.767704],[14.743934,47.755842],[14.738545,47.747426],[14.715538,47.759607],[14.697896,47.764703],[14.672306,47.741771],[14.652932,47.737732],[14.645688,47.725101],[14.615936,47.730546],[14.601436,47.727131],[14.582404,47.7175],[14.567192,47.716478],[14.554397,47.719638],[14.53334,47.712474],[14.521242,47.703931],[14.527661,47.694179],[14.518598,47.682449],[14.506273,47.677846],[14.488623,47.681141],[14.470021,47.669887],[14.450187,47.663697],[14.443312,47.655632],[14.432178,47.652702],[14.419575,47.656345],[14.399627,47.653023],[14.393105,47.6491],[14.392484,47.635906],[14.361097,47.628927],[14.338368,47.619969],[14.326195,47.607546],[14.295642,47.608593],[14.280602,47.613855],[14.264852,47.610829],[14.234002,47.629257],[14.224483,47.64042],[14.231701,47.650838],[14.205851,47.65204],[14.177558,47.637732],[14.168346,47.639118],[14.145646,47.636702],[14.131812,47.629947],[14.109808,47.626723],[14.093417,47.619945],[14.073832,47.6175],[14.0511,47.617663],[14.046101,47.627889],[14.054717,47.665782],[14.04522,47.676015],[14.036003,47.679829],[14.010663,47.700511],[14.029831,47.712534],[14.046808,47.710397],[14.060884,47.716797],[14.05966,47.729],[14.028658,47.760007],[14.033291,47.773991],[14.014873,47.775475],[14.005085,47.786202],[14.006054,47.793918],[14.000133,47.800649],[14.030034,47.80548],[14.044817,47.812168],[14.060884,47.822967],[14.091798,47.82793],[14.098036,47.845159],[14.088725,47.846925],[14.085947,47.855519],[14.040422,47.872969],[14.016648,47.870542],[14.00705,47.876914],[13.991538,47.879326],[13.984617,47.893707],[13.985456,47.902919],[13.979647,47.909114],[13.978832,47.921912],[13.991131,47.926608],[13.993217,47.943001],[13.98096,47.956175],[13.98893,47.96576],[13.976254,47.971923],[13.963339,47.972488],[13.955782,47.977372],[13.959763,47.984362],[13.97133,47.988111],[13.975616,47.996256],[13.985607,48.00269],[14.000345,48.003751],[14.031171,48.021726],[14.035143,48.044341],[14.039777,48.052547],[14.055676,48.054326],[14.073218,48.050848],[14.085947,48.05622],[14.089575,48.071402],[14.095466,48.078271],[14.105612,48.077768],[14.11926,48.093069],[14.128035,48.088606],[14.13498,48.09798],[14.156268,48.099377],[14.148205,48.088882],[14.17026,48.069805],[14.210454,48.07624],[14.232031,48.085681],[14.240637,48.086883],[14.25438,48.0948],[14.252314,48.10508],[14.268498,48.105484],[14.279644,48.102181],[14.283259,48.110852],[14.292389,48.113766],[14.319266,48.109978],[14.337903,48.125073],[14.362353,48.134092],[14.376128,48.127681],[14.393015,48.135221],[14.401432,48.125136],[14.415538,48.119691],[14.423057,48.108758],[14.449785,48.111063],[14.471561,48.105],[14.482755,48.105637]]]]}},{"type":"Feature","properties":{"NUTS_ID":"AT315","LEVL_CODE":3,"CNTR_CODE":"AT","NAME_LATN":"Traunviertel","NUTS_NAME":"Traunviertel","MOUNT_TYPE":3,"URBN_TYPE":3,"COAST_TYPE":3,"FID":"AT315"},"geometry":{"type":"MultiPolygon","coordinates":[[[[13.754017,48.118063],[13.763689,48.109353],[13.779183,48.107851],[13.801908,48.100072],[13.802986,48.086347],[13.825217,48.077611],[13.830903,48.071187],[13.820344,48.063334],[13.823085,48.05426],[13.836147,48.046941],[13.848294,48.054991],[13.867228,48.031021],[13.882634,48.014764],[13.886947,48.02163],[13.905997,48.019989],[13.907136,48.027275],[13.931189,48.026712],[13.944385,48.030444],[13.963924,48.023539],[13.964688,48.016517],[13.975595,48.013891],[13.985607,48.00269],[13.975616,47.996256],[13.97133,47.988111],[13.959763,47.984362],[13.955782,47.977372],[13.963339,47.972488],[13.976254,47.971923],[13.98893,47.96576],[13.98096,47.956175],[13.993217,47.943001],[13.991131,47.926608],[13.978832,47.921912],[13.979647,47.909114],[13.985456,47.902919],[13.984617,47.893707],[13.991538,47.879326],[14.00705,47.876914],[14.016648,47.870542],[14.040422,47.872969],[14.085947,47.855519],[14.088725,47.846925],[14.098036,47.845159],[14.091798,47.82793],[14.060884,47.822967],[14.044817,47.812168],[14.030034,47.80548],[14.000133,47.800649],[14.006054,47.793918],[14.005085,47.786202],[14.014873,47.775475],[14.033291,47.773991],[14.028658,47.760007],[14.05966,47.729],[14.060884,47.716797],[14.046808,47.710397],[14.029831,47.712534],[14.010663,47.700511],[14.001046,47.703027],[13.981215,47.698292],[13.950985,47.709182],[13.918281,47.706183],[13.903424,47.717211],[13.860894,47.727382],[13.850275,47.715113],[13.835109,47.718362],[13.793007,47.712755],[13.779566,47.718086],[13.763913,47.70366],[13.755241,47.699038],[13.749392,47.687955],[13.735018,47.684627],[13.736,47.674375],[13.721609,47.67209],[13.706629,47.663331],[13.707116,47.656232],[13.692853,47.621917],[13.698717,47.602417],[13.693034,47.587952],[13.713188,47.575734],[13.735701,47.576146],[13.755413,47.551889],[13.746185,47.54077],[13.751358,47.525864],[13.760394,47.519554],[13.748962,47.50166],[13.729293,47.491133],[13.720141,47.481736],[13.718309,47.473097],[13.724656,47.463009],[13.667876,47.462964],[13.633085,47.466368],[13.609285,47.47488],[13.585585,47.473993],[13.547075,47.489967],[13.516362,47.496776],[13.502857,47.510835],[13.48983,47.514623],[13.477013,47.532994],[13.47666,47.542763],[13.483658,47.552316],[13.479643,47.569096],[13.505204,47.58326],[13.506055,47.600764],[13.521228,47.616411],[13.513304,47.632051],[13.490709,47.631211],[13.484015,47.639677],[13.499307,47.658089],[13.500004,47.669074],[13.532931,47.682801],[13.534426,47.693317],[13.545244,47.702756],[13.550893,47.713875],[13.502356,47.721843],[13.478339,47.723732],[13.456981,47.729581],[13.434547,47.738864],[13.44402,47.757487],[13.445016,47.770398],[13.465316,47.785554],[13.488812,47.781731],[13.515212,47.772686],[13.533323,47.776454],[13.537722,47.784311],[13.527151,47.795059],[13.511821,47.797139],[13.503993,47.79093],[13.490489,47.790547],[13.482098,47.800958],[13.448958,47.804674],[13.433796,47.801108],[13.39677,47.798862],[13.391309,47.795834],[13.351091,47.810128],[13.346166,47.813504],[13.313105,47.812909],[13.308918,47.820285],[13.290681,47.825024],[13.286336,47.845415],[13.292519,47.86376],[13.277221,47.87727],[13.270987,47.892015],[13.279924,47.895546],[13.278639,47.919703],[13.284563,47.929193],[13.278449,47.946192],[13.28078,47.954943],[13.290665,47.960875],[13.304911,47.964077],[13.314771,47.95798],[13.337444,47.953447],[13.339978,47.944658],[13.357727,47.93975],[13.363254,47.945943],[13.362005,47.954614],[13.372278,47.965843],[13.368961,47.976815],[13.353458,47.978623],[13.326968,47.991389],[13.301046,47.995696],[13.303821,48.007824],[13.307892,48.019869],[13.315844,48.020471],[13.319265,48.029944],[13.300521,48.025053],[13.29885,48.03026],[13.309222,48.042745],[13.32026,48.049615],[13.329631,48.069387],[13.346673,48.068449],[13.351945,48.052821],[13.360406,48.052248],[13.381952,48.056819],[13.38957,48.054578],[13.391845,48.070799],[13.401833,48.083594],[13.420118,48.084209],[13.428081,48.09545],[13.438173,48.101096],[13.457246,48.106321],[13.496852,48.108068],[13.510114,48.113681],[13.550333,48.119277],[13.559032,48.114371],[13.582165,48.116855],[13.591067,48.12362],[13.605269,48.125926],[13.608542,48.132423],[13.633324,48.130644],[13.647878,48.13312],[13.663753,48.125797],[13.679526,48.132038],[13.687535,48.121965],[13.71553,48.124598],[13.732429,48.114218],[13.742756,48.111454],[13.754017,48.118063]]]]}},{"type":"Feature","properties":{"NUTS_ID":"DE141","LEVL_CODE":3,"CNTR_CODE":"DE","NAME_LATN":"Reutlingen","NUTS_NAME":"Reutlingen","MOUNT_TYPE":1,"URBN_TYPE":2,"COAST_TYPE":3,"FID":"DE141"},"geometry":{"type":"MultiPolygon","coordinates":[[[[9.582476,48.539147],[9.585174,48.536741],[9.582296,48.530321],[9.59019,48.51168],[9.589621,48.487841],[9.597418,48.474494],[9.614097,48.470205],[9.631436,48.444017],[9.638234,48.424659],[9.626248,48.417834],[9.625596,48.403044],[9.620601,48.396229],[9.593846,48.398142],[9.580584,48.39219],[9.589824,48.383446],[9.583085,48.377887],[9.60287,48.374588],[9.589311,48.364991],[9.592064,48.356328],[9.579513,48.327676],[9.557803,48.331978],[9.549112,48.320319],[9.533513,48.315935],[9.553634,48.305813],[9.555708,48.29433],[9.541965,48.291261],[9.527827,48.284024],[9.507283,48.278975],[9.508295,48.269605],[9.524761,48.267416],[9.52658,48.254303],[9.489912,48.241307],[9.490054,48.23271],[9.498024,48.213762],[9.469975,48.201799],[9.462522,48.208634],[9.441244,48.204405],[9.436676,48.195117],[9.425633,48.195781],[9.42193,48.202388],[9.399993,48.197375],[9.385969,48.199537],[9.368309,48.216958],[9.362343,48.226824],[9.347567,48.239501],[9.348447,48.242813],[9.324561,48.257735],[9.311264,48.259589],[9.299492,48.269969],[9.288648,48.284897],[9.269696,48.286959],[9.269477,48.279523],[9.250245,48.268545],[9.221792,48.269148],[9.219007,48.279548],[9.201184,48.286754],[9.187028,48.280836],[9.162658,48.312209],[9.191944,48.308293],[9.210689,48.308326],[9.216484,48.317469],[9.215228,48.328401],[9.208852,48.333299],[9.190623,48.33767],[9.174832,48.344276],[9.167859,48.352795],[9.177984,48.360594],[9.177839,48.367747],[9.12948,48.372898],[9.123022,48.383638],[9.126058,48.397568],[9.143136,48.404896],[9.144275,48.413967],[9.116917,48.427282],[9.115689,48.435762],[9.120661,48.445219],[9.139054,48.456719],[9.137776,48.467676],[9.120238,48.4745],[9.126942,48.482817],[9.152845,48.492628],[9.148611,48.500374],[9.13727,48.505753],[9.137554,48.520348],[9.156246,48.526149],[9.164354,48.522976],[9.172992,48.528029],[9.175177,48.539371],[9.171322,48.548493],[9.152107,48.548311],[9.140095,48.562495],[9.128193,48.569695],[9.126066,48.58217],[9.130664,48.591095],[9.129176,48.601266],[9.151229,48.604055],[9.179665,48.604613],[9.189303,48.598297],[9.203142,48.603683],[9.205166,48.593666],[9.197959,48.589829],[9.207084,48.581661],[9.208744,48.571668],[9.225096,48.565673],[9.23839,48.578103],[9.254468,48.56832],[9.265366,48.56601],[9.295951,48.566707],[9.295732,48.573435],[9.312243,48.580393],[9.322105,48.575335],[9.312497,48.564249],[9.319619,48.557873],[9.314768,48.547157],[9.326831,48.540726],[9.340403,48.548436],[9.360589,48.543219],[9.370121,48.534591],[9.384418,48.535203],[9.394201,48.531458],[9.408688,48.53811],[9.418561,48.536255],[9.427354,48.543732],[9.438719,48.540537],[9.451356,48.546373],[9.482541,48.535044],[9.480245,48.527856],[9.467837,48.516798],[9.487466,48.517927],[9.502827,48.51425],[9.508501,48.52444],[9.530248,48.515151],[9.532661,48.526499],[9.553152,48.529968],[9.569127,48.538684],[9.582476,48.539147]]]]}},{"type":"Feature","properties":{"NUTS_ID":"DE128","LEVL_CODE":3,"CNTR_CODE":"DE","NAME_LATN":"Rhein-Neckar-Kreis","NUTS_NAME":"Rhein-Neckar-Kreis","MOUNT_TYPE":4,"URBN_TYPE":1,"COAST_TYPE":3,"FID":"DE128"},"geometry":{"type":"MultiPolygon","coordinates":[[[[9.088191,49.54874],[9.07297,49.564673],[9.09893,49.560554],[9.094813,49.549875],[9.088191,49.54874]]],[[[9.083427,49.526087],[9.076667,49.521843],[9.071067,49.509744],[9.086159,49.500073],[9.073241,49.490843],[9.05791,49.484862],[9.04296,49.475558],[9.026809,49.471603],[9.046827,49.445699],[9.021934,49.427772],[9.023097,49.421394],[9.011045,49.414332],[8.989135,49.422831],[8.984464,49.417144],[8.989365,49.400358],[8.976455,49.394406],[8.963646,49.397472],[8.947905,49.394917],[8.937967,49.388131],[8.943153,49.372685],[8.952709,49.370332],[8.967075,49.359652],[8.965696,49.34725],[8.975039,49.340998],[8.991319,49.342299],[8.995265,49.336626],[9.01178,49.335524],[9.04373,49.315017],[9.056393,49.304339],[9.049127,49.292862],[9.024234,49.29861],[9.028149,49.285392],[9.041628,49.27857],[9.030434,49.269107],[9.002068,49.258411],[9.009838,49.24961],[9.005734,49.242788],[8.990247,49.240365],[8.983195,49.232166],[8.96599,49.227708],[8.957253,49.213058],[8.887614,49.202226],[8.89311,49.193373],[8.894552,49.181976],[8.864271,49.174595],[8.828195,49.192756],[8.818233,49.194497],[8.803993,49.198284],[8.784102,49.19802],[8.753249,49.206914],[8.749308,49.220636],[8.723046,49.237225],[8.701438,49.227447],[8.683812,49.228437],[8.646954,49.240357],[8.642021,49.23618],[8.62749,49.243044],[8.614404,49.24105],[8.570924,49.254735],[8.574972,49.262129],[8.548089,49.269674],[8.542953,49.262746],[8.524981,49.268487],[8.520989,49.27586],[8.487268,49.290026],[8.488608,49.297986],[8.48323,49.305231],[8.458416,49.313214],[8.450853,49.324577],[8.455524,49.33209],[8.479773,49.345957],[8.492073,49.357177],[8.500917,49.376361],[8.492049,49.386113],[8.475581,49.37452],[8.464357,49.377374],[8.465893,49.387296],[8.496189,49.402136],[8.497316,49.411347],[8.523101,49.417821],[8.526909,49.412563],[8.54019,49.411913],[8.546477,49.417504],[8.573519,49.415844],[8.577429,49.412229],[8.601979,49.409237],[8.611558,49.40539],[8.630921,49.412538],[8.635895,49.393737],[8.6324,49.38678],[8.607315,49.376967],[8.6024,49.366157],[8.622976,49.359493],[8.634015,49.352379],[8.639986,49.368719],[8.646111,49.369879],[8.66451,49.354379],[8.67493,49.360645],[8.712037,49.35558],[8.722815,49.357364],[8.729116,49.36789],[8.740263,49.374336],[8.767844,49.379545],[8.763519,49.387265],[8.773679,49.390183],[8.777999,49.401612],[8.791873,49.403912],[8.788416,49.431047],[8.766739,49.438141],[8.762008,49.449545],[8.767943,49.454273],[8.752892,49.459332],[8.743338,49.446934],[8.716206,49.451763],[8.707905,49.446383],[8.647106,49.437602],[8.628308,49.442962],[8.611134,49.425455],[8.592864,49.428812],[8.582887,49.426469],[8.58694,49.435638],[8.578161,49.444274],[8.589032,49.458597],[8.570321,49.463207],[8.558377,49.474671],[8.546806,49.47814],[8.554603,49.48981],[8.574698,49.493677],[8.585757,49.50212],[8.581375,49.51978],[8.591127,49.522011],[8.597356,49.530626],[8.608332,49.535156],[8.620476,49.545583],[8.608648,49.569293],[8.603231,49.593294],[8.594074,49.592771],[8.589316,49.604515],[8.597737,49.611344],[8.646755,49.620321],[8.654437,49.619046],[8.677976,49.625316],[8.693837,49.619353],[8.672931,49.6124],[8.682128,49.603472],[8.691028,49.607214],[8.697997,49.599757],[8.696272,49.592796],[8.685285,49.590288],[8.682181,49.575893],[8.692294,49.562171],[8.692031,49.55562],[8.705795,49.547965],[8.704205,49.536553],[8.720489,49.532065],[8.724952,49.526159],[8.743607,49.522765],[8.766459,49.514738],[8.772119,49.517984],[8.796438,49.513248],[8.811208,49.52612],[8.819242,49.521356],[8.817573,49.506393],[8.832912,49.493275],[8.846876,49.501026],[8.886001,49.505802],[8.8975,49.497778],[8.899355,49.48455],[8.877773,49.467649],[8.863365,49.467301],[8.865067,49.475424],[8.851933,49.483588],[8.827957,49.470403],[8.823525,49.462678],[8.832406,49.454939],[8.835521,49.429215],[8.829033,49.422947],[8.808141,49.419701],[8.805001,49.403297],[8.822659,49.396134],[8.828404,49.406412],[8.837924,49.405181],[8.850762,49.395753],[8.86203,49.401635],[8.873411,49.412546],[8.891352,49.420375],[8.901213,49.442745],[8.911807,49.437827],[8.925611,49.442917],[8.928679,49.449169],[8.949488,49.455207],[8.93188,49.470637],[8.94213,49.484807],[8.95112,49.489055],[8.962917,49.501847],[9.004143,49.50414],[9.015022,49.498301],[9.041274,49.499225],[9.051301,49.519214],[9.065111,49.528937],[9.083427,49.526087]]]]}},{"type":"Feature","properties":{"NUTS_ID":"DE129","LEVL_CODE":3,"CNTR_CODE":"DE","NAME_LATN":"Pforzheim, Stadtkreis","NUTS_NAME":"Pforzheim, Stadtkreis","MOUNT_TYPE":2,"URBN_TYPE":2,"COAST_TYPE":3,"FID":"DE129"},"geometry":{"type":"MultiPolygon","coordinates":[[[[8.697363,48.837198],[8.691029,48.835269],[8.680512,48.835635],[8.670698,48.841045],[8.65966,48.835688],[8.633701,48.845888],[8.628514,48.854163],[8.637725,48.856958],[8.648246,48.873144],[8.642792,48.892064],[8.633034,48.89932],[8.631943,48.91408],[8.647683,48.920185],[8.662978,48.91029],[8.674514,48.909838],[8.700638,48.924569],[8.717813,48.922836],[8.725198,48.929577],[8.745521,48.927952],[8.764179,48.917688],[8.763471,48.906442],[8.758509,48.899385],[8.775222,48.892573],[8.776843,48.886666],[8.792619,48.890342],[8.793445,48.8696],[8.808609,48.862503],[8.805124,48.858383],[8.779535,48.853591],[8.769484,48.845973],[8.769382,48.834625],[8.759528,48.833634],[8.742293,48.823257],[8.724902,48.820539],[8.707103,48.838719],[8.697363,48.837198]]]]}},{"type":"Feature","properties":{"NUTS_ID":"DE12A","LEVL_CODE":3,"CNTR_CODE":"DE","NAME_LATN":"Calw","NUTS_NAME":"Calw","MOUNT_TYPE":2,"URBN_TYPE":3,"COAST_TYPE":3,"FID":"DE12A"},"geometry":{"type":"MultiPolygon","coordinates":[[[[8.804182,48.777778],[8.799385,48.773665],[8.835007,48.753298],[8.829203,48.736472],[8.856726,48.733823],[8.874527,48.726949],[8.865153,48.711784],[8.855307,48.706917],[8.862397,48.69697],[8.851585,48.685709],[8.836588,48.682507],[8.827106,48.67607],[8.818745,48.664507],[8.799402,48.658407],[8.798371,48.64661],[8.7918,48.638398],[8.790429,48.628075],[8.79731,48.624185],[8.800698,48.612538],[8.794852,48.607709],[8.794886,48.594325],[8.759867,48.603373],[8.749006,48.602786],[8.746465,48.596187],[8.754679,48.58481],[8.758215,48.557157],[8.766235,48.548766],[8.758233,48.53886],[8.763706,48.535335],[8.759585,48.526204],[8.768903,48.521841],[8.762454,48.507571],[8.755711,48.50414],[8.74007,48.503977],[8.740568,48.495555],[8.732931,48.487458],[8.718012,48.487965],[8.69331,48.484142],[8.692485,48.490248],[8.679266,48.50028],[8.674005,48.510161],[8.633457,48.501785],[8.606599,48.50498],[8.599008,48.51531],[8.626873,48.540013],[8.594255,48.553775],[8.585833,48.545313],[8.5594,48.549744],[8.56172,48.555816],[8.5772,48.563514],[8.575676,48.577175],[8.562506,48.569071],[8.542117,48.586406],[8.529067,48.591738],[8.50015,48.594855],[8.49135,48.604179],[8.475011,48.611177],[8.466987,48.606547],[8.454501,48.616636],[8.422776,48.635289],[8.409324,48.639457],[8.417081,48.645593],[8.429917,48.645438],[8.446829,48.661569],[8.447507,48.686824],[8.440461,48.695332],[8.448374,48.69945],[8.465855,48.700346],[8.458732,48.71661],[8.475002,48.723557],[8.474539,48.735236],[8.482476,48.746564],[8.48456,48.756701],[8.465152,48.76431],[8.44596,48.758499],[8.440395,48.751196],[8.421735,48.743741],[8.421231,48.7539],[8.428632,48.759696],[8.432477,48.776194],[8.425065,48.791072],[8.413576,48.793818],[8.400478,48.802136],[8.396838,48.809891],[8.408265,48.812012],[8.402998,48.822432],[8.379367,48.830922],[8.381722,48.833495],[8.392384,48.834495],[8.41226,48.830267],[8.416625,48.835368],[8.421232,48.828565],[8.441043,48.814084],[8.445553,48.820153],[8.469697,48.821827],[8.493572,48.820182],[8.50525,48.813851],[8.519797,48.812878],[8.531856,48.802834],[8.517599,48.796876],[8.530008,48.784888],[8.542877,48.785223],[8.550905,48.791278],[8.560729,48.810211],[8.587184,48.817553],[8.597184,48.807634],[8.60836,48.811053],[8.611981,48.826739],[8.631592,48.822531],[8.65337,48.81217],[8.666568,48.810928],[8.676833,48.816288],[8.695246,48.81707],[8.697045,48.829224],[8.691029,48.835269],[8.697363,48.837198],[8.713376,48.82855],[8.72272,48.80502],[8.729429,48.798365],[8.741616,48.801903],[8.755154,48.791235],[8.76139,48.781528],[8.780794,48.774755],[8.790909,48.779641],[8.804182,48.777778]]]]}},{"type":"Feature","properties":{"NUTS_ID":"DE12B","LEVL_CODE":3,"CNTR_CODE":"DE","NAME_LATN":"Enzkreis","NUTS_NAME":"Enzkreis","MOUNT_TYPE":4,"URBN_TYPE":2,"COAST_TYPE":3,"FID":"DE12B"},"geometry":{"type":"MultiPolygon","coordinates":[[[[8.876031,49.03517],[8.880157,49.031104],[8.90473,49.021315],[8.918138,49.008731],[8.917868,49.004734],[8.932302,48.992196],[8.92233,48.988621],[8.921232,48.981676],[8.94523,48.960692],[8.947204,48.942196],[8.929551,48.937211],[8.906114,48.944118],[8.902893,48.923975],[8.925589,48.91903],[8.908114,48.910053],[8.913319,48.903814],[8.918006,48.882706],[8.9288,48.866557],[8.902346,48.860432],[8.894015,48.847001],[8.872812,48.836535],[8.885583,48.830334],[8.877072,48.825487],[8.900128,48.815657],[8.891789,48.812623],[8.892869,48.803326],[8.866855,48.79269],[8.847027,48.793548],[8.84241,48.79943],[8.830695,48.796755],[8.804182,48.777778],[8.790909,48.779641],[8.780794,48.774755],[8.76139,48.781528],[8.755154,48.791235],[8.741616,48.801903],[8.729429,48.798365],[8.72272,48.80502],[8.713376,48.82855],[8.697363,48.837198],[8.707103,48.838719],[8.724902,48.820539],[8.742293,48.823257],[8.759528,48.833634],[8.769382,48.834625],[8.769484,48.845973],[8.779535,48.853591],[8.805124,48.858383],[8.808609,48.862503],[8.793445,48.8696],[8.792619,48.890342],[8.776843,48.886666],[8.775222,48.892573],[8.758509,48.899385],[8.763471,48.906442],[8.764179,48.917688],[8.745521,48.927952],[8.725198,48.929577],[8.717813,48.922836],[8.700638,48.924569],[8.674514,48.909838],[8.662978,48.91029],[8.647683,48.920185],[8.631943,48.91408],[8.633034,48.89932],[8.642792,48.892064],[8.648246,48.873144],[8.637725,48.856958],[8.628514,48.854163],[8.633701,48.845888],[8.65966,48.835688],[8.670698,48.841045],[8.680512,48.835635],[8.691029,48.835269],[8.697045,48.829224],[8.695246,48.81707],[8.676833,48.816288],[8.666568,48.810928],[8.65337,48.81217],[8.631592,48.822531],[8.611981,48.826739],[8.60836,48.811053],[8.597184,48.807634],[8.587184,48.817553],[8.560729,48.810211],[8.550905,48.791278],[8.542877,48.785223],[8.530008,48.784888],[8.517599,48.796876],[8.531856,48.802834],[8.519797,48.812878],[8.50525,48.813851],[8.493572,48.820182],[8.478764,48.828298],[8.474737,48.840191],[8.468696,48.845109],[8.487185,48.849163],[8.516603,48.865349],[8.52581,48.878733],[8.517077,48.886844],[8.51797,48.898649],[8.534901,48.904619],[8.543617,48.917399],[8.55359,48.920328],[8.553162,48.927329],[8.541429,48.933592],[8.537804,48.94438],[8.540509,48.953109],[8.549343,48.953947],[8.559522,48.965151],[8.558429,48.970922],[8.568681,48.976729],[8.575856,48.988511],[8.60325,48.986185],[8.622745,48.994212],[8.645594,48.99063],[8.64828,49.002377],[8.660946,49.005567],[8.670739,48.993978],[8.686242,48.992629],[8.700981,48.995782],[8.712941,48.988989],[8.734589,48.9947],[8.738141,49.00226],[8.730333,49.016751],[8.733168,49.026934],[8.742844,49.031291],[8.754286,49.044268],[8.762775,49.040948],[8.781319,49.046018],[8.798338,49.044877],[8.81185,49.033922],[8.83773,49.038531],[8.834808,49.048132],[8.841066,49.058768],[8.865499,49.061423],[8.877794,49.058478],[8.871959,49.04897],[8.876031,49.03517]]]]}},{"type":"Feature","properties":{"NUTS_ID":"DE259","LEVL_CODE":3,"CNTR_CODE":"DE","NAME_LATN":"Nürnberger Land","NUTS_NAME":"Nürnberger Land","MOUNT_TYPE":4,"URBN_TYPE":2,"COAST_TYPE":3,"FID":"DE259"},"geometry":{"type":"MultiPolygon","coordinates":[[[[11.557755,49.419042],[11.552159,49.413576],[11.536161,49.410855],[11.492672,49.420361],[11.478359,49.426856],[11.463502,49.422357],[11.458719,49.432478],[11.449087,49.427381],[11.444598,49.405795],[11.437096,49.396025],[11.424041,49.39288],[11.420413,49.37645],[11.398749,49.370306],[11.393623,49.357257],[11.372829,49.357013],[11.377666,49.347661],[11.389244,49.341188],[11.375563,49.325383],[11.359605,49.319255],[11.347052,49.318568],[11.333066,49.303735],[11.304364,49.309468],[11.277317,49.317041],[11.271887,49.322352],[11.247176,49.325353],[11.246248,49.331369],[11.225167,49.349362],[11.205972,49.355501],[11.206421,49.362373],[11.192518,49.380325],[11.165865,49.377153],[11.158259,49.384953],[11.169249,49.388472],[11.188311,49.389635],[11.181797,49.395831],[11.185556,49.414557],[11.20577,49.419781],[11.192867,49.42807],[11.180543,49.428426],[11.176644,49.417832],[11.135851,49.43298],[11.134578,49.444748],[11.149427,49.443065],[11.151943,49.453061],[11.143781,49.456954],[11.172468,49.46187],[11.181742,49.468665],[11.178176,49.474089],[11.169117,49.489333],[11.182109,49.501192],[11.18016,49.514614],[11.191567,49.529372],[11.196921,49.543689],[11.191065,49.56079],[11.213687,49.567943],[11.233676,49.567568],[11.239784,49.573346],[11.267054,49.571247],[11.271235,49.583361],[11.284547,49.592619],[11.280305,49.604301],[11.299564,49.621594],[11.297274,49.627368],[11.308231,49.63321],[11.319667,49.632507],[11.331788,49.637573],[11.333662,49.646961],[11.343753,49.659173],[11.354086,49.664709],[11.368694,49.666708],[11.389977,49.649448],[11.392146,49.632463],[11.400953,49.623741],[11.413805,49.625707],[11.417087,49.619405],[11.43091,49.617944],[11.429955,49.62768],[11.456142,49.627281],[11.460594,49.635573],[11.472752,49.644394],[11.490146,49.640969],[11.493652,49.646296],[11.513462,49.649318],[11.548916,49.640686],[11.557251,49.643006],[11.559352,49.660352],[11.563817,49.666145],[11.556681,49.677752],[11.562424,49.685645],[11.546647,49.690103],[11.545042,49.695864],[11.558572,49.698689],[11.560449,49.714291],[11.561112,49.697299],[11.547581,49.693255],[11.563504,49.686823],[11.561754,49.678714],[11.57437,49.66372],[11.564091,49.659139],[11.573444,49.647156],[11.571119,49.640922],[11.590066,49.640818],[11.599185,49.62349],[11.591392,49.612615],[11.5809,49.616481],[11.562176,49.612667],[11.549977,49.603649],[11.568567,49.592995],[11.564755,49.586483],[11.571623,49.579974],[11.551241,49.57276],[11.553503,49.565655],[11.544378,49.56037],[11.530789,49.565076],[11.515644,49.557675],[11.515651,49.548742],[11.549135,49.544457],[11.550574,49.539202],[11.543868,49.526211],[11.547546,49.520256],[11.534607,49.511733],[11.535677,49.507342],[11.564106,49.503557],[11.568869,49.492755],[11.579174,49.485846],[11.591457,49.485027],[11.58909,49.477665],[11.595492,49.47199],[11.577839,49.451204],[11.56776,49.444766],[11.557213,49.432353],[11.557755,49.419042]],[[11.25663,49.431056],[11.263634,49.416093],[11.279136,49.417103],[11.264545,49.440468],[11.25185,49.440029],[11.25663,49.431056]]]]}},{"type":"Feature","properties":{"NUTS_ID":"DE25A","LEVL_CODE":3,"CNTR_CODE":"DE","NAME_LATN":"Neustadt a. d. Aisch-Bad Windsheim","NUTS_NAME":"Neustadt a. d. Aisch-Bad Windsheim","MOUNT_TYPE":4,"URBN_TYPE":3,"COAST_TYPE":3,"FID":"DE25A"},"geometry":{"type":"MultiPolygon","coordinates":[[[[10.551436,49.755772],[10.575306,49.750955],[10.589853,49.744957],[10.616995,49.73947],[10.638792,49.739836],[10.654417,49.721123],[10.625248,49.72034],[10.615134,49.709103],[10.592597,49.70273],[10.594371,49.691617],[10.613492,49.689328],[10.604585,49.679819],[10.624192,49.67759],[10.665489,49.681412],[10.688999,49.689816],[10.729507,49.685265],[10.758297,49.666674],[10.766285,49.659291],[10.782827,49.656651],[10.788005,49.652066],[10.781171,49.642061],[10.78317,49.634212],[10.76146,49.627301],[10.755192,49.609993],[10.754441,49.591556],[10.75798,49.580492],[10.777226,49.585632],[10.795,49.578663],[10.796393,49.56773],[10.808687,49.561663],[10.815618,49.554017],[10.810956,49.544182],[10.815766,49.535607],[10.796359,49.524656],[10.787382,49.525419],[10.786859,49.510495],[10.773464,49.511603],[10.760403,49.519591],[10.754916,49.51267],[10.743519,49.514617],[10.73998,49.503514],[10.72127,49.502115],[10.71131,49.504779],[10.681629,49.494559],[10.683347,49.483323],[10.699862,49.472285],[10.69009,49.449677],[10.697352,49.436273],[10.673931,49.429604],[10.670035,49.424945],[10.65641,49.42572],[10.642169,49.422689],[10.615015,49.430243],[10.609853,49.423414],[10.597997,49.422264],[10.59691,49.431608],[10.611628,49.432724],[10.611403,49.447951],[10.573871,49.438677],[10.557256,49.445346],[10.555136,49.437467],[10.53873,49.438506],[10.519978,49.450167],[10.509497,49.44885],[10.509127,49.435424],[10.48727,49.432655],[10.472345,49.423476],[10.481028,49.415862],[10.458748,49.416163],[10.447702,49.413535],[10.436748,49.42654],[10.404889,49.432301],[10.39685,49.429121],[10.387083,49.412524],[10.36706,49.414339],[10.349424,49.411088],[10.346964,49.422246],[10.338552,49.432993],[10.295474,49.413235],[10.281372,49.420122],[10.273676,49.434977],[10.26602,49.434656],[10.252581,49.45371],[10.266578,49.467703],[10.254035,49.475042],[10.243787,49.476061],[10.231714,49.488118],[10.207371,49.491745],[10.181868,49.489708],[10.172095,49.475991],[10.157497,49.47904],[10.137185,49.47853],[10.131874,49.471567],[10.118328,49.473169],[10.102097,49.485636],[10.105644,49.498321],[10.120734,49.509744],[10.104246,49.514299],[10.082176,49.51397],[10.078363,49.521347],[10.088222,49.530286],[10.083724,49.543561],[10.081779,49.557874],[10.071876,49.567264],[10.075501,49.579375],[10.069613,49.592625],[10.081914,49.598514],[10.101002,49.619523],[10.110316,49.621408],[10.117815,49.622135],[10.132241,49.611772],[10.147877,49.611554],[10.15736,49.594957],[10.16869,49.590548],[10.178325,49.598684],[10.199735,49.603647],[10.199657,49.624217],[10.220728,49.632471],[10.250133,49.625375],[10.269725,49.625173],[10.281707,49.619658],[10.293072,49.625659],[10.313949,49.625935],[10.326748,49.623191],[10.348491,49.622682],[10.364976,49.631413],[10.388013,49.634258],[10.37917,49.6499],[10.364624,49.664864],[10.367393,49.672203],[10.359548,49.677716],[10.368963,49.686195],[10.383558,49.68507],[10.382699,49.694043],[10.368984,49.690391],[10.34452,49.700732],[10.368188,49.710761],[10.37547,49.722174],[10.419364,49.741082],[10.435505,49.750044],[10.46328,49.741899],[10.47959,49.744482],[10.491365,49.742865],[10.496687,49.752911],[10.525167,49.755052],[10.539603,49.753207],[10.551436,49.755772]]]]}},{"type":"Feature","properties":{"NUTS_ID":"DE25B","LEVL_CODE":3,"CNTR_CODE":"DE","NAME_LATN":"Roth","NUTS_NAME":"Roth","MOUNT_TYPE":4,"URBN_TYPE":2,"COAST_TYPE":3,"FID":"DE25B"},"geometry":{"type":"MultiPolygon","coordinates":[[[[11.169249,49.388472],[11.158259,49.384953],[11.165865,49.377153],[11.192518,49.380325],[11.206421,49.362373],[11.205972,49.355501],[11.225167,49.349362],[11.246248,49.331369],[11.247176,49.325353],[11.251095,49.315864],[11.243529,49.307225],[11.229961,49.31386],[11.219713,49.315076],[11.202608,49.306055],[11.189289,49.304303],[11.187189,49.297776],[11.198959,49.289971],[11.214299,49.286799],[11.203877,49.277379],[11.211423,49.27471],[11.23104,49.277092],[11.247092,49.270846],[11.263171,49.273326],[11.280811,49.272067],[11.267834,49.261115],[11.278881,49.255175],[11.287468,49.258105],[11.302958,49.24379],[11.294989,49.233757],[11.318421,49.208303],[11.267747,49.210991],[11.262282,49.197503],[11.270477,49.189203],[11.285554,49.187309],[11.312763,49.177913],[11.308602,49.164248],[11.310733,49.158114],[11.325274,49.154914],[11.327175,49.142606],[11.319646,49.129119],[11.325806,49.117657],[11.353353,49.117229],[11.364353,49.099056],[11.35459,49.090795],[11.375026,49.088906],[11.385714,49.078858],[11.39622,49.070435],[11.399642,49.062311],[11.416439,49.061809],[11.42353,49.051555],[11.405173,49.048989],[11.41108,49.034925],[11.399582,49.03036],[11.387116,49.030555],[11.380072,49.017159],[11.367813,49.015409],[11.34914,49.017421],[11.328689,48.99852],[11.307973,49.003245],[11.300782,49.009038],[11.287556,49.004539],[11.26844,49.010421],[11.264098,49.014964],[11.269125,49.027843],[11.256104,49.034709],[11.247158,49.047662],[11.226105,49.051102],[11.201364,49.046551],[11.181553,49.058381],[11.169147,49.072606],[11.162378,49.086303],[11.15244,49.080936],[11.114459,49.089383],[11.107999,49.095786],[11.095285,49.098544],[11.081442,49.106942],[11.082377,49.116956],[11.065353,49.129713],[11.051743,49.125185],[11.03575,49.134645],[11.012553,49.144532],[10.995389,49.144965],[10.995508,49.155082],[10.985165,49.156437],[10.965891,49.151759],[10.938872,49.148039],[10.942226,49.141492],[10.937117,49.131748],[10.90641,49.138052],[10.894794,49.151108],[10.877197,49.154],[10.871152,49.158909],[10.855321,49.161675],[10.855851,49.169285],[10.867691,49.178949],[10.872508,49.187157],[10.841965,49.188086],[10.837641,49.197751],[10.85051,49.206098],[10.863863,49.207635],[10.860288,49.220676],[10.876236,49.230507],[10.890989,49.232578],[10.899925,49.243029],[10.912804,49.246972],[10.91136,49.254218],[10.90138,49.254995],[10.902872,49.264375],[10.896661,49.269241],[10.901995,49.283187],[10.907058,49.286823],[10.897411,49.307449],[10.871007,49.319702],[10.861984,49.342948],[10.867839,49.356126],[10.904326,49.356007],[10.91404,49.359538],[10.928715,49.35785],[10.936741,49.375258],[10.948062,49.375906],[10.955393,49.381893],[10.968171,49.380438],[10.9774,49.384137],[10.992715,49.381493],[10.997796,49.375885],[10.983026,49.362029],[10.970993,49.357925],[10.978976,49.346024],[10.992612,49.336763],[10.976629,49.325322],[10.981904,49.319277],[10.994392,49.320613],[11.010113,49.297814],[11.024674,49.293898],[11.039597,49.299407],[11.052346,49.31539],[11.074612,49.31835],[11.086869,49.314195],[11.07981,49.339275],[11.090587,49.342671],[11.118615,49.361796],[11.10653,49.369879],[11.111447,49.388024],[11.130207,49.390719],[11.158357,49.387568],[11.169249,49.388472]]]]}},{"type":"Feature","properties":{"NUTS_ID":"DE144","LEVL_CODE":3,"CNTR_CODE":"DE","NAME_LATN":"Ulm, Stadtkreis","NUTS_NAME":"Ulm, Stadtkreis","MOUNT_TYPE":4,"URBN_TYPE":2,"COAST_TYPE":3,"FID":"DE144"},"geometry":{"type":"MultiPolygon","coordinates":[[[[10.032695,48.457196],[10.03726,48.44501],[10.028457,48.437719],[10.042414,48.429732],[10.019155,48.418208],[10.013701,48.403338],[9.990552,48.393692],[9.984113,48.385856],[9.970641,48.379146],[9.968165,48.372875],[9.976788,48.363625],[9.987842,48.370027],[9.999038,48.363075],[9.997606,48.350118],[9.984386,48.348423],[9.985855,48.334897],[9.990297,48.328026],[9.951167,48.312512],[9.920972,48.312622],[9.90803,48.319547],[9.923904,48.325393],[9.927484,48.339928],[9.903335,48.349023],[9.899588,48.343444],[9.883616,48.353208],[9.870626,48.351367],[9.848468,48.353527],[9.844692,48.360802],[9.84614,48.374391],[9.86892,48.377483],[9.876453,48.394993],[9.898997,48.395997],[9.914495,48.408934],[9.939126,48.409648],[9.927046,48.4229],[9.910272,48.423818],[9.90803,48.435723],[9.915465,48.442105],[9.940728,48.450861],[9.963605,48.448756],[9.969264,48.458437],[9.981777,48.462985],[10.019556,48.464427],[10.032695,48.457196]]]]}},{"type":"Feature","properties":{"NUTS_ID":"DE27A","LEVL_CODE":3,"CNTR_CODE":"DE","NAME_LATN":"Lindau (Bodensee)","NUTS_NAME":"Lindau (Bodensee)","MOUNT_TYPE":3,"URBN_TYPE":2,"COAST_TYPE":3,"FID":"DE27A"},"geometry":{"type":"MultiPolygon","coordinates":[[[[10.077293,47.639274],[10.073293,47.624838],[10.0754,47.619686],[10.061405,47.609577],[10.067895,47.603943],[10.060954,47.598465],[10.05892,47.586398],[10.053491,47.579485],[10.036843,47.573825],[10.019919,47.581495],[10.01617,47.573422],[10.007585,47.573603],[10.000263,47.566055],[9.988733,47.567817],[9.974604,47.560395],[9.960558,47.561189],[9.967813,47.54624],[9.960051,47.542645],[9.961124,47.535222],[9.941149,47.537577],[9.922575,47.529999],[9.91473,47.53208],[9.900989,47.544286],[9.881433,47.547824],[9.87449,47.528538],[9.858399,47.534468],[9.850018,47.541362],[9.829767,47.544532],[9.8155,47.549296],[9.825544,47.56031],[9.821436,47.56968],[9.826681,47.578096],[9.823746,47.587184],[9.802751,47.595342],[9.777181,47.594486],[9.762279,47.584964],[9.75568,47.572164],[9.735554,47.546112],[9.736195,47.535796],[9.680359,47.523357],[9.558721,47.541893],[9.602077,47.584338],[9.614637,47.58174],[9.621486,47.58859],[9.633651,47.593482],[9.639902,47.600319],[9.659033,47.611535],[9.671293,47.611067],[9.681565,47.60474],[9.692151,47.610423],[9.705906,47.602185],[9.72611,47.607248],[9.734341,47.616526],[9.755491,47.614118],[9.766405,47.619373],[9.778836,47.63024],[9.794685,47.635796],[9.799192,47.649688],[9.815738,47.650104],[9.827687,47.657538],[9.831501,47.671475],[9.841865,47.677123],[9.85992,47.677664],[9.879121,47.674071],[9.893178,47.663669],[9.916105,47.660602],[9.932626,47.653955],[9.940977,47.657116],[9.95906,47.652914],[9.975449,47.65742],[9.976568,47.665148],[9.997936,47.679438],[10.029005,47.685712],[10.028406,47.67808],[10.044785,47.675832],[10.059312,47.679813],[10.068097,47.664146],[10.074366,47.658498],[10.07259,47.643297],[10.077293,47.639274]]]]}},{"type":"Feature","properties":{"NUTS_ID":"DE27B","LEVL_CODE":3,"CNTR_CODE":"DE","NAME_LATN":"Ostallgäu","NUTS_NAME":"Ostallgäu","MOUNT_TYPE":4,"URBN_TYPE":2,"COAST_TYPE":3,"FID":"DE27B"},"geometry":{"type":"MultiPolygon","coordinates":[[[[10.801532,48.10417],[10.816268,48.10207],[10.807189,48.087033],[10.784589,48.075913],[10.784923,48.062066],[10.775856,48.064246],[10.765457,48.04851],[10.756272,48.046755],[10.761785,48.034649],[10.792898,48.039632],[10.803989,48.037354],[10.815511,48.029913],[10.808107,48.020383],[10.812608,48.003827],[10.823726,48.002976],[10.825681,47.991164],[10.808376,47.970243],[10.807415,47.958742],[10.80071,47.953503],[10.798793,47.936794],[10.787882,47.937239],[10.773956,47.931174],[10.77389,47.923051],[10.782712,47.921084],[10.778893,47.907552],[10.785048,47.902868],[10.773551,47.896402],[10.771793,47.886589],[10.7844,47.87685],[10.776089,47.874451],[10.76924,47.866177],[10.753241,47.861038],[10.749225,47.853991],[10.766193,47.852505],[10.76709,47.843793],[10.762822,47.82954],[10.749486,47.810459],[10.752594,47.791787],[10.780074,47.780337],[10.777233,47.766828],[10.756518,47.768458],[10.738092,47.763191],[10.745561,47.757777],[10.733816,47.743686],[10.730925,47.71386],[10.717214,47.706557],[10.723638,47.698795],[10.736105,47.69526],[10.736301,47.685333],[10.755021,47.688286],[10.75693,47.695478],[10.787474,47.706825],[10.794824,47.718849],[10.80793,47.724696],[10.829104,47.727796],[10.828636,47.719465],[10.815955,47.709284],[10.803155,47.707339],[10.800096,47.693615],[10.790044,47.674814],[10.778099,47.662223],[10.797503,47.65657],[10.822083,47.657295],[10.851964,47.666245],[10.857668,47.66181],[10.877117,47.655845],[10.915152,47.660592],[10.916812,47.654829],[10.904514,47.637188],[10.925141,47.630008],[10.935924,47.617107],[10.952786,47.616265],[10.94166,47.609619],[10.941829,47.59737],[10.916296,47.583371],[10.889755,47.579232],[10.873809,47.572287],[10.872121,47.561256],[10.881544,47.555967],[10.879129,47.544937],[10.886199,47.536848],[10.853078,47.533374],[10.838525,47.526155],[10.83037,47.528346],[10.813732,47.525996],[10.81128,47.520357],[10.795136,47.520727],[10.778352,47.514824],[10.763764,47.519597],[10.758624,47.533557],[10.740381,47.538532],[10.719435,47.538233],[10.709068,47.54327],[10.695907,47.544592],[10.690619,47.558105],[10.633366,47.559443],[10.619862,47.566377],[10.59813,47.569613],[10.580589,47.555075],[10.581735,47.548183],[10.573778,47.534818],[10.552405,47.537037],[10.524537,47.535166],[10.488915,47.540404],[10.473196,47.55036],[10.454439,47.555797],[10.472286,47.570892],[10.47264,47.58695],[10.472208,47.604312],[10.456639,47.602817],[10.449996,47.611841],[10.464129,47.616018],[10.46314,47.622822],[10.476537,47.630583],[10.494665,47.632856],[10.500759,47.636766],[10.508892,47.666943],[10.493819,47.670865],[10.49516,47.686649],[10.458687,47.691515],[10.461916,47.694965],[10.463408,47.71784],[10.457552,47.726993],[10.467843,47.73965],[10.462905,47.751679],[10.444862,47.760025],[10.43991,47.769273],[10.440608,47.779994],[10.435189,47.798706],[10.414099,47.798606],[10.406838,47.804605],[10.38664,47.80498],[10.36166,47.81278],[10.362162,47.82615],[10.351775,47.833261],[10.351147,47.840017],[10.338028,47.843903],[10.32824,47.851788],[10.326901,47.858075],[10.335344,47.860792],[10.329946,47.870383],[10.340445,47.875298],[10.355344,47.873357],[10.381541,47.89579],[10.375607,47.90441],[10.362622,47.911155],[10.359695,47.918111],[10.369514,47.924828],[10.382541,47.915958],[10.386025,47.906079],[10.395866,47.89952],[10.405204,47.912066],[10.42363,47.913499],[10.430426,47.920474],[10.4573,47.924405],[10.46467,47.936105],[10.478913,47.940358],[10.483576,47.935126],[10.502221,47.93575],[10.512516,47.942587],[10.511298,47.951255],[10.518318,47.956774],[10.525474,47.982047],[10.557482,47.977854],[10.568204,47.970973],[10.601031,47.965649],[10.611688,47.952044],[10.621239,47.948619],[10.645293,47.971013],[10.654413,48.000206],[10.660738,48.00323],[10.659157,48.015892],[10.677564,48.015639],[10.689108,48.022831],[10.687636,48.03021],[10.698095,48.031704],[10.698548,48.041769],[10.69074,48.048417],[10.707354,48.059209],[10.705979,48.082548],[10.701787,48.097873],[10.720026,48.101345],[10.730345,48.100165],[10.741659,48.109739],[10.749479,48.109693],[10.762342,48.092637],[10.801532,48.10417]],[[10.628041,47.921147],[10.590545,47.896854],[10.575895,47.895298],[10.571591,47.887081],[10.552405,47.884309],[10.569495,47.875068],[10.56656,47.859387],[10.576337,47.859529],[10.596645,47.849938],[10.60637,47.854201],[10.622001,47.853583],[10.631505,47.847752],[10.643836,47.850605],[10.656953,47.841167],[10.659319,47.860677],[10.653732,47.871192],[10.654248,47.882338],[10.660529,47.884963],[10.652963,47.901992],[10.64479,47.901018],[10.649433,47.915897],[10.628041,47.921147]]]]}},{"type":"Feature","properties":{"NUTS_ID":"DE113","LEVL_CODE":3,"CNTR_CODE":"DE","NAME_LATN":"Esslingen","NUTS_NAME":"Esslingen","MOUNT_TYPE":4,"URBN_TYPE":1,"COAST_TYPE":3,"FID":"DE113"},"geometry":{"type":"MultiPolygon","coordinates":[[[[9.503095,48.753939],[9.509199,48.748786],[9.486915,48.72495],[9.493283,48.713256],[9.484651,48.706165],[9.492746,48.698981],[9.488223,48.686901],[9.492943,48.678723],[9.493887,48.665901],[9.506364,48.663217],[9.50977,48.656893],[9.540947,48.660299],[9.554857,48.655615],[9.5513,48.643384],[9.534962,48.634814],[9.539234,48.630794],[9.563245,48.62929],[9.576708,48.625097],[9.595195,48.610647],[9.588601,48.604623],[9.595445,48.586096],[9.592328,48.573679],[9.578799,48.571733],[9.560695,48.552075],[9.577566,48.546559],[9.582476,48.539147],[9.569127,48.538684],[9.553152,48.529968],[9.532661,48.526499],[9.530248,48.515151],[9.508501,48.52444],[9.502827,48.51425],[9.487466,48.517927],[9.467837,48.516798],[9.480245,48.527856],[9.482541,48.535044],[9.451356,48.546373],[9.438719,48.540537],[9.427354,48.543732],[9.418561,48.536255],[9.408688,48.53811],[9.394201,48.531458],[9.384418,48.535203],[9.370121,48.534591],[9.360589,48.543219],[9.340403,48.548436],[9.326831,48.540726],[9.314768,48.547157],[9.319619,48.557873],[9.312497,48.564249],[9.322105,48.575335],[9.312243,48.580393],[9.295732,48.573435],[9.295951,48.566707],[9.265366,48.56601],[9.254468,48.56832],[9.23839,48.578103],[9.225096,48.565673],[9.208744,48.571668],[9.207084,48.581661],[9.197959,48.589829],[9.205166,48.593666],[9.203142,48.603683],[9.189303,48.598297],[9.179665,48.604613],[9.151229,48.604055],[9.145,48.617895],[9.165325,48.624288],[9.174173,48.633544],[9.146369,48.663646],[9.125063,48.672157],[9.126182,48.67657],[9.095913,48.679976],[9.109697,48.689226],[9.104721,48.709079],[9.12197,48.707015],[9.141609,48.707958],[9.166324,48.705206],[9.202246,48.69015],[9.217117,48.690305],[9.245221,48.694629],[9.239415,48.699974],[9.238983,48.710097],[9.229247,48.711038],[9.213445,48.728748],[9.23895,48.737781],[9.243726,48.742996],[9.255956,48.741878],[9.275029,48.757692],[9.275929,48.769263],[9.288092,48.769132],[9.301327,48.775318],[9.313649,48.774483],[9.336101,48.766233],[9.354373,48.77411],[9.365727,48.770106],[9.385362,48.770607],[9.383485,48.782642],[9.392638,48.787456],[9.40997,48.775879],[9.413869,48.766608],[9.428772,48.765065],[9.435772,48.775458],[9.445823,48.777248],[9.462338,48.771236],[9.473258,48.774052],[9.485092,48.766335],[9.49274,48.767318],[9.503095,48.753939]]]]}},{"type":"Feature","properties":{"NUTS_ID":"DE242","LEVL_CODE":3,"CNTR_CODE":"DE","NAME_LATN":"Bayreuth, Kreisfreie Stadt","NUTS_NAME":"Bayreuth, Kreisfreie Stadt","MOUNT_TYPE":4,"URBN_TYPE":2,"COAST_TYPE":3,"FID":"DE242"},"geometry":{"type":"MultiPolygon","coordinates":[[[[11.655278,49.972026],[11.648917,49.961444],[11.638724,49.95708],[11.65848,49.943449],[11.653166,49.935436],[11.638532,49.93069],[11.624294,49.922041],[11.619502,49.914174],[11.625507,49.905055],[11.61487,49.893116],[11.596216,49.894365],[11.586968,49.89144],[11.554737,49.892659],[11.55323,49.91205],[11.527763,49.930005],[11.525463,49.936899],[11.509216,49.945455],[11.496559,49.945721],[11.497697,49.955873],[11.533929,49.960439],[11.561262,49.97465],[11.582367,49.976373],[11.621178,49.967175],[11.632856,49.971907],[11.655278,49.972026]]]]}},{"type":"Feature","properties":{"NUTS_ID":"DE243","LEVL_CODE":3,"CNTR_CODE":"DE","NAME_LATN":"Coburg, Kreisfreie Stadt","NUTS_NAME":"Coburg, Kreisfreie Stadt","MOUNT_TYPE":4,"URBN_TYPE":2,"COAST_TYPE":3,"FID":"DE243"},"geometry":{"type":"MultiPolygon","coordinates":[[[[10.996595,50.276063],[11.013975,50.266971],[11.047905,50.2744],[11.061194,50.26831],[11.045751,50.2601],[11.034787,50.259154],[11.02933,50.249266],[11.02164,50.250294],[10.999307,50.242218],[10.984397,50.2226],[10.977763,50.221694],[10.971507,50.235866],[10.960232,50.243674],[10.909286,50.241335],[10.892912,50.251711],[10.916909,50.254926],[10.918207,50.266823],[10.907306,50.269316],[10.896694,50.279078],[10.922311,50.294902],[10.935426,50.293413],[10.947101,50.298201],[10.960119,50.297728],[10.964582,50.292413],[10.9932,50.287772],[10.981444,50.280691],[10.996595,50.276063]]]]}},{"type":"Feature","properties":{"NUTS_ID":"DE244","LEVL_CODE":3,"CNTR_CODE":"DE","NAME_LATN":"Hof, Kreisfreie Stadt","NUTS_NAME":"Hof, Kreisfreie Stadt","MOUNT_TYPE":4,"URBN_TYPE":2,"COAST_TYPE":3,"FID":"DE244"},"geometry":{"type":"MultiPolygon","coordinates":[[[[11.881265,50.353709],[11.902087,50.346596],[11.916228,50.352117],[11.927719,50.340087],[11.950794,50.344943],[11.961277,50.331574],[11.970462,50.329854],[11.968511,50.314784],[11.937862,50.301038],[11.935271,50.284727],[11.925155,50.277302],[11.913208,50.274391],[11.908386,50.26802],[11.884732,50.268375],[11.882668,50.27408],[11.869766,50.275849],[11.861697,50.285889],[11.839926,50.286343],[11.836886,50.295599],[11.826823,50.298361],[11.808892,50.314891],[11.826057,50.318945],[11.840098,50.315638],[11.862439,50.324387],[11.877487,50.325866],[11.876846,50.337227],[11.881265,50.353709]]]]}},{"type":"Feature","properties":{"NUTS_ID":"DE278","LEVL_CODE":3,"CNTR_CODE":"DE","NAME_LATN":"Günzburg","NUTS_NAME":"Günzburg","MOUNT_TYPE":4,"URBN_TYPE":3,"COAST_TYPE":3,"FID":"DE278"},"geometry":{"type":"MultiPolygon","coordinates":[[[[10.528356,48.471389],[10.533342,48.468105],[10.533694,48.448396],[10.541987,48.427782],[10.52989,48.424834],[10.506339,48.411291],[10.533846,48.404577],[10.544616,48.404307],[10.548223,48.397921],[10.536681,48.389624],[10.52634,48.389414],[10.517275,48.382196],[10.519513,48.372496],[10.513117,48.337515],[10.498989,48.33007],[10.495697,48.317566],[10.548035,48.313192],[10.552405,48.322792],[10.570059,48.314473],[10.582224,48.315745],[10.586916,48.302252],[10.582648,48.294762],[10.587512,48.283798],[10.598563,48.277648],[10.583346,48.271072],[10.587831,48.265314],[10.574805,48.258787],[10.571213,48.244009],[10.560139,48.235637],[10.56197,48.220801],[10.573642,48.21212],[10.563675,48.202942],[10.546911,48.20355],[10.533926,48.207143],[10.530032,48.220009],[10.518836,48.225071],[10.504322,48.218511],[10.495571,48.220263],[10.480213,48.216524],[10.470156,48.207358],[10.442813,48.207734],[10.443857,48.192349],[10.420985,48.194169],[10.402169,48.182108],[10.391573,48.18074],[10.38655,48.172285],[10.372931,48.171177],[10.363279,48.162193],[10.354237,48.164838],[10.350017,48.173778],[10.319787,48.182966],[10.295115,48.184517],[10.294361,48.199095],[10.300793,48.211417],[10.293685,48.219444],[10.271434,48.229654],[10.272815,48.239149],[10.284446,48.243916],[10.282089,48.253432],[10.291988,48.266021],[10.302908,48.269908],[10.29361,48.288478],[10.298763,48.300857],[10.278523,48.304519],[10.268681,48.338093],[10.23527,48.345685],[10.227703,48.357416],[10.217427,48.363074],[10.190984,48.369773],[10.181929,48.377584],[10.182921,48.387939],[10.167505,48.389298],[10.165014,48.405302],[10.172038,48.410438],[10.167802,48.421622],[10.18198,48.428441],[10.17815,48.44564],[10.166302,48.443439],[10.141878,48.444638],[10.133896,48.454871],[10.171405,48.458327],[10.183582,48.467446],[10.181509,48.475564],[10.217916,48.488467],[10.240367,48.491754],[10.237507,48.500196],[10.234692,48.505341],[10.23078,48.510511],[10.247076,48.511673],[10.255524,48.518734],[10.278249,48.516101],[10.272681,48.512593],[10.288259,48.503561],[10.302196,48.488523],[10.323914,48.47983],[10.336222,48.486437],[10.352082,48.490027],[10.354415,48.499958],[10.366098,48.493527],[10.38747,48.492304],[10.394285,48.516738],[10.425331,48.525551],[10.422655,48.514654],[10.428344,48.482581],[10.439117,48.480799],[10.448842,48.48447],[10.460347,48.479828],[10.474651,48.488069],[10.488821,48.486208],[10.493628,48.477606],[10.528356,48.471389]]]]}},{"type":"Feature","properties":{"NUTS_ID":"DE27C","LEVL_CODE":3,"CNTR_CODE":"DE","NAME_LATN":"Unterallgäu","NUTS_NAME":"Unterallgäu","MOUNT_TYPE":4,"URBN_TYPE":3,"COAST_TYPE":3,"FID":"DE27C"},"geometry":{"type":"MultiPolygon","coordinates":[[[[10.573642,48.21212],[10.58754,48.211932],[10.577093,48.196379],[10.594612,48.192808],[10.58366,48.185997],[10.570419,48.186925],[10.566786,48.181607],[10.552405,48.180057],[10.552405,48.17257],[10.565819,48.174297],[10.56944,48.16745],[10.600284,48.165693],[10.609874,48.160303],[10.625708,48.159139],[10.627538,48.165611],[10.671118,48.173589],[10.684729,48.172524],[10.695678,48.162922],[10.685833,48.149523],[10.700342,48.144269],[10.684795,48.129365],[10.69389,48.100256],[10.701787,48.097873],[10.705979,48.082548],[10.707354,48.059209],[10.69074,48.048417],[10.698548,48.041769],[10.698095,48.031704],[10.687636,48.03021],[10.689108,48.022831],[10.677564,48.015639],[10.659157,48.015892],[10.660738,48.00323],[10.654413,48.000206],[10.645293,47.971013],[10.621239,47.948619],[10.611688,47.952044],[10.601031,47.965649],[10.568204,47.970973],[10.557482,47.977854],[10.525474,47.982047],[10.518318,47.956774],[10.511298,47.951255],[10.512516,47.942587],[10.502221,47.93575],[10.483576,47.935126],[10.478913,47.940358],[10.46467,47.936105],[10.4573,47.924405],[10.430426,47.920474],[10.42363,47.913499],[10.405204,47.912066],[10.395866,47.89952],[10.386025,47.906079],[10.382541,47.915958],[10.369514,47.924828],[10.359695,47.918111],[10.362622,47.911155],[10.375607,47.90441],[10.381541,47.89579],[10.355344,47.873357],[10.340445,47.875298],[10.329946,47.870383],[10.335344,47.860792],[10.326901,47.858075],[10.318367,47.856494],[10.299713,47.860573],[10.292295,47.852948],[10.276315,47.853792],[10.257741,47.858926],[10.250308,47.855251],[10.252973,47.846002],[10.230756,47.839448],[10.22115,47.840268],[10.209763,47.848101],[10.185401,47.849203],[10.19217,47.84063],[10.174991,47.835709],[10.15246,47.821897],[10.131929,47.820087],[10.103266,47.84242],[10.098011,47.854711],[10.083622,47.856365],[10.076755,47.867809],[10.091494,47.867797],[10.10464,47.88288],[10.101604,47.903956],[10.109488,47.911114],[10.105791,47.924776],[10.110136,47.93715],[10.125001,47.930454],[10.15989,47.921983],[10.182004,47.93785],[10.185277,47.947607],[10.197067,47.956746],[10.203071,47.968324],[10.204819,47.982619],[10.200376,48.001065],[10.226472,48.010983],[10.224917,48.031431],[10.232627,48.036547],[10.229795,48.047414],[10.199467,48.039311],[10.200469,48.034837],[10.17191,48.024341],[10.16211,48.027012],[10.135728,48.023761],[10.127808,48.032516],[10.141018,48.04754],[10.143168,48.073633],[10.13442,48.081134],[10.140552,48.095474],[10.136457,48.108459],[10.150766,48.117827],[10.179929,48.123729],[10.192711,48.123436],[10.196713,48.133031],[10.213908,48.143336],[10.207476,48.152892],[10.20991,48.162909],[10.221477,48.179159],[10.233983,48.181447],[10.22591,48.191855],[10.241484,48.193105],[10.257087,48.204893],[10.255471,48.218136],[10.266857,48.222671],[10.271434,48.229654],[10.293685,48.219444],[10.300793,48.211417],[10.294361,48.199095],[10.295115,48.184517],[10.319787,48.182966],[10.350017,48.173778],[10.354237,48.164838],[10.363279,48.162193],[10.372931,48.171177],[10.38655,48.172285],[10.391573,48.18074],[10.402169,48.182108],[10.420985,48.194169],[10.443857,48.192349],[10.442813,48.207734],[10.470156,48.207358],[10.480213,48.216524],[10.495571,48.220263],[10.504322,48.218511],[10.518836,48.225071],[10.530032,48.220009],[10.533926,48.207143],[10.546911,48.20355],[10.563675,48.202942],[10.573642,48.21212]]],[[[10.114954,47.976257],[10.115431,47.989457],[10.120139,48.00402],[10.132387,48.0154],[10.142556,48.012386],[10.156127,47.997627],[10.151936,47.989269],[10.134947,47.986042],[10.128945,47.971036],[10.143634,47.963948],[10.128988,47.95866],[10.116211,47.96521],[10.114954,47.976257]]]]}},{"type":"Feature","properties":{"NUTS_ID":"DE142","LEVL_CODE":3,"CNTR_CODE":"DE","NAME_LATN":"Tübingen, Landkreis","NUTS_NAME":"Tübingen, Landkreis","MOUNT_TYPE":4,"URBN_TYPE":2,"COAST_TYPE":3,"FID":"DE142"},"geometry":{"type":"MultiPolygon","coordinates":[[[[9.129176,48.601266],[9.130664,48.591095],[9.126066,48.58217],[9.128193,48.569695],[9.140095,48.562495],[9.152107,48.548311],[9.171322,48.548493],[9.175177,48.539371],[9.172992,48.528029],[9.164354,48.522976],[9.156246,48.526149],[9.137554,48.520348],[9.13727,48.505753],[9.148611,48.500374],[9.152845,48.492628],[9.126942,48.482817],[9.120238,48.4745],[9.137776,48.467676],[9.139054,48.456719],[9.120661,48.445219],[9.115689,48.435762],[9.116917,48.427282],[9.144275,48.413967],[9.143136,48.404896],[9.126058,48.397568],[9.123022,48.383638],[9.12948,48.372898],[9.110864,48.373173],[9.1028,48.36802],[9.093051,48.370003],[9.083544,48.364405],[9.059319,48.367557],[9.064982,48.374339],[9.03462,48.371108],[9.00422,48.376463],[8.999242,48.381019],[8.971882,48.384837],[8.955511,48.381242],[8.949704,48.388274],[8.927227,48.390363],[8.910342,48.394393],[8.895077,48.393292],[8.888854,48.399477],[8.870692,48.39881],[8.87406,48.409297],[8.869879,48.416835],[8.841428,48.412158],[8.831574,48.405804],[8.802394,48.407703],[8.79448,48.416624],[8.774055,48.416278],[8.776686,48.420966],[8.76479,48.427206],[8.770174,48.438531],[8.780003,48.446701],[8.827649,48.463077],[8.806136,48.478458],[8.793405,48.485241],[8.777529,48.486378],[8.767857,48.50202],[8.755711,48.50414],[8.762454,48.507571],[8.768903,48.521841],[8.789889,48.519386],[8.799253,48.509241],[8.846692,48.500078],[8.846243,48.509204],[8.862604,48.516356],[8.855478,48.522987],[8.850947,48.537197],[8.877894,48.539559],[8.886748,48.542915],[8.888415,48.560809],[8.912778,48.571318],[8.933483,48.565341],[8.942024,48.568221],[8.93732,48.576717],[8.950376,48.586431],[8.978007,48.590501],[8.993106,48.584955],[9.006843,48.587835],[9.023223,48.579645],[9.0348,48.576853],[9.040541,48.587381],[9.054718,48.593412],[9.068874,48.593092],[9.088599,48.603175],[9.097393,48.621932],[9.106939,48.62235],[9.115888,48.61448],[9.111251,48.606342],[9.129176,48.601266]]]]}},{"type":"Feature","properties":{"NUTS_ID":"DE143","LEVL_CODE":3,"CNTR_CODE":"DE","NAME_LATN":"Zollernalbkreis","NUTS_NAME":"Zollernalbkreis","MOUNT_TYPE":3,"URBN_TYPE":2,"COAST_TYPE":3,"FID":"DE143"},"geometry":{"type":"MultiPolygon","coordinates":[[[[9.12948,48.372898],[9.177839,48.367747],[9.177984,48.360594],[9.167859,48.352795],[9.174832,48.344276],[9.190623,48.33767],[9.208852,48.333299],[9.215228,48.328401],[9.216484,48.317469],[9.210689,48.308326],[9.191944,48.308293],[9.162658,48.312209],[9.187028,48.280836],[9.182743,48.269851],[9.165061,48.268259],[9.148573,48.262384],[9.132633,48.2622],[9.107458,48.252092],[9.111617,48.236454],[9.12548,48.234042],[9.130669,48.22817],[9.159693,48.222063],[9.185295,48.210485],[9.176056,48.196971],[9.177971,48.18153],[9.186935,48.171918],[9.175952,48.162287],[9.16568,48.146954],[9.147345,48.141263],[9.134663,48.145506],[9.12078,48.145756],[9.111617,48.156951],[9.08948,48.149259],[9.065133,48.151734],[9.033456,48.165233],[9.010753,48.159542],[8.988387,48.134253],[8.983568,48.124506],[8.955352,48.119916],[8.953761,48.107279],[8.939179,48.103566],[8.925637,48.10489],[8.913369,48.110162],[8.896625,48.110093],[8.885048,48.106424],[8.881758,48.1151],[8.868967,48.12762],[8.860211,48.142415],[8.84956,48.149596],[8.831644,48.150837],[8.83204,48.165711],[8.817338,48.174173],[8.81016,48.183977],[8.769252,48.18271],[8.763344,48.17314],[8.763474,48.163135],[8.751237,48.15954],[8.746119,48.166776],[8.725277,48.171922],[8.719246,48.18157],[8.739021,48.190404],[8.743164,48.200763],[8.72551,48.203959],[8.714221,48.209362],[8.703403,48.226995],[8.698599,48.24343],[8.70578,48.258126],[8.697843,48.258395],[8.68447,48.266789],[8.666217,48.268785],[8.683044,48.278838],[8.677715,48.283811],[8.659422,48.283826],[8.648845,48.293214],[8.661133,48.29549],[8.668565,48.304477],[8.68665,48.304626],[8.718634,48.31558],[8.717993,48.321457],[8.693341,48.328496],[8.710522,48.333291],[8.717298,48.341062],[8.732978,48.343815],[8.742846,48.350297],[8.744235,48.357721],[8.735409,48.360578],[8.737187,48.377977],[8.757365,48.382547],[8.755992,48.39305],[8.766522,48.409991],[8.774055,48.416278],[8.79448,48.416624],[8.802394,48.407703],[8.831574,48.405804],[8.841428,48.412158],[8.869879,48.416835],[8.87406,48.409297],[8.870692,48.39881],[8.888854,48.399477],[8.895077,48.393292],[8.910342,48.394393],[8.927227,48.390363],[8.949704,48.388274],[8.955511,48.381242],[8.971882,48.384837],[8.999242,48.381019],[9.00422,48.376463],[9.03462,48.371108],[9.064982,48.374339],[9.059319,48.367557],[9.083544,48.364405],[9.093051,48.370003],[9.1028,48.36802],[9.110864,48.373173],[9.12948,48.372898]]]]}},{"type":"Feature","properties":{"NUTS_ID":"CH064","LEVL_CODE":3,"CNTR_CODE":"CH","NAME_LATN":"Obwalden","NUTS_NAME":"Obwalden","MOUNT_TYPE":3,"URBN_TYPE":2,"COAST_TYPE":3,"FID":"CH064"},"geometry":{"type":"MultiPolygon","coordinates":[[[[8.471988,46.855352],[8.480787,46.857413],[8.497855,46.853721],[8.507028,46.845467],[8.487004,46.831754],[8.479019,46.813909],[8.481642,46.803851],[8.479299,46.789254],[8.491426,46.773058],[8.473247,46.768078],[8.466528,46.770001],[8.448959,46.764517],[8.436601,46.7721],[8.414619,46.773729],[8.397438,46.765991],[8.395225,46.771538],[8.425555,46.778303],[8.417916,46.788779],[8.396664,46.796129],[8.386436,46.804275],[8.386538,46.812028],[8.375688,46.816959],[8.376876,46.826784],[8.37018,46.842466],[8.370047,46.856298],[8.363969,46.865682],[8.373616,46.873525],[8.383213,46.866337],[8.376296,46.8522],[8.411385,46.868641],[8.417629,46.864444],[8.424524,46.851542],[8.471988,46.855352]]],[[[8.368889,46.787975],[8.360003,46.782964],[8.333002,46.780804],[8.302018,46.762007],[8.283475,46.753204],[8.26865,46.754347],[8.259407,46.763643],[8.239125,46.769572],[8.233877,46.761719],[8.222058,46.760928],[8.208145,46.769353],[8.189802,46.770204],[8.14636,46.75526],[8.121892,46.770333],[8.102296,46.773795],[8.089816,46.78781],[8.059966,46.786375],[8.049088,46.788008],[8.064167,46.807295],[8.0429,46.8379],[8.066127,46.860583],[8.070596,46.877658],[8.067107,46.887834],[8.069876,46.895761],[8.082836,46.899674],[8.095162,46.911306],[8.107396,46.90808],[8.11124,46.89361],[8.133582,46.921009],[8.157017,46.933398],[8.163938,46.939682],[8.150521,46.956661],[8.165914,46.965816],[8.187244,46.971742],[8.202853,46.966871],[8.22893,46.970023],[8.228819,46.973145],[8.244622,46.974483],[8.253325,46.979792],[8.28189,46.975862],[8.301252,46.97767],[8.309524,46.96898],[8.30604,46.955855],[8.288271,46.933877],[8.310177,46.924897],[8.338113,46.92934],[8.343371,46.914896],[8.336335,46.903086],[8.337719,46.890068],[8.328373,46.877987],[8.333971,46.867553],[8.328126,46.846414],[8.335796,46.83304],[8.332627,46.826093],[8.321944,46.820445],[8.344791,46.799639],[8.358776,46.795479],[8.368889,46.787975]]]]}},{"type":"Feature","properties":{"NUTS_ID":"CH065","LEVL_CODE":3,"CNTR_CODE":"CH","NAME_LATN":"Nidwalden","NUTS_NAME":"Nidwalden","MOUNT_TYPE":3,"URBN_TYPE":2,"COAST_TYPE":3,"FID":"CH065"},"geometry":{"type":"MultiPolygon","coordinates":[[[[8.468157,46.996524],[8.465227,46.984271],[8.496621,46.976429],[8.519362,46.979816],[8.542794,46.979574],[8.56915,46.990248],[8.572558,46.97977],[8.55568,46.962866],[8.557403,46.940436],[8.546009,46.938007],[8.544056,46.92788],[8.519792,46.922822],[8.502911,46.914416],[8.486068,46.918484],[8.481228,46.908588],[8.464818,46.9044],[8.458677,46.898958],[8.474004,46.893387],[8.479069,46.882537],[8.466557,46.875183],[8.471376,46.867925],[8.471988,46.855352],[8.424524,46.851542],[8.417629,46.864444],[8.411385,46.868641],[8.376296,46.8522],[8.383213,46.866337],[8.373616,46.873525],[8.363969,46.865682],[8.370047,46.856298],[8.37018,46.842466],[8.376876,46.826784],[8.375688,46.816959],[8.386538,46.812028],[8.386436,46.804275],[8.396664,46.796129],[8.417916,46.788779],[8.425555,46.778303],[8.395225,46.771538],[8.377405,46.785809],[8.368889,46.787975],[8.358776,46.795479],[8.344791,46.799639],[8.321944,46.820445],[8.332627,46.826093],[8.335796,46.83304],[8.328126,46.846414],[8.333971,46.867553],[8.328373,46.877987],[8.337719,46.890068],[8.336335,46.903086],[8.343371,46.914896],[8.338113,46.92934],[8.310177,46.924897],[8.288271,46.933877],[8.30604,46.955855],[8.309524,46.96898],[8.301252,46.97767],[8.28189,46.975862],[8.253325,46.979792],[8.244622,46.974483],[8.228819,46.973145],[8.219442,46.981453],[8.228511,46.99166],[8.244008,46.986074],[8.260003,46.996243],[8.275441,46.998017],[8.288175,46.994813],[8.29682,46.998341],[8.31937,46.999596],[8.335167,46.98896],[8.368678,47.019396],[8.383789,47.017716],[8.385473,46.998343],[8.396875,47.000702],[8.425401,46.998315],[8.427975,47.017209],[8.469059,47.00929],[8.468157,46.996524]]]]}},{"type":"Feature","properties":{"NUTS_ID":"CH066","LEVL_CODE":3,"CNTR_CODE":"CH","NAME_LATN":"Zug","NUTS_NAME":"Zug","MOUNT_TYPE":3,"URBN_TYPE":1,"COAST_TYPE":3,"FID":"CH066"},"geometry":{"type":"MultiPolygon","coordinates":[[[[8.692484,47.163625],[8.701153,47.150926],[8.687877,47.145174],[8.681469,47.125716],[8.670408,47.116045],[8.660503,47.114224],[8.637725,47.093403],[8.612111,47.094898],[8.59541,47.091236],[8.590131,47.086431],[8.567274,47.081143],[8.563393,47.092606],[8.54541,47.094028],[8.520768,47.090047],[8.492978,47.100201],[8.493693,47.113733],[8.481095,47.125893],[8.458385,47.114452],[8.452595,47.114497],[8.447334,47.129419],[8.431359,47.123962],[8.415353,47.124455],[8.412129,47.140737],[8.414852,47.145624],[8.412051,47.172235],[8.400242,47.183521],[8.405348,47.195715],[8.395987,47.228233],[8.405642,47.23677],[8.410716,47.248037],[8.418528,47.228072],[8.422549,47.224014],[8.446408,47.223434],[8.461552,47.214175],[8.479922,47.208599],[8.511251,47.215813],[8.513774,47.219118],[8.552772,47.221681],[8.582013,47.217514],[8.594652,47.211512],[8.59802,47.203092],[8.608197,47.204736],[8.615493,47.199575],[8.627339,47.179697],[8.624997,47.173472],[8.643594,47.169531],[8.659991,47.170028],[8.661686,47.16146],[8.674791,47.159444],[8.692484,47.163625]]]]}},{"type":"Feature","properties":{"NUTS_ID":"DE27D","LEVL_CODE":3,"CNTR_CODE":"DE","NAME_LATN":"Donau-Ries","NUTS_NAME":"Donau-Ries","MOUNT_TYPE":4,"URBN_TYPE":3,"COAST_TYPE":3,"FID":"DE27D"},"geometry":{"type":"MultiPolygon","coordinates":[[[[10.642255,49.016631],[10.638051,48.999283],[10.63113,48.992881],[10.642493,48.982336],[10.657464,48.985641],[10.667918,48.983817],[10.693911,48.952607],[10.692496,48.939227],[10.685045,48.930265],[10.669295,48.920852],[10.678996,48.913998],[10.69717,48.907841],[10.707082,48.907375],[10.713952,48.899838],[10.727374,48.904913],[10.738145,48.924243],[10.754916,48.923936],[10.765598,48.916586],[10.770778,48.92556],[10.788194,48.939252],[10.80704,48.948083],[10.81386,48.937678],[10.825533,48.930279],[10.831238,48.917507],[10.810674,48.907856],[10.824888,48.896207],[10.832325,48.898271],[10.854059,48.896224],[10.853942,48.885319],[10.869658,48.88305],[10.868746,48.875915],[10.905568,48.881981],[10.916019,48.873781],[10.925776,48.87212],[10.936839,48.863276],[10.950015,48.862297],[10.963757,48.856666],[10.970046,48.842258],[10.986464,48.841253],[10.996037,48.836663],[11.005941,48.821883],[10.976874,48.809304],[10.948479,48.811224],[10.961965,48.796881],[10.974582,48.798629],[10.984338,48.789662],[10.970495,48.775804],[10.980042,48.769301],[10.997866,48.763009],[10.995293,48.751503],[10.986619,48.745304],[10.98346,48.736331],[10.999881,48.733035],[10.98468,48.716302],[10.989321,48.700419],[10.984729,48.691677],[10.995999,48.682007],[11.001615,48.667248],[11.008903,48.665455],[11.016166,48.652733],[11.034401,48.64515],[11.032631,48.639081],[11.040035,48.627638],[11.024657,48.625052],[11.022986,48.620171],[11.008163,48.61103],[10.97972,48.598249],[10.970971,48.60108],[10.939171,48.600733],[10.929461,48.596455],[10.923929,48.586954],[10.913426,48.584718],[10.908278,48.592412],[10.887294,48.599263],[10.885388,48.609994],[10.879148,48.617982],[10.883676,48.635856],[10.877387,48.638154],[10.834787,48.630936],[10.822736,48.62512],[10.802636,48.623822],[10.779367,48.61893],[10.769049,48.631709],[10.754916,48.633566],[10.74411,48.643075],[10.746802,48.661729],[10.736871,48.662714],[10.735843,48.64858],[10.709824,48.660294],[10.699313,48.650684],[10.687162,48.651493],[10.663911,48.657465],[10.654734,48.672427],[10.634302,48.677884],[10.626599,48.688308],[10.644535,48.691058],[10.649999,48.698604],[10.643236,48.705263],[10.65272,48.709436],[10.658443,48.73217],[10.647226,48.737753],[10.61467,48.738633],[10.610954,48.741334],[10.61071,48.75699],[10.599173,48.746975],[10.571143,48.743688],[10.569416,48.748649],[10.549415,48.754214],[10.531484,48.751685],[10.514168,48.739616],[10.512906,48.731959],[10.502661,48.722361],[10.504857,48.71563],[10.497305,48.708458],[10.498455,48.700918],[10.487258,48.696662],[10.480304,48.695495],[10.480757,48.712141],[10.472176,48.713321],[10.464666,48.727263],[10.450749,48.734381],[10.444692,48.72962],[10.433477,48.741328],[10.423689,48.744496],[10.418659,48.751725],[10.426261,48.75748],[10.414488,48.771574],[10.429605,48.771091],[10.429411,48.793462],[10.434321,48.80154],[10.446297,48.810716],[10.44793,48.83101],[10.425848,48.836663],[10.429172,48.844944],[10.452351,48.852363],[10.448292,48.862434],[10.452581,48.873475],[10.445632,48.880725],[10.453252,48.888147],[10.439502,48.898997],[10.424469,48.903135],[10.44226,48.908756],[10.456703,48.919157],[10.452505,48.9254],[10.438846,48.933288],[10.450785,48.937699],[10.444332,48.944783],[10.43288,48.945673],[10.424456,48.962143],[10.417637,48.968314],[10.403681,48.96679],[10.409849,48.977435],[10.430933,48.982788],[10.422097,48.99202],[10.427802,48.999564],[10.450307,49.007872],[10.471,49.011565],[10.494038,49.010294],[10.500798,49.006167],[10.543447,49.007749],[10.540484,49.021289],[10.557292,49.033671],[10.593564,49.034261],[10.605628,49.017524],[10.615045,49.015271],[10.626889,49.019575],[10.642255,49.016631]]]]}},{"type":"Feature","properties":{"NUTS_ID":"DE27E","LEVL_CODE":3,"CNTR_CODE":"DE","NAME_LATN":"Oberallgäu","NUTS_NAME":"Oberallgäu","MOUNT_TYPE":3,"URBN_TYPE":2,"COAST_TYPE":3,"FID":"DE27E"},"geometry":{"type":"MultiPolygon","coordinates":[[[[10.326901,47.858075],[10.32824,47.851788],[10.338028,47.843903],[10.351147,47.840017],[10.351775,47.833261],[10.362162,47.82615],[10.36166,47.81278],[10.38664,47.80498],[10.406838,47.804605],[10.414099,47.798606],[10.435189,47.798706],[10.440608,47.779994],[10.43991,47.769273],[10.444862,47.760025],[10.462905,47.751679],[10.467843,47.73965],[10.457552,47.726993],[10.463408,47.71784],[10.461916,47.694965],[10.458687,47.691515],[10.49516,47.686649],[10.493819,47.670865],[10.508892,47.666943],[10.500759,47.636766],[10.494665,47.632856],[10.476537,47.630583],[10.46314,47.622822],[10.464129,47.616018],[10.449996,47.611841],[10.456639,47.602817],[10.472208,47.604312],[10.47264,47.58695],[10.455951,47.58317],[10.437034,47.583759],[10.430724,47.577192],[10.435076,47.568509],[10.445269,47.566378],[10.454439,47.555797],[10.439542,47.52466],[10.440756,47.514392],[10.432028,47.50357],[10.443245,47.484972],[10.463764,47.48274],[10.469309,47.469197],[10.466197,47.45317],[10.474857,47.433069],[10.459932,47.42816],[10.454912,47.418833],[10.438505,47.412982],[10.432309,47.402417],[10.43019,47.383688],[10.420539,47.384246],[10.412753,47.378505],[10.396165,47.376078],[10.38925,47.370269],[10.385917,47.356421],[10.357771,47.337261],[10.346118,47.321526],[10.348803,47.317509],[10.329617,47.304856],[10.315516,47.306133],[10.295248,47.299092],[10.281423,47.288129],[10.265976,47.288076],[10.259305,47.281804],[10.244341,47.278954],[10.23452,47.271113],[10.221701,47.275558],[10.201912,47.276443],[10.178353,47.270114],[10.172088,47.279078],[10.179266,47.295225],[10.18913,47.294199],[10.209038,47.305244],[10.213719,47.312179],[10.200459,47.326567],[10.205115,47.337758],[10.217511,47.354633],[10.23601,47.372446],[10.23481,47.382825],[10.226977,47.388137],[10.212058,47.381112],[10.194701,47.388782],[10.169425,47.384801],[10.16639,47.36937],[10.14128,47.367219],[10.119316,47.374996],[10.099851,47.354761],[10.08289,47.393734],[10.085157,47.399511],[10.071478,47.407561],[10.074982,47.414451],[10.094406,47.4176],[10.104595,47.428238],[10.093952,47.442008],[10.089452,47.459473],[10.07201,47.456222],[10.052851,47.468101],[10.053719,47.475009],[10.043607,47.487768],[10.036924,47.488711],[10.010324,47.482292],[9.999526,47.483017],[9.988489,47.497553],[9.994454,47.503184],[9.972348,47.515653],[9.965028,47.523],[9.967813,47.54624],[9.960558,47.561189],[9.974604,47.560395],[9.988733,47.567817],[10.000263,47.566055],[10.007585,47.573603],[10.01617,47.573422],[10.019919,47.581495],[10.036843,47.573825],[10.053491,47.579485],[10.05892,47.586398],[10.060954,47.598465],[10.067895,47.603943],[10.061405,47.609577],[10.0754,47.619686],[10.073293,47.624838],[10.077293,47.639274],[10.083057,47.654654],[10.093351,47.664172],[10.093724,47.670353],[10.110801,47.666435],[10.129328,47.676931],[10.129113,47.690903],[10.139438,47.703273],[10.11924,47.715143],[10.118335,47.733117],[10.114645,47.73811],[10.115966,47.760734],[10.085527,47.770508],[10.081134,47.779093],[10.066546,47.78529],[10.08799,47.797958],[10.092139,47.803221],[10.115136,47.801244],[10.112351,47.807146],[10.126001,47.812755],[10.131929,47.820087],[10.15246,47.821897],[10.174991,47.835709],[10.19217,47.84063],[10.185401,47.849203],[10.209763,47.848101],[10.22115,47.840268],[10.230756,47.839448],[10.252973,47.846002],[10.250308,47.855251],[10.257741,47.858926],[10.276315,47.853792],[10.292295,47.852948],[10.299713,47.860573],[10.318367,47.856494],[10.326901,47.858075]],[[10.278896,47.777045],[10.264431,47.773432],[10.236971,47.770377],[10.233695,47.764729],[10.243843,47.754673],[10.255985,47.756415],[10.261259,47.749659],[10.262413,47.73808],[10.258548,47.731017],[10.264453,47.723689],[10.248986,47.71432],[10.257087,47.708526],[10.278365,47.703076],[10.318351,47.695217],[10.34154,47.712417],[10.367962,47.712012],[10.364765,47.726911],[10.358388,47.729718],[10.37307,47.744531],[10.377005,47.756687],[10.368717,47.763012],[10.353139,47.762969],[10.348009,47.768251],[10.329479,47.767628],[10.318985,47.771382],[10.310636,47.767371],[10.295992,47.767966],[10.293739,47.776987],[10.278896,47.777045]]]]}},{"type":"Feature","properties":{"NUTS_ID":"DE256","LEVL_CODE":3,"CNTR_CODE":"DE","NAME_LATN":"Ansbach, Landkreis","NUTS_NAME":"Ansbach, Landkreis","MOUNT_TYPE":4,"URBN_TYPE":3,"COAST_TYPE":3,"FID":"DE256"},"geometry":{"type":"MultiPolygon","coordinates":[[[[10.697352,49.436273],[10.738349,49.433846],[10.741636,49.424393],[10.750925,49.419182],[10.73808,49.413815],[10.743365,49.400922],[10.765852,49.394712],[10.781444,49.383563],[10.78567,49.38817],[10.816483,49.373006],[10.824402,49.373972],[10.842485,49.363553],[10.867839,49.356126],[10.861984,49.342948],[10.871007,49.319702],[10.897411,49.307449],[10.907058,49.286823],[10.901995,49.283187],[10.896661,49.269241],[10.902872,49.264375],[10.90138,49.254995],[10.91136,49.254218],[10.912804,49.246972],[10.899925,49.243029],[10.890989,49.232578],[10.876236,49.230507],[10.860288,49.220676],[10.863863,49.207635],[10.85051,49.206098],[10.837641,49.197751],[10.799964,49.198254],[10.777776,49.204596],[10.758494,49.202635],[10.740759,49.196344],[10.736143,49.188452],[10.724255,49.186558],[10.709619,49.178177],[10.713067,49.169849],[10.702944,49.167892],[10.693664,49.151849],[10.671492,49.1406],[10.666918,49.133589],[10.655083,49.132642],[10.653455,49.121573],[10.663422,49.115918],[10.64826,49.102295],[10.646207,49.089986],[10.657688,49.082143],[10.672289,49.083089],[10.673743,49.073053],[10.688235,49.071303],[10.681228,49.059497],[10.687758,49.047082],[10.677882,49.040127],[10.678859,49.034342],[10.66709,49.017905],[10.642255,49.016631],[10.626889,49.019575],[10.615045,49.015271],[10.605628,49.017524],[10.593564,49.034261],[10.557292,49.033671],[10.540484,49.021289],[10.543447,49.007749],[10.500798,49.006167],[10.494038,49.010294],[10.471,49.011565],[10.450307,49.007872],[10.427802,48.999564],[10.422097,48.99202],[10.430933,48.982788],[10.409849,48.977435],[10.394655,48.989434],[10.381772,48.988508],[10.381158,48.998417],[10.372809,49.003239],[10.354159,49.005978],[10.354889,49.012666],[10.346461,49.017999],[10.348651,49.027515],[10.334982,49.029444],[10.320477,49.025716],[10.303218,49.0321],[10.295292,49.042125],[10.273798,49.042512],[10.254731,49.045147],[10.256764,49.059495],[10.256796,49.070197],[10.234986,49.075326],[10.246989,49.080573],[10.249007,49.09108],[10.229819,49.090182],[10.222449,49.097261],[10.204997,49.098119],[10.226077,49.111659],[10.22668,49.118978],[10.250625,49.126464],[10.254641,49.139339],[10.247694,49.14852],[10.238569,49.149909],[10.231146,49.157073],[10.216515,49.162457],[10.199364,49.156354],[10.191735,49.171529],[10.179401,49.17356],[10.160906,49.18334],[10.155318,49.192655],[10.143973,49.195146],[10.129327,49.20338],[10.126596,49.210315],[10.139415,49.21328],[10.12754,49.223536],[10.124232,49.244498],[10.131536,49.25095],[10.11741,49.257414],[10.117227,49.268315],[10.135922,49.264105],[10.145551,49.269132],[10.149461,49.287751],[10.133912,49.29669],[10.132295,49.305003],[10.144692,49.3171],[10.139295,49.325717],[10.123661,49.324911],[10.107953,49.332296],[10.104486,49.346487],[10.122645,49.356862],[10.113591,49.361157],[10.117017,49.368855],[10.108032,49.378992],[10.111966,49.38491],[10.125688,49.38741],[10.14353,49.38496],[10.157615,49.389901],[10.150498,49.412515],[10.13942,49.42386],[10.132693,49.437309],[10.117736,49.443695],[10.110185,49.440343],[10.095612,49.448334],[10.097563,49.455407],[10.120913,49.463604],[10.118328,49.473169],[10.131874,49.471567],[10.137185,49.47853],[10.157497,49.47904],[10.172095,49.475991],[10.181868,49.489708],[10.207371,49.491745],[10.231714,49.488118],[10.243787,49.476061],[10.254035,49.475042],[10.266578,49.467703],[10.252581,49.45371],[10.26602,49.434656],[10.273676,49.434977],[10.281372,49.420122],[10.295474,49.413235],[10.338552,49.432993],[10.346964,49.422246],[10.349424,49.411088],[10.36706,49.414339],[10.387083,49.412524],[10.39685,49.429121],[10.404889,49.432301],[10.436748,49.42654],[10.447702,49.413535],[10.458748,49.416163],[10.481028,49.415862],[10.472345,49.423476],[10.48727,49.432655],[10.509127,49.435424],[10.509497,49.44885],[10.519978,49.450167],[10.53873,49.438506],[10.555136,49.437467],[10.557256,49.445346],[10.573871,49.438677],[10.611403,49.447951],[10.611628,49.432724],[10.59691,49.431608],[10.597997,49.422264],[10.609853,49.423414],[10.615015,49.430243],[10.642169,49.422689],[10.65641,49.42572],[10.670035,49.424945],[10.673931,49.429604],[10.697352,49.436273]],[[10.57183,49.342121],[10.569404,49.338931],[10.547215,49.339635],[10.536772,49.334158],[10.52396,49.321297],[10.518195,49.324878],[10.496966,49.327594],[10.474074,49.325128],[10.477764,49.31162],[10.493361,49.304887],[10.498177,49.292481],[10.466206,49.292764],[10.455888,49.284243],[10.465282,49.276376],[10.481442,49.274773],[10.474996,49.267255],[10.502832,49.265888],[10.515953,49.257861],[10.528681,49.26216],[10.561704,49.252478],[10.579434,49.250232],[10.580472,49.245706],[10.608675,49.238207],[10.640178,49.234565],[10.636101,49.246816],[10.64588,49.257324],[10.627154,49.264527],[10.615402,49.277097],[10.61385,49.283323],[10.629038,49.288366],[10.635662,49.301453],[10.656759,49.315041],[10.649972,49.322391],[10.626783,49.327447],[10.604479,49.329485],[10.591496,49.333671],[10.587133,49.342074],[10.57183,49.342121]]]]}},{"type":"Feature","properties":{"NUTS_ID":"DE145","LEVL_CODE":3,"CNTR_CODE":"DE","NAME_LATN":"Alb-Donau-Kreis","NUTS_NAME":"Alb-Donau-Kreis","MOUNT_TYPE":4,"URBN_TYPE":2,"COAST_TYPE":3,"FID":"DE145"},"geometry":{"type":"MultiPolygon","coordinates":[[[[10.23078,48.510511],[10.234692,48.505341],[10.237507,48.500196],[10.240367,48.491754],[10.217916,48.488467],[10.181509,48.475564],[10.183582,48.467446],[10.171405,48.458327],[10.133896,48.454871],[10.123282,48.461577],[10.116542,48.475048],[10.106491,48.477084],[10.085528,48.463179],[10.070613,48.458446],[10.032695,48.457196],[10.019556,48.464427],[9.981777,48.462985],[9.969264,48.458437],[9.963605,48.448756],[9.940728,48.450861],[9.915465,48.442105],[9.90803,48.435723],[9.910272,48.423818],[9.927046,48.4229],[9.939126,48.409648],[9.914495,48.408934],[9.898997,48.395997],[9.876453,48.394993],[9.86892,48.377483],[9.84614,48.374391],[9.844692,48.360802],[9.848468,48.353527],[9.870626,48.351367],[9.883616,48.353208],[9.899588,48.343444],[9.903335,48.349023],[9.927484,48.339928],[9.923904,48.325393],[9.90803,48.319547],[9.920972,48.312622],[9.951167,48.312512],[9.990297,48.328026],[9.985855,48.334897],[9.984386,48.348423],[9.997606,48.350118],[10.010195,48.341687],[10.011793,48.331553],[10.023199,48.323201],[10.042352,48.300071],[10.043479,48.293874],[10.065229,48.281811],[10.062409,48.272642],[10.067122,48.254509],[10.061415,48.240665],[10.077563,48.221095],[10.083362,48.208963],[10.085919,48.182773],[10.095358,48.164015],[10.078722,48.156578],[10.07312,48.15052],[10.048333,48.142724],[10.016297,48.148516],[10.034465,48.15322],[10.034671,48.158249],[10.046875,48.165771],[10.045384,48.181591],[10.067671,48.189982],[10.060983,48.194543],[10.043544,48.194246],[10.037445,48.197277],[10.035684,48.216084],[10.039441,48.227618],[10.033263,48.232114],[10.019891,48.231534],[10.007885,48.245428],[9.990714,48.243627],[9.986199,48.248167],[9.988068,48.262464],[9.968171,48.268772],[9.949449,48.26976],[9.939663,48.266982],[9.926504,48.269418],[9.921555,48.275559],[9.921095,48.286366],[9.90803,48.284495],[9.895273,48.292557],[9.882904,48.293621],[9.873472,48.276233],[9.847916,48.259468],[9.843484,48.246586],[9.829725,48.252986],[9.793279,48.245216],[9.797359,48.239665],[9.792993,48.23188],[9.766341,48.226227],[9.766962,48.216445],[9.754301,48.206644],[9.741791,48.203526],[9.744226,48.191764],[9.737071,48.186688],[9.745139,48.178064],[9.730589,48.171623],[9.704034,48.174298],[9.698984,48.17952],[9.686458,48.178739],[9.670113,48.16813],[9.660906,48.157916],[9.656701,48.175005],[9.650138,48.177665],[9.642846,48.188873],[9.627618,48.188555],[9.623783,48.200033],[9.596474,48.206411],[9.563607,48.190913],[9.550577,48.193231],[9.538972,48.205545],[9.531463,48.206194],[9.522287,48.223197],[9.490054,48.23271],[9.489912,48.241307],[9.52658,48.254303],[9.524761,48.267416],[9.508295,48.269605],[9.507283,48.278975],[9.527827,48.284024],[9.541965,48.291261],[9.555708,48.29433],[9.553634,48.305813],[9.533513,48.315935],[9.549112,48.320319],[9.557803,48.331978],[9.579513,48.327676],[9.592064,48.356328],[9.589311,48.364991],[9.60287,48.374588],[9.583085,48.377887],[9.589824,48.383446],[9.580584,48.39219],[9.593846,48.398142],[9.620601,48.396229],[9.625596,48.403044],[9.626248,48.417834],[9.638234,48.424659],[9.631436,48.444017],[9.614097,48.470205],[9.597418,48.474494],[9.589621,48.487841],[9.59019,48.51168],[9.582296,48.530321],[9.585174,48.536741],[9.610246,48.540964],[9.616671,48.537447],[9.63255,48.536978],[9.652013,48.521021],[9.664156,48.524375],[9.684173,48.52508],[9.695744,48.541187],[9.720842,48.545862],[9.72125,48.557781],[9.730114,48.56349],[9.746341,48.563442],[9.76471,48.560314],[9.769866,48.565706],[9.781834,48.560418],[9.799439,48.55725],[9.817367,48.559368],[9.828274,48.565987],[9.839787,48.585347],[9.850762,48.583293],[9.857695,48.588714],[9.869907,48.590568],[9.891516,48.611527],[9.891386,48.621582],[9.913846,48.622692],[9.925455,48.629615],[9.944072,48.631755],[9.950502,48.629582],[9.958776,48.61867],[9.969514,48.614365],[9.961887,48.602436],[9.965278,48.595835],[9.991746,48.597099],[9.992193,48.604058],[10.006093,48.603638],[10.03882,48.606358],[10.048752,48.594457],[10.064206,48.587049],[10.097806,48.577684],[10.110129,48.569795],[10.113849,48.556574],[10.122596,48.558499],[10.154719,48.551591],[10.160612,48.556559],[10.171533,48.549295],[10.186637,48.558753],[10.190911,48.542989],[10.20075,48.541612],[10.211613,48.530186],[10.215588,48.515675],[10.23078,48.510511]]]]}},{"type":"Feature","properties":{"NUTS_ID":"DE22C","LEVL_CODE":3,"CNTR_CODE":"DE","NAME_LATN":"Dingolfing-Landau","NUTS_NAME":"Dingolfing-Landau","MOUNT_TYPE":4,"URBN_TYPE":3,"COAST_TYPE":3,"FID":"DE22C"},"geometry":{"type":"MultiPolygon","coordinates":[[[[12.967381,48.611265],[12.939,48.606523],[12.928565,48.613983],[12.91009,48.61682],[12.907591,48.60746],[12.87869,48.602992],[12.873881,48.605388],[12.841386,48.602516],[12.844157,48.593018],[12.826139,48.593117],[12.817384,48.602118],[12.785439,48.59902],[12.772804,48.590271],[12.761031,48.558142],[12.777412,48.544215],[12.757894,48.536832],[12.749034,48.541241],[12.732664,48.540583],[12.717925,48.54673],[12.714301,48.533438],[12.719606,48.522997],[12.709239,48.519693],[12.69175,48.522541],[12.693745,48.5096],[12.673862,48.509123],[12.669886,48.502133],[12.658381,48.495413],[12.624767,48.482967],[12.623467,48.495023],[12.633269,48.498484],[12.627728,48.510479],[12.608676,48.518402],[12.583825,48.522164],[12.582063,48.516648],[12.566369,48.51726],[12.555505,48.523963],[12.550585,48.51563],[12.562011,48.501001],[12.556137,48.492897],[12.555215,48.482603],[12.523415,48.481024],[12.514986,48.490778],[12.518433,48.498257],[12.508154,48.502975],[12.507485,48.514918],[12.495592,48.516707],[12.484599,48.53301],[12.506359,48.547322],[12.495425,48.557518],[12.476121,48.561217],[12.44122,48.557736],[12.435055,48.55114],[12.419901,48.545996],[12.40742,48.53645],[12.399535,48.541217],[12.399278,48.551606],[12.373504,48.56903],[12.366571,48.566082],[12.348959,48.571834],[12.348997,48.580436],[12.357882,48.587475],[12.354997,48.59855],[12.370358,48.600538],[12.37378,48.605075],[12.360083,48.614349],[12.355856,48.6267],[12.374305,48.634275],[12.370126,48.642082],[12.398478,48.645117],[12.390659,48.659159],[12.384218,48.663092],[12.389467,48.674891],[12.375569,48.685187],[12.357938,48.684227],[12.339505,48.690251],[12.345621,48.70096],[12.328672,48.7155],[12.329386,48.721435],[12.344604,48.725693],[12.348088,48.730883],[12.364245,48.737785],[12.377554,48.732219],[12.390095,48.735275],[12.379092,48.74795],[12.395079,48.750977],[12.399126,48.758182],[12.431198,48.766752],[12.450532,48.746266],[12.452968,48.757222],[12.469535,48.755425],[12.470246,48.761223],[12.513533,48.758552],[12.525975,48.748929],[12.539451,48.72625],[12.555721,48.729822],[12.595958,48.724501],[12.599778,48.736014],[12.62906,48.733905],[12.628876,48.742736],[12.650529,48.742598],[12.659618,48.757591],[12.674524,48.750474],[12.687627,48.758312],[12.699937,48.759619],[12.703646,48.768342],[12.724566,48.778156],[12.732722,48.790005],[12.751953,48.798824],[12.764001,48.797912],[12.766319,48.787453],[12.779439,48.781257],[12.770914,48.77386],[12.779778,48.745794],[12.808201,48.738442],[12.813352,48.725699],[12.796872,48.721425],[12.795852,48.715529],[12.812009,48.699931],[12.821045,48.694934],[12.83277,48.678113],[12.84645,48.682007],[12.854411,48.673681],[12.855619,48.661888],[12.872452,48.667388],[12.886516,48.661027],[12.905147,48.661092],[12.906643,48.65472],[12.917506,48.65312],[12.924505,48.657583],[12.933511,48.650119],[12.944523,48.652546],[12.950125,48.640941],[12.94511,48.623985],[12.967381,48.611265]]]]}},{"type":"Feature","properties":{"NUTS_ID":"DE231","LEVL_CODE":3,"CNTR_CODE":"DE","NAME_LATN":"Amberg, Kreisfreie Stadt","NUTS_NAME":"Amberg, Kreisfreie Stadt","MOUNT_TYPE":4,"URBN_TYPE":2,"COAST_TYPE":3,"FID":"DE231"},"geometry":{"type":"MultiPolygon","coordinates":[[[[11.836434,49.411826],[11.819287,49.419138],[11.815514,49.425957],[11.802891,49.424712],[11.794722,49.429505],[11.781148,49.427646],[11.782335,49.440247],[11.777583,49.443495],[11.7877,49.459213],[11.77866,49.464194],[11.794629,49.470443],[11.816161,49.4661],[11.832634,49.471883],[11.845145,49.469458],[11.844482,49.486426],[11.85478,49.485458],[11.87437,49.49706],[11.884607,49.484977],[11.888807,49.468498],[11.893836,49.46338],[11.913258,49.461562],[11.908176,49.451545],[11.913943,49.445658],[11.901087,49.441571],[11.889452,49.429181],[11.871511,49.431057],[11.858139,49.420666],[11.843162,49.423072],[11.836434,49.411826]]]]}},{"type":"Feature","properties":{"NUTS_ID":"DE232","LEVL_CODE":3,"CNTR_CODE":"DE","NAME_LATN":"Regensburg, Kreisfreie Stadt","NUTS_NAME":"Regensburg, Kreisfreie Stadt","MOUNT_TYPE":4,"URBN_TYPE":2,"COAST_TYPE":3,"FID":"DE232"},"geometry":{"type":"MultiPolygon","coordinates":[[[[12.107551,48.967359],[12.096063,48.97234],[12.07775,48.970116],[12.067596,48.985132],[12.065329,48.997655],[12.052974,49.002776],[12.038239,49.001846],[12.029902,49.009811],[12.044813,49.025394],[12.034723,49.033413],[12.036454,49.041142],[12.052545,49.049817],[12.061629,49.035535],[12.077795,49.033215],[12.088957,49.035796],[12.098914,49.043347],[12.095025,49.063241],[12.117104,49.068135],[12.138998,49.068257],[12.135474,49.057874],[12.147509,49.047194],[12.164396,49.04852],[12.160071,49.019326],[12.180548,49.009557],[12.186966,49.00362],[12.188487,48.989546],[12.175445,48.972847],[12.164211,48.972464],[12.152931,48.978005],[12.130916,48.967215],[12.116711,48.975067],[12.107551,48.967359]]]]}},{"type":"Feature","properties":{"NUTS_ID":"DE233","LEVL_CODE":3,"CNTR_CODE":"DE","NAME_LATN":"Weiden i. d. Opf, Kreisfreie Stadt","NUTS_NAME":"Weiden i. d. Opf, Kreisfreie Stadt","MOUNT_TYPE":4,"URBN_TYPE":3,"COAST_TYPE":3,"FID":"DE233"},"geometry":{"type":"MultiPolygon","coordinates":[[[[12.2579,49.667358],[12.260711,49.650055],[12.257018,49.638944],[12.24092,49.631751],[12.236905,49.639526],[12.221268,49.657414],[12.211534,49.662301],[12.199475,49.653147],[12.186972,49.653575],[12.177989,49.662296],[12.169505,49.662243],[12.158272,49.650094],[12.157352,49.641347],[12.143967,49.635787],[12.146279,49.627027],[12.129248,49.615523],[12.115872,49.62562],[12.118665,49.634893],[12.113448,49.641764],[12.096123,49.642234],[12.096817,49.652891],[12.083113,49.657327],[12.085146,49.667656],[12.069239,49.671307],[12.082646,49.684649],[12.084852,49.691563],[12.077409,49.700386],[12.110473,49.695968],[12.130672,49.711312],[12.151418,49.702965],[12.166899,49.707221],[12.181647,49.702828],[12.190904,49.693696],[12.192032,49.686823],[12.209842,49.686823],[12.22606,49.683805],[12.22474,49.6742],[12.229707,49.667404],[12.249775,49.66516],[12.2579,49.667358]]]]}},{"type":"Feature","properties":{"NUTS_ID":"DE234","LEVL_CODE":3,"CNTR_CODE":"DE","NAME_LATN":"Amberg-Sulzbach","NUTS_NAME":"Amberg-Sulzbach","MOUNT_TYPE":4,"URBN_TYPE":2,"COAST_TYPE":3,"FID":"DE234"},"geometry":{"type":"MultiPolygon","coordinates":[[[[12.11549,49.547955],[12.08859,49.542599],[12.086611,49.534026],[12.072825,49.528706],[12.07419,49.518037],[12.085484,49.511768],[12.094995,49.499953],[12.089714,49.489676],[12.081257,49.484138],[12.068794,49.483979],[12.069071,49.49206],[12.047556,49.494484],[12.033291,49.493682],[12.037982,49.485085],[12.033335,49.479677],[12.03422,49.466178],[12.038923,49.451362],[12.032832,49.429714],[12.01877,49.433466],[12.006966,49.431541],[11.981007,49.434346],[11.987206,49.427307],[11.97713,49.42218],[12.005586,49.406075],[12.000662,49.39796],[12.009239,49.392145],[12.022919,49.39636],[12.048169,49.393392],[12.051945,49.380284],[12.063937,49.380132],[12.055597,49.357651],[12.04899,49.351514],[12.021018,49.353534],[12.009247,49.340689],[11.999524,49.335239],[11.999197,49.326247],[11.991827,49.318693],[11.977006,49.315608],[11.967046,49.303301],[11.973515,49.285913],[11.978622,49.279837],[11.945165,49.278666],[11.945272,49.268608],[11.964081,49.26498],[11.968511,49.257265],[11.98277,49.252343],[11.949384,49.241914],[11.941919,49.235272],[11.942417,49.227724],[11.95078,49.2213],[11.943918,49.21493],[11.93422,49.221074],[11.926143,49.2504],[11.927316,49.257224],[11.913014,49.267966],[11.874616,49.278985],[11.858478,49.285122],[11.833984,49.284462],[11.826916,49.288816],[11.791335,49.293772],[11.777584,49.30675],[11.758197,49.314984],[11.740857,49.318049],[11.741097,49.324627],[11.722123,49.337677],[11.709036,49.335537],[11.699044,49.324201],[11.703092,49.315598],[11.687595,49.310918],[11.686052,49.322433],[11.661768,49.31954],[11.663411,49.328575],[11.657716,49.333349],[11.637047,49.336629],[11.630176,49.342522],[11.634114,49.352284],[11.624343,49.360804],[11.639998,49.367402],[11.63742,49.382124],[11.625793,49.386904],[11.613308,49.396539],[11.59687,49.388739],[11.589836,49.38989],[11.574222,49.401743],[11.572297,49.414634],[11.557755,49.419042],[11.557213,49.432353],[11.56776,49.444766],[11.577839,49.451204],[11.595492,49.47199],[11.58909,49.477665],[11.591457,49.485027],[11.579174,49.485846],[11.568869,49.492755],[11.564106,49.503557],[11.535677,49.507342],[11.534607,49.511733],[11.547546,49.520256],[11.543868,49.526211],[11.550574,49.539202],[11.549135,49.544457],[11.515651,49.548742],[11.515644,49.557675],[11.530789,49.565076],[11.544378,49.56037],[11.553503,49.565655],[11.551241,49.57276],[11.571623,49.579974],[11.564755,49.586483],[11.568567,49.592995],[11.549977,49.603649],[11.562176,49.612667],[11.5809,49.616481],[11.591392,49.612615],[11.599185,49.62349],[11.590066,49.640818],[11.571119,49.640922],[11.573444,49.647156],[11.564091,49.659139],[11.57437,49.66372],[11.561754,49.678714],[11.563504,49.686823],[11.547581,49.693255],[11.561112,49.697299],[11.560449,49.714291],[11.566468,49.73188],[11.574348,49.727424],[11.585586,49.728725],[11.597078,49.738166],[11.595257,49.75402],[11.620652,49.760191],[11.630662,49.760571],[11.6465,49.748798],[11.64338,49.738088],[11.648438,49.727303],[11.661289,49.712906],[11.666555,49.702386],[11.655639,49.701162],[11.64918,49.684345],[11.660954,49.674485],[11.650277,49.670657],[11.652966,49.652262],[11.642545,49.647147],[11.640734,49.631913],[11.663724,49.624748],[11.68989,49.623813],[11.704082,49.627932],[11.714374,49.623751],[11.736925,49.624955],[11.740937,49.633354],[11.768921,49.637919],[11.779845,49.648323],[11.788242,49.65164],[11.810589,49.652295],[11.832399,49.641221],[11.87741,49.635263],[11.912278,49.645191],[11.917031,49.638247],[11.934585,49.639609],[11.938132,49.643966],[11.973826,49.639683],[11.979765,49.621299],[11.968366,49.614343],[11.986697,49.609485],[11.991827,49.602553],[11.98356,49.596693],[11.987633,49.586021],[11.978515,49.583079],[11.991827,49.575139],[12.027751,49.578087],[12.031354,49.570415],[12.051426,49.578435],[12.06907,49.577637],[12.068236,49.566353],[12.089741,49.56029],[12.102292,49.566254],[12.119203,49.557646],[12.11549,49.547955]],[[11.836434,49.411826],[11.843162,49.423072],[11.858139,49.420666],[11.871511,49.431057],[11.889452,49.429181],[11.901087,49.441571],[11.913943,49.445658],[11.908176,49.451545],[11.913258,49.461562],[11.893836,49.46338],[11.888807,49.468498],[11.884607,49.484977],[11.87437,49.49706],[11.85478,49.485458],[11.844482,49.486426],[11.845145,49.469458],[11.832634,49.471883],[11.816161,49.4661],[11.794629,49.470443],[11.77866,49.464194],[11.7877,49.459213],[11.777583,49.443495],[11.782335,49.440247],[11.781148,49.427646],[11.794722,49.429505],[11.802891,49.424712],[11.815514,49.425957],[11.819287,49.419138],[11.836434,49.411826]]]]}},{"type":"Feature","properties":{"NUTS_ID":"DE146","LEVL_CODE":3,"CNTR_CODE":"DE","NAME_LATN":"Biberach","NUTS_NAME":"Biberach","MOUNT_TYPE":4,"URBN_TYPE":3,"COAST_TYPE":3,"FID":"DE146"},"geometry":{"type":"MultiPolygon","coordinates":[[[[10.095358,48.164015],[10.108,48.130547],[10.136457,48.108459],[10.140552,48.095474],[10.13442,48.081134],[10.143168,48.073633],[10.141018,48.04754],[10.127808,48.032516],[10.135728,48.023761],[10.132387,48.0154],[10.120139,48.00402],[10.115431,47.989457],[10.114954,47.976257],[10.104207,47.974358],[10.088953,47.981664],[10.066892,47.973705],[10.052211,47.953644],[10.033326,47.94631],[10.008269,47.952532],[10.007778,47.969193],[9.991749,47.964545],[9.984624,47.974794],[9.977158,47.966745],[9.956429,47.958834],[9.944625,47.96501],[9.925601,47.966546],[9.920722,47.977229],[9.903908,47.984731],[9.878542,47.979911],[9.87159,47.981624],[9.858831,47.964599],[9.839675,47.954566],[9.825664,47.96052],[9.801107,47.960078],[9.796249,47.953285],[9.778113,47.958086],[9.768079,47.957056],[9.769352,47.967093],[9.74845,47.975485],[9.740889,47.973545],[9.724727,47.980301],[9.712362,47.971784],[9.701764,47.982485],[9.692888,47.98249],[9.684489,47.968628],[9.663645,47.975192],[9.646775,47.967069],[9.622415,47.96708],[9.611489,47.983837],[9.615198,47.98828],[9.604913,48.002284],[9.603665,48.009675],[9.590484,48.021551],[9.580031,48.023416],[9.578483,48.033267],[9.568716,48.044412],[9.548881,48.047706],[9.537156,48.053662],[9.5271,48.065052],[9.512142,48.063847],[9.501271,48.075688],[9.480894,48.073843],[9.456117,48.076408],[9.450319,48.082097],[9.429428,48.086873],[9.418692,48.092053],[9.411704,48.101904],[9.395577,48.098849],[9.397216,48.09353],[9.364939,48.092865],[9.352709,48.094867],[9.355545,48.104498],[9.340403,48.110917],[9.32722,48.111949],[9.319246,48.120107],[9.317244,48.129975],[9.291948,48.1381],[9.275072,48.149841],[9.268519,48.159014],[9.287676,48.158956],[9.298797,48.163501],[9.30316,48.177428],[9.318998,48.187167],[9.311786,48.202374],[9.313615,48.213222],[9.307374,48.221837],[9.328761,48.227318],[9.33678,48.237257],[9.347567,48.239501],[9.362343,48.226824],[9.368309,48.216958],[9.385969,48.199537],[9.399993,48.197375],[9.42193,48.202388],[9.425633,48.195781],[9.436676,48.195117],[9.441244,48.204405],[9.462522,48.208634],[9.469975,48.201799],[9.498024,48.213762],[9.490054,48.23271],[9.522287,48.223197],[9.531463,48.206194],[9.538972,48.205545],[9.550577,48.193231],[9.563607,48.190913],[9.596474,48.206411],[9.623783,48.200033],[9.627618,48.188555],[9.642846,48.188873],[9.650138,48.177665],[9.656701,48.175005],[9.660906,48.157916],[9.670113,48.16813],[9.686458,48.178739],[9.698984,48.17952],[9.704034,48.174298],[9.730589,48.171623],[9.745139,48.178064],[9.737071,48.186688],[9.744226,48.191764],[9.741791,48.203526],[9.754301,48.206644],[9.766962,48.216445],[9.766341,48.226227],[9.792993,48.23188],[9.797359,48.239665],[9.793279,48.245216],[9.829725,48.252986],[9.843484,48.246586],[9.847916,48.259468],[9.873472,48.276233],[9.882904,48.293621],[9.895273,48.292557],[9.90803,48.284495],[9.921095,48.286366],[9.921555,48.275559],[9.926504,48.269418],[9.939663,48.266982],[9.949449,48.26976],[9.968171,48.268772],[9.988068,48.262464],[9.986199,48.248167],[9.990714,48.243627],[10.007885,48.245428],[10.019891,48.231534],[10.033263,48.232114],[10.039441,48.227618],[10.035684,48.216084],[10.037445,48.197277],[10.043544,48.194246],[10.060983,48.194543],[10.067671,48.189982],[10.045384,48.181591],[10.046875,48.165771],[10.034671,48.158249],[10.034465,48.15322],[10.016297,48.148516],[10.048333,48.142724],[10.07312,48.15052],[10.078722,48.156578],[10.095358,48.164015]]]]}},{"type":"Feature","properties":{"NUTS_ID":"DE114","LEVL_CODE":3,"CNTR_CODE":"DE","NAME_LATN":"Göppingen","NUTS_NAME":"Göppingen","MOUNT_TYPE":3,"URBN_TYPE":1,"COAST_TYPE":3,"FID":"DE114"},"geometry":{"type":"MultiPolygon","coordinates":[[[[9.626598,48.774377],[9.657881,48.770409],[9.690631,48.777524],[9.70924,48.778799],[9.714113,48.772214],[9.731453,48.768628],[9.740731,48.774502],[9.750473,48.764731],[9.752784,48.751697],[9.763514,48.746704],[9.778773,48.746109],[9.789404,48.737269],[9.791397,48.72143],[9.83886,48.729565],[9.860044,48.725493],[9.884024,48.715243],[9.89103,48.719671],[9.90285,48.716857],[9.888555,48.738465],[9.889543,48.745306],[9.903047,48.74685],[9.931323,48.74085],[9.941497,48.733381],[9.966486,48.725522],[9.987771,48.727253],[9.994105,48.714329],[9.992602,48.706624],[9.977462,48.70681],[9.971614,48.696932],[9.964905,48.694977],[9.970429,48.675191],[9.963884,48.668867],[9.94597,48.662955],[9.931951,48.66657],[9.929888,48.652499],[9.921237,48.648018],[9.928519,48.639028],[9.944072,48.631755],[9.925455,48.629615],[9.913846,48.622692],[9.891386,48.621582],[9.891516,48.611527],[9.869907,48.590568],[9.857695,48.588714],[9.850762,48.583293],[9.839787,48.585347],[9.828274,48.565987],[9.817367,48.559368],[9.799439,48.55725],[9.781834,48.560418],[9.769866,48.565706],[9.76471,48.560314],[9.746341,48.563442],[9.730114,48.56349],[9.72125,48.557781],[9.720842,48.545862],[9.695744,48.541187],[9.684173,48.52508],[9.664156,48.524375],[9.652013,48.521021],[9.63255,48.536978],[9.616671,48.537447],[9.610246,48.540964],[9.585174,48.536741],[9.582476,48.539147],[9.577566,48.546559],[9.560695,48.552075],[9.578799,48.571733],[9.592328,48.573679],[9.595445,48.586096],[9.588601,48.604623],[9.595195,48.610647],[9.576708,48.625097],[9.563245,48.62929],[9.539234,48.630794],[9.534962,48.634814],[9.5513,48.643384],[9.554857,48.655615],[9.540947,48.660299],[9.50977,48.656893],[9.506364,48.663217],[9.493887,48.665901],[9.492943,48.678723],[9.488223,48.686901],[9.492746,48.698981],[9.484651,48.706165],[9.493283,48.713256],[9.486915,48.72495],[9.509199,48.748786],[9.503095,48.753939],[9.515548,48.761597],[9.531889,48.757589],[9.540791,48.751971],[9.548232,48.741037],[9.567481,48.751276],[9.580032,48.750051],[9.585267,48.764045],[9.571979,48.771588],[9.57399,48.780202],[9.588386,48.781067],[9.605964,48.775418],[9.614526,48.76929],[9.626598,48.774377]]]]}},{"type":"Feature","properties":{"NUTS_ID":"DE115","LEVL_CODE":3,"CNTR_CODE":"DE","NAME_LATN":"Ludwigsburg","NUTS_NAME":"Ludwigsburg","MOUNT_TYPE":4,"URBN_TYPE":1,"COAST_TYPE":3,"FID":"DE115"},"geometry":{"type":"MultiPolygon","coordinates":[[[[9.416236,49.047377],[9.399536,49.043984],[9.384865,49.047098],[9.386309,49.058894],[9.409293,49.062134],[9.415039,49.058016],[9.416236,49.047377]]],[[[9.399394,49.038172],[9.381545,49.026225],[9.384145,49.019509],[9.358726,49.013941],[9.338998,49.002444],[9.346657,48.994019],[9.36734,48.978609],[9.368012,48.967186],[9.347005,48.965368],[9.330985,48.951834],[9.30646,48.950857],[9.314423,48.942813],[9.31484,48.934897],[9.337866,48.928396],[9.350373,48.934085],[9.361134,48.92386],[9.364044,48.912253],[9.359346,48.905701],[9.317346,48.904385],[9.304752,48.895969],[9.297893,48.883948],[9.302637,48.873864],[9.295279,48.864621],[9.26842,48.859675],[9.259048,48.861916],[9.24417,48.847008],[9.234554,48.849202],[9.229437,48.862322],[9.220619,48.866593],[9.206961,48.861309],[9.205631,48.852461],[9.189582,48.848242],[9.166873,48.850954],[9.153553,48.861241],[9.133687,48.857483],[9.14088,48.84707],[9.133736,48.842714],[9.137198,48.82823],[9.112803,48.822533],[9.099761,48.829598],[9.085844,48.832964],[9.083571,48.820361],[9.077027,48.813966],[9.086263,48.8073],[9.083924,48.797776],[9.075534,48.789421],[9.085787,48.782708],[9.085043,48.772765],[9.076703,48.76669],[9.076627,48.754855],[9.064847,48.755577],[9.050907,48.764619],[9.042719,48.782795],[9.04261,48.790074],[9.031252,48.799425],[9.045421,48.815252],[9.042937,48.820312],[9.021718,48.82913],[9.005533,48.827602],[8.989438,48.832978],[8.965904,48.829815],[8.958415,48.840811],[8.958072,48.854764],[8.937184,48.866583],[8.9288,48.866557],[8.918006,48.882706],[8.913319,48.903814],[8.908114,48.910053],[8.925589,48.91903],[8.902893,48.923975],[8.906114,48.944118],[8.929551,48.937211],[8.947204,48.942196],[8.94523,48.960692],[8.921232,48.981676],[8.92233,48.988621],[8.932302,48.992196],[8.917868,49.004734],[8.918138,49.008731],[8.90473,49.021315],[8.880157,49.031104],[8.876031,49.03517],[8.887608,49.044495],[8.927753,49.037663],[8.943135,49.037758],[8.971337,49.041479],[8.98934,49.037738],[8.988955,49.028056],[9.008971,49.021526],[9.017682,49.02787],[9.031373,49.024],[9.060277,49.026078],[9.058877,49.03758],[9.065889,49.045376],[9.083182,49.049554],[9.105111,49.051583],[9.101642,49.061662],[9.118574,49.064598],[9.135854,49.055292],[9.152963,49.05729],[9.174868,49.051594],[9.172628,49.040139],[9.185789,49.030531],[9.214415,49.029003],[9.221892,49.033044],[9.23512,49.022707],[9.246762,49.022353],[9.267253,49.030931],[9.283667,49.04313],[9.294908,49.031895],[9.335966,49.03997],[9.355817,49.03754],[9.372591,49.041176],[9.380571,49.037352],[9.399394,49.038172]]]]}},{"type":"Feature","properties":{"NUTS_ID":"CH033","LEVL_CODE":3,"CNTR_CODE":"CH","NAME_LATN":"Aargau","NUTS_NAME":"Aargau","MOUNT_TYPE":3,"URBN_TYPE":1,"COAST_TYPE":3,"FID":"CH033"},"geometry":{"type":"MultiPolygon","coordinates":[[[[8.426434,47.567549],[8.418406,47.564411],[8.415105,47.554169],[8.417543,47.545701],[8.408802,47.544185],[8.402719,47.533323],[8.393299,47.52572],[8.382056,47.525538],[8.376983,47.512702],[8.361094,47.510267],[8.357827,47.502468],[8.363569,47.480836],[8.373291,47.481387],[8.368638,47.469716],[8.372801,47.458743],[8.382967,47.456178],[8.383916,47.434942],[8.391679,47.421042],[8.382755,47.416589],[8.383568,47.395701],[8.394642,47.393969],[8.394619,47.381961],[8.407513,47.359892],[8.40422,47.346336],[8.416785,47.334241],[8.416276,47.324467],[8.441566,47.327592],[8.448253,47.322639],[8.436011,47.31515],[8.428464,47.301201],[8.414742,47.293456],[8.391626,47.286489],[8.401742,47.272804],[8.403269,47.254891],[8.410716,47.248037],[8.405642,47.23677],[8.395987,47.228233],[8.405348,47.195715],[8.400242,47.183521],[8.412051,47.172235],[8.414852,47.145624],[8.412129,47.140737],[8.405086,47.137603],[8.377239,47.139754],[8.362069,47.145981],[8.358274,47.156823],[8.341275,47.174307],[8.338275,47.188609],[8.330551,47.197026],[8.327361,47.21075],[8.320162,47.21613],[8.314767,47.23973],[8.299145,47.255473],[8.295299,47.264689],[8.299397,47.270828],[8.287194,47.279128],[8.270658,47.283342],[8.249693,47.28517],[8.242389,47.272307],[8.228192,47.273053],[8.22007,47.252591],[8.208017,47.247716],[8.203284,47.234354],[8.204272,47.226489],[8.176208,47.221901],[8.163834,47.229916],[8.156645,47.238908],[8.174234,47.240555],[8.17997,47.245615],[8.174265,47.252932],[8.131693,47.245798],[8.125017,47.241313],[8.109051,47.244574],[8.098876,47.260265],[8.088311,47.262925],[8.071881,47.255172],[8.056289,47.255554],[8.060258,47.246007],[8.02879,47.241281],[8.015053,47.2442],[8.016615,47.25588],[7.997672,47.279725],[7.976592,47.274824],[7.957964,47.276718],[7.95176,47.26637],[7.961485,47.254332],[7.933466,47.235881],[7.909594,47.24396],[7.894697,47.242607],[7.8524,47.232688],[7.838686,47.234414],[7.826782,47.245369],[7.829259,47.259055],[7.824728,47.265637],[7.833019,47.268236],[7.862385,47.306982],[7.885932,47.311682],[7.897412,47.319933],[7.897003,47.327551],[7.907642,47.341054],[7.919279,47.333983],[7.947884,47.332646],[7.948337,47.317695],[7.97632,47.32256],[7.9753,47.326307],[8.001027,47.334756],[8.003997,47.345356],[8.011906,47.349814],[8.011497,47.357186],[8.026727,47.37129],[8.030521,47.383307],[8.026558,47.395621],[8.012069,47.395186],[8.006122,47.407288],[7.981511,47.414215],[7.963094,47.422298],[7.987183,47.428365],[7.98381,47.443267],[7.973978,47.459664],[7.967726,47.462367],[7.956853,47.4552],[7.948859,47.463789],[7.940169,47.4621],[7.946504,47.48525],[7.932717,47.48162],[7.905515,47.484883],[7.904689,47.492163],[7.891918,47.507108],[7.883926,47.508524],[7.875323,47.518027],[7.865947,47.519483],[7.857346,47.533212],[7.835033,47.531774],[7.831991,47.514746],[7.814764,47.504529],[7.807429,47.497172],[7.788652,47.493408],[7.787866,47.519592],[7.761163,47.525012],[7.74564,47.525341],[7.713784,47.539405],[7.72405,47.542229],[7.752676,47.545027],[7.760212,47.54898],[7.794769,47.557258],[7.81114,47.570051],[7.818366,47.586018],[7.832744,47.586561],[7.837581,47.582636],[7.8524,47.583773],[7.868647,47.588421],[7.894107,47.586375],[7.906538,47.576919],[7.911192,47.568724],[7.908518,47.555422],[7.916591,47.548272],[7.940499,47.544481],[7.948373,47.545648],[7.955403,47.556782],[7.977141,47.55539],[7.999166,47.556397],[8.019559,47.550586],[8.046036,47.5553],[8.06772,47.564254],[8.083727,47.557708],[8.09718,47.561029],[8.103388,47.57599],[8.1105,47.582824],[8.136357,47.584554],[8.139517,47.591179],[8.149881,47.59542],[8.166042,47.594869],[8.184461,47.604809],[8.197531,47.618573],[8.204986,47.620805],[8.221266,47.615515],[8.224054,47.606853],[8.254103,47.614802],[8.265533,47.609778],[8.288484,47.610319],[8.297061,47.60527],[8.29796,47.589364],[8.325189,47.572512],[8.354115,47.570317],[8.383471,47.566043],[8.392099,47.575016],[8.399968,47.576751],[8.426434,47.567549]]]]}},{"type":"Feature","properties":{"NUTS_ID":"DE245","LEVL_CODE":3,"CNTR_CODE":"DE","NAME_LATN":"Bamberg, Landkreis","NUTS_NAME":"Bamberg, Landkreis","MOUNT_TYPE":4,"URBN_TYPE":2,"COAST_TYPE":3,"FID":"DE245"},"geometry":{"type":"MultiPolygon","coordinates":[[[[10.884773,50.093142],[10.891199,50.087445],[10.888067,50.063905],[10.895064,50.052735],[10.902895,50.048851],[10.894078,50.036979],[10.916713,50.041961],[10.931518,50.035257],[10.935489,50.045355],[10.950234,50.049135],[10.96178,50.040143],[10.97887,50.040766],[10.988941,50.036442],[10.992967,50.029271],[10.983888,50.020855],[10.99939,50.016519],[11.011101,50.017549],[11.021172,50.028345],[11.046233,50.025174],[11.061853,50.034672],[11.083809,50.037767],[11.102865,50.037671],[11.123679,50.048387],[11.150329,50.043912],[11.158416,50.052218],[11.178994,50.057906],[11.194648,50.051105],[11.191427,50.045074],[11.171892,50.03367],[11.153499,50.03114],[11.147399,50.021425],[11.168917,50.016693],[11.181654,50.024059],[11.184293,50.01415],[11.192629,50.008673],[11.208834,50.015449],[11.222554,50.010371],[11.220639,50.003851],[11.246398,49.989563],[11.244897,49.97873],[11.23549,49.973778],[11.218727,49.973248],[11.215498,49.962511],[11.19697,49.954039],[11.195744,49.947936],[11.211292,49.943745],[11.213264,49.930424],[11.202823,49.912957],[11.184316,49.908841],[11.198237,49.892958],[11.193203,49.881528],[11.211795,49.878798],[11.23811,49.870473],[11.226956,49.857394],[11.231181,49.837484],[11.223322,49.835341],[11.190892,49.838421],[11.175268,49.833001],[11.167477,49.844738],[11.142043,49.844269],[11.123831,49.837847],[11.111372,49.839512],[11.104419,49.835705],[11.104112,49.822827],[11.099373,49.805943],[11.063579,49.794843],[11.049184,49.794986],[11.009366,49.782063],[10.982418,49.785591],[10.977405,49.775573],[10.964657,49.770799],[10.935514,49.77882],[10.927335,49.76843],[10.913545,49.780912],[10.872514,49.770719],[10.876383,49.757195],[10.858054,49.758682],[10.828299,49.748892],[10.822597,49.740568],[10.804172,49.738364],[10.799851,49.747921],[10.776469,49.766657],[10.766502,49.767109],[10.741248,49.776844],[10.720849,49.7882],[10.710388,49.776758],[10.69753,49.775738],[10.675879,49.76234],[10.672715,49.756761],[10.687011,49.752177],[10.691891,49.746486],[10.704652,49.748239],[10.703279,49.733793],[10.686952,49.732844],[10.672797,49.728262],[10.671351,49.722376],[10.654417,49.721123],[10.638792,49.739836],[10.616995,49.73947],[10.589853,49.744957],[10.575306,49.750955],[10.551436,49.755772],[10.553901,49.769071],[10.539871,49.772294],[10.535717,49.781929],[10.527098,49.78535],[10.535549,49.792944],[10.519281,49.796741],[10.516403,49.802997],[10.489541,49.787101],[10.472839,49.786412],[10.468275,49.792248],[10.483105,49.805187],[10.460731,49.810014],[10.448965,49.822177],[10.459914,49.836341],[10.440682,49.844829],[10.44533,49.848091],[10.459388,49.878816],[10.499377,49.8716],[10.505249,49.876682],[10.543477,49.875945],[10.550087,49.881649],[10.560702,49.866954],[10.586327,49.859355],[10.59338,49.871826],[10.605719,49.871249],[10.595861,49.859266],[10.605146,49.855248],[10.626207,49.862874],[10.632721,49.873696],[10.654447,49.882916],[10.663103,49.891131],[10.682508,49.882712],[10.693088,49.890321],[10.687676,49.897407],[10.702943,49.904374],[10.692501,49.913671],[10.714203,49.923112],[10.718153,49.932713],[10.736634,49.938794],[10.741625,49.948474],[10.726672,49.956507],[10.730635,49.961627],[10.752677,49.962326],[10.760029,49.973408],[10.747733,49.987025],[10.76483,50.000416],[10.764694,50.01198],[10.753144,50.012787],[10.751062,50.020493],[10.76803,50.023324],[10.774499,50.030663],[10.776703,50.043041],[10.783971,50.046594],[10.79719,50.045023],[10.810858,50.037638],[10.823064,50.040011],[10.836783,50.060775],[10.83689,50.072468],[10.859067,50.074432],[10.862596,50.083168],[10.860116,50.091785],[10.884773,50.093142]],[[10.913475,49.925442],[10.887551,49.920468],[10.876867,49.913684],[10.856771,49.916285],[10.832847,49.914621],[10.846412,49.907773],[10.82714,49.898136],[10.835068,49.892422],[10.83332,49.8808],[10.839572,49.875608],[10.852678,49.87519],[10.867597,49.864652],[10.882498,49.859907],[10.892814,49.852621],[10.927331,49.842941],[10.928587,49.850341],[10.949148,49.855808],[10.947331,49.869927],[10.9525,49.877158],[10.950145,49.89879],[10.943347,49.911099],[10.925806,49.925072],[10.913475,49.925442]]]]}},{"type":"Feature","properties":{"NUTS_ID":"CH021","LEVL_CODE":3,"CNTR_CODE":"CH","NAME_LATN":"Bern","NUTS_NAME":"Bern","MOUNT_TYPE":3,"URBN_TYPE":2,"COAST_TYPE":3,"FID":"CH021"},"geometry":{"type":"MultiPolygon","coordinates":[[[[7.558402,47.322372],[7.548416,47.316374],[7.546953,47.306149],[7.532427,47.294441],[7.520621,47.294001],[7.494676,47.28817],[7.478105,47.278462],[7.465912,47.264713],[7.440186,47.262647],[7.416341,47.252139],[7.418194,47.245385],[7.401518,47.234958],[7.379098,47.228246],[7.363528,47.220749],[7.340421,47.217515],[7.354474,47.192321],[7.365363,47.193351],[7.381294,47.183462],[7.393066,47.160359],[7.410208,47.162164],[7.418715,47.170696],[7.430502,47.175413],[7.435439,47.184815],[7.446981,47.182067],[7.450324,47.189232],[7.475337,47.191368],[7.472151,47.181139],[7.480577,47.172629],[7.495571,47.171581],[7.492727,47.16328],[7.479836,47.155325],[7.467918,47.151864],[7.454611,47.156329],[7.440053,47.150421],[7.421757,47.135884],[7.435795,47.128824],[7.434838,47.124036],[7.403632,47.11762],[7.386704,47.125952],[7.370434,47.120969],[7.382278,47.098893],[7.390069,47.092591],[7.409112,47.095503],[7.418795,47.099651],[7.433695,47.099411],[7.434937,47.082335],[7.443173,47.074495],[7.466387,47.07889],[7.474069,47.087761],[7.463135,47.101332],[7.461829,47.107605],[7.492088,47.117047],[7.511518,47.127844],[7.517224,47.138284],[7.528916,47.149361],[7.521865,47.158585],[7.532645,47.163792],[7.545065,47.160473],[7.55856,47.168079],[7.580915,47.159514],[7.586123,47.147548],[7.614664,47.154596],[7.652033,47.15125],[7.652868,47.162465],[7.660406,47.168006],[7.672689,47.168246],[7.677359,47.181916],[7.674623,47.190927],[7.651224,47.206659],[7.640259,47.221889],[7.640634,47.228789],[7.618896,47.22921],[7.609885,47.238818],[7.597221,47.245036],[7.594435,47.263703],[7.58004,47.276341],[7.606856,47.28047],[7.648602,47.282183],[7.660492,47.287224],[7.676826,47.289108],[7.684899,47.29393],[7.701391,47.285659],[7.710976,47.274984],[7.717707,47.274883],[7.73177,47.260179],[7.74405,47.257199],[7.756923,47.258091],[7.764811,47.266703],[7.785053,47.256292],[7.800932,47.267481],[7.813287,47.262155],[7.824728,47.265637],[7.829259,47.259055],[7.826782,47.245369],[7.838686,47.234414],[7.837457,47.223571],[7.846091,47.21676],[7.859682,47.198891],[7.860629,47.192734],[7.875402,47.182793],[7.881448,47.171861],[7.874997,47.162387],[7.877122,47.152961],[7.889649,47.140041],[7.886147,47.128415],[7.873122,47.12484],[7.868599,47.119587],[7.874285,47.109377],[7.874515,47.098393],[7.880559,47.090001],[7.878939,47.078781],[7.867164,47.055023],[7.868345,47.046655],[7.881683,47.0399],[7.892751,47.029238],[7.899599,47.018085],[7.902011,47.005919],[7.922232,47.010468],[7.931939,47.004558],[7.951693,47.006068],[7.948327,46.993715],[7.952389,46.98131],[7.944574,46.976946],[7.944891,46.968313],[7.933028,46.961947],[7.931163,46.950456],[7.922239,46.946498],[7.914617,46.934541],[7.896925,46.934324],[7.873427,46.925077],[7.867975,46.914758],[7.880499,46.909889],[7.882496,46.90404],[7.8722,46.889901],[7.858608,46.885279],[7.857267,46.871431],[7.869565,46.864162],[7.86739,46.851289],[7.877109,46.837075],[7.922416,46.820017],[7.946742,46.805222],[7.954119,46.791633],[7.973356,46.778745],[7.984389,46.774923],[7.997585,46.782289],[8.020666,46.789047],[8.049088,46.788008],[8.059966,46.786375],[8.089816,46.78781],[8.102296,46.773795],[8.121892,46.770333],[8.14636,46.75526],[8.189802,46.770204],[8.208145,46.769353],[8.222058,46.760928],[8.233877,46.761719],[8.239125,46.769572],[8.259407,46.763643],[8.26865,46.754347],[8.283475,46.753204],[8.302018,46.762007],[8.333002,46.780804],[8.360003,46.782964],[8.368889,46.787975],[8.377405,46.785809],[8.395225,46.771538],[8.397438,46.765991],[8.414619,46.773729],[8.436601,46.7721],[8.448959,46.764517],[8.442405,46.749974],[8.440772,46.737457],[8.447469,46.726863],[8.448585,46.712351],[8.453786,46.710785],[8.45456,46.698265],[8.449844,46.688061],[8.426618,46.68639],[8.399821,46.691725],[8.398367,46.675335],[8.408108,46.665589],[8.410411,46.65302],[8.399443,46.653476],[8.381279,46.635157],[8.369244,46.628696],[8.370504,46.61395],[8.361662,46.599774],[8.363572,46.581929],[8.349377,46.568241],[8.336248,46.561257],[8.317195,46.558659],[8.303325,46.546137],[8.289246,46.543477],[8.281985,46.537872],[8.258062,46.529442],[8.241231,46.526575],[8.218746,46.526462],[8.184611,46.520808],[8.174503,46.524076],[8.174341,46.531391],[8.149906,46.531789],[8.125744,46.537245],[8.113971,46.546528],[8.085205,46.551714],[8.075783,46.555582],[8.062704,46.55327],[8.042781,46.557021],[8.030387,46.562475],[8.01575,46.563296],[7.997335,46.558315],[7.98652,46.548812],[7.971339,46.545238],[7.963235,46.538833],[7.972042,46.524207],[7.968628,46.514118],[7.95442,46.508673],[7.941085,46.507086],[7.932768,46.498198],[7.895366,46.48235],[7.876647,46.478502],[7.843411,46.47786],[7.824137,46.466548],[7.797523,46.458071],[7.778232,46.443449],[7.731515,46.421845],[7.708647,46.413914],[7.692924,46.424227],[7.626941,46.44443],[7.610031,46.43615],[7.609234,46.42769],[7.5992,46.421737],[7.599446,46.415598],[7.583473,46.417263],[7.562563,46.41302],[7.533981,46.409768],[7.528674,46.400498],[7.555383,46.388977],[7.540682,46.383783],[7.538435,46.377443],[7.526278,46.374484],[7.507253,46.375838],[7.502295,46.370434],[7.485781,46.374706],[7.479394,46.385287],[7.469992,46.378229],[7.443244,46.382901],[7.399677,46.376625],[7.382351,46.365283],[7.35907,46.353286],[7.335745,46.346314],[7.31503,46.344518],[7.308618,46.352034],[7.312553,46.368799],[7.290593,46.367142],[7.26232,46.358223],[7.262099,46.33818],[7.253306,46.330538],[7.233609,46.326545],[7.221457,46.329212],[7.222732,46.347748],[7.219883,46.356368],[7.208035,46.372825],[7.206852,46.378908],[7.194629,46.383806],[7.207767,46.402959],[7.209856,46.416177],[7.192946,46.433665],[7.194997,46.440579],[7.208438,46.439319],[7.225203,46.445382],[7.230416,46.466362],[7.224376,46.485627],[7.235653,46.488429],[7.233749,46.494521],[7.243669,46.500831],[7.248677,46.519119],[7.245429,46.538405],[7.237671,46.546493],[7.23702,46.5538],[7.259769,46.5634],[7.269647,46.575067],[7.281642,46.583779],[7.298697,46.579152],[7.308045,46.581322],[7.312529,46.589145],[7.320756,46.591654],[7.314851,46.600356],[7.318288,46.616057],[7.312125,46.62169],[7.313253,46.636579],[7.328951,46.641371],[7.322494,46.654699],[7.345035,46.654453],[7.356716,46.640496],[7.375851,46.655756],[7.37036,46.658253],[7.373642,46.679883],[7.37905,46.690824],[7.362439,46.698495],[7.34625,46.699241],[7.348206,46.711967],[7.32632,46.71661],[7.308034,46.717527],[7.29876,46.723617],[7.296292,46.735558],[7.303163,46.747218],[7.303172,46.75742],[7.291579,46.77346],[7.303119,46.783144],[7.302039,46.793924],[7.311162,46.808906],[7.319845,46.815244],[7.319677,46.825014],[7.329991,46.834382],[7.302165,46.85207],[7.316194,46.861742],[7.329232,46.858119],[7.338487,46.850975],[7.350713,46.854688],[7.358897,46.862955],[7.352731,46.874861],[7.349411,46.88907],[7.325237,46.893802],[7.290248,46.893738],[7.28101,46.889553],[7.256811,46.898279],[7.236103,46.898385],[7.230385,46.904062],[7.217444,46.897543],[7.207199,46.909606],[7.205462,46.921717],[7.211451,46.930924],[7.203709,46.938372],[7.2097,46.943367],[7.210096,46.956078],[7.205795,46.964173],[7.22254,46.974579],[7.234202,46.986205],[7.223619,46.993795],[7.217255,47.006808],[7.199775,47.001708],[7.160522,46.987524],[7.094285,46.976482],[7.051847,46.977115],[7.039971,46.979881],[7.025484,47.005879],[7.032345,47.014415],[7.033066,47.029123],[7.051043,47.04275],[7.065445,47.044995],[7.088508,47.058883],[7.077044,47.075991],[7.086855,47.085691],[7.075721,47.096271],[7.057216,47.099701],[7.041404,47.108641],[7.029156,47.104439],[7.023436,47.112239],[7.040237,47.124253],[7.007739,47.12419],[6.996515,47.118912],[6.939306,47.109673],[6.929752,47.112581],[6.918125,47.105072],[6.866893,47.085119],[6.870808,47.102113],[6.881005,47.108351],[6.888715,47.131191],[6.861454,47.165625],[6.872147,47.173093],[6.879685,47.155121],[6.884377,47.151117],[6.905744,47.157285],[6.938191,47.175178],[6.941336,47.184547],[6.952089,47.187381],[6.956226,47.180707],[6.970456,47.181305],[6.979885,47.17412],[6.986742,47.17753],[6.996466,47.193273],[7.023366,47.195685],[7.030206,47.202195],[7.047443,47.227305],[7.058628,47.23077],[7.058008,47.241804],[7.079403,47.247836],[7.087039,47.238645],[7.102951,47.242579],[7.128907,47.244789],[7.139073,47.243525],[7.154883,47.248292],[7.147025,47.261259],[7.148742,47.269107],[7.168733,47.274696],[7.16935,47.286049],[7.163379,47.293077],[7.205805,47.295573],[7.210236,47.288791],[7.24401,47.28544],[7.262643,47.28693],[7.280074,47.284483],[7.316939,47.290393],[7.33719,47.305461],[7.348099,47.305254],[7.378488,47.314952],[7.411686,47.313301],[7.421369,47.306782],[7.442342,47.308717],[7.476367,47.307002],[7.486254,47.302133],[7.500551,47.303634],[7.522177,47.313762],[7.558402,47.322372]],[[7.674397,47.154624],[7.69008,47.152873],[7.690623,47.164922],[7.679538,47.163087],[7.674397,47.154624]],[[7.216702,46.927712],[7.234619,46.929427],[7.234677,46.937745],[7.217494,46.932585],[7.216702,46.927712]]],[[[7.558402,47.322372],[7.531772,47.321066],[7.534448,47.334366],[7.549882,47.340891],[7.552207,47.345296],[7.560207,47.34241],[7.572572,47.328914],[7.558402,47.322372]]],[[[7.129554,46.905448],[7.119593,46.90055],[7.114829,46.915855],[7.13416,46.918854],[7.138725,46.908284],[7.129554,46.905448]]]]}},{"type":"Feature","properties":{"NUTS_ID":"DE21D","LEVL_CODE":3,"CNTR_CODE":"DE","NAME_LATN":"Garmisch-Partenkirchen","NUTS_NAME":"Garmisch-Partenkirchen","MOUNT_TYPE":3,"URBN_TYPE":2,"COAST_TYPE":3,"FID":"DE21D"},"geometry":{"type":"MultiPolygon","coordinates":[[[[11.34408,47.693697],[11.347963,47.674768],[11.319873,47.675948],[11.312179,47.66655],[11.302569,47.663985],[11.286265,47.664884],[11.28063,47.660911],[11.271074,47.642472],[11.28111,47.613594],[11.287845,47.609906],[11.270614,47.603103],[11.262696,47.580361],[11.290788,47.572628],[11.294928,47.568519],[11.289732,47.554049],[11.310618,47.552641],[11.321783,47.546214],[11.323638,47.534685],[11.341894,47.525824],[11.354494,47.522782],[11.364187,47.513388],[11.375499,47.513509],[11.386262,47.499961],[11.410219,47.495324],[11.405583,47.48967],[11.389605,47.480735],[11.384371,47.47249],[11.391478,47.467154],[11.408274,47.466331],[11.421427,47.444852],[11.378788,47.448957],[11.365663,47.445021],[11.357629,47.448353],[11.338437,47.449283],[11.330265,47.439126],[11.316418,47.432172],[11.291498,47.426622],[11.289742,47.407774],[11.270849,47.397769],[11.222307,47.397347],[11.24337,47.420701],[11.249448,47.431916],[11.219904,47.430895],[11.206019,47.433408],[11.197189,47.42761],[11.181305,47.426244],[11.128412,47.411886],[11.123226,47.399621],[11.100247,47.394759],[11.037765,47.396117],[11.030289,47.393651],[11.016501,47.396368],[10.991202,47.396131],[10.970171,47.40174],[10.971216,47.415838],[10.984836,47.420971],[10.982351,47.430837],[10.957056,47.452302],[10.928839,47.472201],[10.934634,47.482136],[10.91069,47.485275],[10.886535,47.480163],[10.870625,47.48285],[10.870831,47.498867],[10.877534,47.503046],[10.91663,47.513547],[10.899715,47.522198],[10.886199,47.536848],[10.879129,47.544937],[10.881544,47.555967],[10.872121,47.561256],[10.873809,47.572287],[10.889755,47.579232],[10.916296,47.583371],[10.941829,47.59737],[10.94166,47.609619],[10.952786,47.616265],[10.962052,47.621494],[10.967753,47.632416],[10.966066,47.644125],[10.986286,47.652534],[10.983346,47.659036],[10.99109,47.673805],[10.973659,47.687127],[10.974039,47.694367],[10.964978,47.697791],[10.979936,47.71409],[10.993942,47.713199],[11.008222,47.708656],[11.028383,47.710134],[11.040196,47.704935],[11.051899,47.723513],[11.066424,47.730211],[11.074351,47.728157],[11.093763,47.733031],[11.103323,47.727528],[11.122864,47.735965],[11.141277,47.735243],[11.167069,47.723911],[11.175013,47.714764],[11.186643,47.718889],[11.200581,47.732818],[11.214749,47.725038],[11.243132,47.720968],[11.249301,47.717172],[11.288268,47.714454],[11.299238,47.7089],[11.322295,47.714564],[11.321825,47.70362],[11.34408,47.693697]]]]}},{"type":"Feature","properties":{"NUTS_ID":"DE116","LEVL_CODE":3,"CNTR_CODE":"DE","NAME_LATN":"Rems-Murr-Kreis","NUTS_NAME":"Rems-Murr-Kreis","MOUNT_TYPE":4,"URBN_TYPE":1,"COAST_TYPE":3,"FID":"DE116"},"geometry":{"type":"MultiPolygon","coordinates":[[[[9.500877,49.079],[9.51784,49.076752],[9.519159,49.068461],[9.534277,49.063113],[9.535303,49.058168],[9.566319,49.05354],[9.597204,49.055607],[9.612839,49.048623],[9.596413,49.044998],[9.612176,49.036171],[9.605656,49.03249],[9.612691,49.024641],[9.598629,49.007865],[9.6017,49.004162],[9.6337,49.0041],[9.644614,48.994891],[9.670739,48.992104],[9.665145,48.985055],[9.674545,48.972067],[9.693309,48.964017],[9.688199,48.953645],[9.696299,48.947871],[9.677803,48.943771],[9.686859,48.927188],[9.699948,48.927949],[9.697973,48.917416],[9.706025,48.909982],[9.726143,48.907858],[9.741079,48.901266],[9.750743,48.880064],[9.742372,48.873989],[9.751832,48.863042],[9.764549,48.85475],[9.753916,48.84915],[9.764608,48.844637],[9.76898,48.835385],[9.750251,48.822501],[9.722636,48.815228],[9.708229,48.828311],[9.692893,48.822473],[9.658719,48.824682],[9.65466,48.818274],[9.640447,48.819921],[9.649645,48.808018],[9.635712,48.795611],[9.620221,48.787386],[9.619455,48.780207],[9.626598,48.774377],[9.614526,48.76929],[9.605964,48.775418],[9.588386,48.781067],[9.57399,48.780202],[9.571979,48.771588],[9.585267,48.764045],[9.580032,48.750051],[9.567481,48.751276],[9.548232,48.741037],[9.540791,48.751971],[9.531889,48.757589],[9.515548,48.761597],[9.503095,48.753939],[9.49274,48.767318],[9.485092,48.766335],[9.473258,48.774052],[9.462338,48.771236],[9.445823,48.777248],[9.435772,48.775458],[9.428772,48.765065],[9.413869,48.766608],[9.40997,48.775879],[9.392638,48.787456],[9.383485,48.782642],[9.385362,48.770607],[9.365727,48.770106],[9.354373,48.77411],[9.336101,48.766233],[9.313649,48.774483],[9.298051,48.779549],[9.290061,48.791063],[9.276774,48.79012],[9.259922,48.796034],[9.249431,48.794081],[9.256686,48.810919],[9.253389,48.81865],[9.244295,48.823043],[9.244136,48.834538],[9.238973,48.841859],[9.24417,48.847008],[9.259048,48.861916],[9.26842,48.859675],[9.295279,48.864621],[9.302637,48.873864],[9.297893,48.883948],[9.304752,48.895969],[9.317346,48.904385],[9.359346,48.905701],[9.364044,48.912253],[9.361134,48.92386],[9.350373,48.934085],[9.337866,48.928396],[9.31484,48.934897],[9.314423,48.942813],[9.30646,48.950857],[9.330985,48.951834],[9.347005,48.965368],[9.368012,48.967186],[9.36734,48.978609],[9.346657,48.994019],[9.338998,49.002444],[9.358726,49.013941],[9.384145,49.019509],[9.381545,49.026225],[9.399394,49.038172],[9.399536,49.043984],[9.416236,49.047377],[9.425029,49.051563],[9.438707,49.051253],[9.436323,49.060883],[9.453245,49.072949],[9.465518,49.071862],[9.500877,49.079]]]]}},{"type":"Feature","properties":{"NUTS_ID":"DE257","LEVL_CODE":3,"CNTR_CODE":"DE","NAME_LATN":"Erlangen-Höchstadt","NUTS_NAME":"Erlangen-Höchstadt","MOUNT_TYPE":4,"URBN_TYPE":1,"COAST_TYPE":3,"FID":"DE257"},"geometry":{"type":"MultiPolygon","coordinates":[[[[10.927335,49.76843],[10.932274,49.753865],[10.919861,49.743015],[10.931332,49.72709],[10.940724,49.729233],[10.950043,49.718512],[10.946381,49.713945],[10.924285,49.712484],[10.93238,49.70134],[10.959522,49.691806],[10.97242,49.690635],[10.975728,49.684312],[11.008761,49.684869],[11.019275,49.671787],[11.033787,49.672378],[11.051204,49.682579],[11.047221,49.662921],[11.06061,49.655867],[11.049054,49.651517],[11.047518,49.641346],[11.032031,49.638129],[11.023431,49.63235],[11.036278,49.62508],[11.058752,49.637495],[11.07107,49.628224],[11.080072,49.626602],[11.077768,49.613632],[11.087654,49.600695],[11.104217,49.599865],[11.109753,49.590929],[11.146328,49.588781],[11.169281,49.59068],[11.179419,49.587735],[11.20715,49.594391],[11.208627,49.601296],[11.219789,49.6089],[11.230902,49.598377],[11.253892,49.595724],[11.262537,49.606081],[11.280305,49.604301],[11.284547,49.592619],[11.271235,49.583361],[11.267054,49.571247],[11.239784,49.573346],[11.233676,49.567568],[11.213687,49.567943],[11.191065,49.56079],[11.196921,49.543689],[11.191567,49.529372],[11.18016,49.514614],[11.182109,49.501192],[11.169117,49.489333],[11.178176,49.474089],[11.151323,49.472074],[11.147439,49.483795],[11.123178,49.492226],[11.119695,49.512256],[11.108032,49.512669],[11.096681,49.507606],[11.095378,49.501274],[11.06285,49.505042],[11.069748,49.522555],[11.052618,49.529958],[11.030211,49.535371],[11.038346,49.543539],[11.035367,49.550958],[11.03448,49.578354],[11.036178,49.587888],[11.04818,49.59834],[11.049117,49.607514],[11.021595,49.616055],[11.015771,49.611532],[10.995137,49.617503],[10.979201,49.614782],[10.970354,49.622503],[10.958966,49.625952],[10.957853,49.632728],[10.944842,49.635915],[10.928509,49.645585],[10.919403,49.634542],[10.921006,49.617081],[10.925107,49.605924],[10.925405,49.578606],[10.917353,49.569247],[10.92217,49.561587],[10.936784,49.561433],[10.932828,49.538251],[10.911078,49.544025],[10.900321,49.540631],[10.867651,49.542398],[10.837174,49.53716],[10.815766,49.535607],[10.810956,49.544182],[10.815618,49.554017],[10.808687,49.561663],[10.796393,49.56773],[10.795,49.578663],[10.777226,49.585632],[10.75798,49.580492],[10.754441,49.591556],[10.755192,49.609993],[10.76146,49.627301],[10.78317,49.634212],[10.781171,49.642061],[10.788005,49.652066],[10.782827,49.656651],[10.766285,49.659291],[10.758297,49.666674],[10.729507,49.685265],[10.688999,49.689816],[10.665489,49.681412],[10.624192,49.67759],[10.604585,49.679819],[10.613492,49.689328],[10.594371,49.691617],[10.592597,49.70273],[10.615134,49.709103],[10.625248,49.72034],[10.654417,49.721123],[10.671351,49.722376],[10.672797,49.728262],[10.686952,49.732844],[10.703279,49.733793],[10.704652,49.748239],[10.691891,49.746486],[10.687011,49.752177],[10.672715,49.756761],[10.675879,49.76234],[10.69753,49.775738],[10.710388,49.776758],[10.720849,49.7882],[10.741248,49.776844],[10.766502,49.767109],[10.776469,49.766657],[10.799851,49.747921],[10.804172,49.738364],[10.822597,49.740568],[10.828299,49.748892],[10.858054,49.758682],[10.876383,49.757195],[10.872514,49.770719],[10.913545,49.780912],[10.927335,49.76843]]]]}},{"type":"Feature","properties":{"NUTS_ID":"DE258","LEVL_CODE":3,"CNTR_CODE":"DE","NAME_LATN":"Fürth, Landkreis","NUTS_NAME":"Fürth, Landkreis","MOUNT_TYPE":4,"URBN_TYPE":1,"COAST_TYPE":3,"FID":"DE258"},"geometry":{"type":"MultiPolygon","coordinates":[[[[10.932828,49.538251],[10.934024,49.534468],[10.931195,49.527702],[10.933256,49.507948],[10.908233,49.506251],[10.900395,49.496447],[10.90723,49.467187],[10.93499,49.459077],[10.963944,49.457758],[10.980454,49.452513],[10.990453,49.43654],[11.0245,49.404101],[11.022627,49.394203],[10.992715,49.381493],[10.9774,49.384137],[10.968171,49.380438],[10.955393,49.381893],[10.948062,49.375906],[10.936741,49.375258],[10.928715,49.35785],[10.91404,49.359538],[10.904326,49.356007],[10.867839,49.356126],[10.842485,49.363553],[10.824402,49.373972],[10.816483,49.373006],[10.78567,49.38817],[10.781444,49.383563],[10.765852,49.394712],[10.743365,49.400922],[10.73808,49.413815],[10.750925,49.419182],[10.741636,49.424393],[10.738349,49.433846],[10.697352,49.436273],[10.69009,49.449677],[10.699862,49.472285],[10.683347,49.483323],[10.681629,49.494559],[10.71131,49.504779],[10.72127,49.502115],[10.73998,49.503514],[10.743519,49.514617],[10.754916,49.51267],[10.760403,49.519591],[10.773464,49.511603],[10.786859,49.510495],[10.787382,49.525419],[10.796359,49.524656],[10.815766,49.535607],[10.837174,49.53716],[10.867651,49.542398],[10.900321,49.540631],[10.911078,49.544025],[10.932828,49.538251]]]]}},{"type":"Feature","properties":{"NUTS_ID":"CH025","LEVL_CODE":3,"CNTR_CODE":"CH","NAME_LATN":"Jura","NUTS_NAME":"Jura","MOUNT_TYPE":3,"URBN_TYPE":3,"COAST_TYPE":3,"FID":"CH025"},"geometry":{"type":"MultiPolygon","coordinates":[[[[7.130353,47.50304],[7.149779,47.497271],[7.159363,47.490772],[7.191192,47.487681],[7.178328,47.46885],[7.179051,47.461128],[7.170422,47.443454],[7.206239,47.434894],[7.225773,47.439536],[7.235908,47.436889],[7.245589,47.420299],[7.270529,47.427333],[7.283225,47.43449],[7.291976,47.433628],[7.303917,47.438421],[7.326466,47.439853],[7.325891,47.432098],[7.339671,47.429213],[7.3574,47.418061],[7.375685,47.414077],[7.399726,47.396889],[7.413407,47.393893],[7.416283,47.384807],[7.43689,47.37997],[7.458444,47.370831],[7.487028,47.369743],[7.499952,47.37186],[7.523774,47.370957],[7.523593,47.364471],[7.541468,47.355749],[7.536826,47.350185],[7.552207,47.345296],[7.549882,47.340891],[7.534448,47.334366],[7.531772,47.321066],[7.558402,47.322372],[7.522177,47.313762],[7.500551,47.303634],[7.486254,47.302133],[7.476367,47.307002],[7.442342,47.308717],[7.421369,47.306782],[7.411686,47.313301],[7.378488,47.314952],[7.348099,47.305254],[7.33719,47.305461],[7.316939,47.290393],[7.280074,47.284483],[7.262643,47.28693],[7.24401,47.28544],[7.210236,47.288791],[7.205805,47.295573],[7.163379,47.293077],[7.16935,47.286049],[7.168733,47.274696],[7.148742,47.269107],[7.147025,47.261259],[7.154883,47.248292],[7.139073,47.243525],[7.128907,47.244789],[7.102951,47.242579],[7.087039,47.238645],[7.079403,47.247836],[7.058008,47.241804],[7.058628,47.23077],[7.047443,47.227305],[7.030206,47.202195],[7.023366,47.195685],[6.996466,47.193273],[6.986742,47.17753],[6.979885,47.17412],[6.970456,47.181305],[6.956226,47.180707],[6.952089,47.187381],[6.941336,47.184547],[6.938191,47.175178],[6.905744,47.157285],[6.884377,47.151117],[6.879685,47.155121],[6.872147,47.173093],[6.861454,47.165625],[6.858914,47.165294],[6.841931,47.170795],[6.873119,47.185731],[6.880163,47.199736],[6.893108,47.20779],[6.92214,47.221814],[6.928717,47.228403],[6.955139,47.243168],[6.947223,47.252312],[6.951384,47.268978],[6.941606,47.285071],[6.947144,47.290889],[6.973467,47.291978],[6.977681,47.295967],[6.995833,47.29645],[7.007401,47.301307],[7.015738,47.313931],[7.009739,47.324367],[7.034439,47.328407],[7.046177,47.32728],[7.055385,47.333779],[7.060693,47.343711],[7.050806,47.347728],[7.048783,47.361211],[7.033652,47.367877],[7.012344,47.372795],[7.002289,47.366003],[6.974494,47.360295],[6.921085,47.355643],[6.901031,47.358768],[6.879806,47.35244],[6.884208,47.372779],[6.894964,47.381668],[6.91194,47.386184],[6.909542,47.396183],[6.917306,47.405472],[6.9386,47.406479],[6.941564,47.416425],[6.939186,47.433704],[6.966236,47.437717],[6.970294,47.44706],[6.995177,47.449616],[7.000361,47.466877],[6.988503,47.473049],[6.988263,47.487132],[6.982914,47.49427],[7.005752,47.501121],[7.024406,47.504223],[7.036975,47.497501],[7.062912,47.494523],[7.074878,47.488167],[7.096733,47.495144],[7.111858,47.495105],[7.130353,47.50304]]]]}},{"type":"Feature","properties":{"NUTS_ID":"DE11A","LEVL_CODE":3,"CNTR_CODE":"DE","NAME_LATN":"Schwäbisch Hall","NUTS_NAME":"Schwäbisch Hall","MOUNT_TYPE":4,"URBN_TYPE":3,"COAST_TYPE":3,"FID":"DE11A"},"geometry":{"type":"MultiPolygon","coordinates":[[[[10.111966,49.38491],[10.108032,49.378992],[10.117017,49.368855],[10.113591,49.361157],[10.122645,49.356862],[10.104486,49.346487],[10.107953,49.332296],[10.123661,49.324911],[10.139295,49.325717],[10.144692,49.3171],[10.132295,49.305003],[10.133912,49.29669],[10.149461,49.287751],[10.145551,49.269132],[10.135922,49.264105],[10.117227,49.268315],[10.11741,49.257414],[10.131536,49.25095],[10.124232,49.244498],[10.12754,49.223536],[10.139415,49.21328],[10.126596,49.210315],[10.129327,49.20338],[10.143973,49.195146],[10.155318,49.192655],[10.160906,49.18334],[10.179401,49.17356],[10.191735,49.171529],[10.199364,49.156354],[10.216515,49.162457],[10.231146,49.157073],[10.238569,49.149909],[10.247694,49.14852],[10.254641,49.139339],[10.250625,49.126464],[10.22668,49.118978],[10.226077,49.111659],[10.204997,49.098119],[10.222449,49.097261],[10.229819,49.090182],[10.249007,49.09108],[10.246989,49.080573],[10.234986,49.075326],[10.256796,49.070197],[10.256764,49.059495],[10.241245,49.056879],[10.233762,49.046843],[10.221313,49.048025],[10.209393,49.041999],[10.198552,49.041165],[10.185979,49.048351],[10.189248,49.054441],[10.181874,49.059725],[10.167368,49.058725],[10.149723,49.051565],[10.146885,49.042872],[10.121762,49.046173],[10.115886,49.037018],[10.086475,49.046465],[10.072672,49.046261],[10.048049,49.041226],[10.028949,49.046734],[10.007501,49.041994],[9.996861,49.033435],[9.990856,49.041259],[9.974581,49.019588],[9.989737,49.013777],[10.000927,48.991811],[10.014453,48.981817],[9.992569,48.979178],[9.979637,48.98045],[9.944275,48.973483],[9.946637,48.964572],[9.937236,48.958672],[9.914169,48.967175],[9.904795,48.957363],[9.894204,48.95291],[9.900795,48.943075],[9.892412,48.930558],[9.870694,48.91819],[9.864041,48.923373],[9.834888,48.917919],[9.829215,48.925915],[9.844457,48.931123],[9.834169,48.93758],[9.797576,48.944009],[9.797068,48.955841],[9.778459,48.952472],[9.750552,48.956772],[9.740683,48.96164],[9.735408,48.970067],[9.722732,48.973518],[9.712243,48.956638],[9.701581,48.963946],[9.693309,48.964017],[9.674545,48.972067],[9.665145,48.985055],[9.670739,48.992104],[9.644614,48.994891],[9.6337,49.0041],[9.6017,49.004162],[9.598629,49.007865],[9.612691,49.024641],[9.605656,49.03249],[9.612176,49.036171],[9.596413,49.044998],[9.612839,49.048623],[9.597204,49.055607],[9.566319,49.05354],[9.535303,49.058168],[9.534277,49.063113],[9.519159,49.068461],[9.51784,49.076752],[9.500877,49.079],[9.504417,49.086612],[9.498206,49.09717],[9.503691,49.102847],[9.527491,49.108551],[9.532143,49.12113],[9.541661,49.123378],[9.547975,49.132557],[9.566001,49.130396],[9.561354,49.11941],[9.57672,49.121798],[9.593974,49.113849],[9.59257,49.108592],[9.608742,49.105521],[9.611645,49.119746],[9.590768,49.122908],[9.580762,49.13356],[9.59303,49.140721],[9.61018,49.146636],[9.60905,49.137623],[9.639331,49.137282],[9.651237,49.132006],[9.673447,49.15125],[9.673208,49.162001],[9.689967,49.167044],[9.688896,49.174474],[9.696338,49.180933],[9.699367,49.191423],[9.720857,49.198428],[9.728559,49.194928],[9.745015,49.195161],[9.753072,49.210985],[9.747086,49.224003],[9.764783,49.225391],[9.763717,49.241933],[9.779995,49.252447],[9.815142,49.258696],[9.82587,49.265866],[9.82329,49.278943],[9.830485,49.279629],[9.859679,49.290894],[9.854582,49.297065],[9.857811,49.304276],[9.848351,49.321838],[9.85767,49.328883],[9.843646,49.349159],[9.85488,49.35326],[9.855564,49.368367],[9.875227,49.373727],[9.90803,49.367972],[9.92249,49.373197],[9.935188,49.353061],[9.943031,49.359299],[9.959468,49.360447],[9.976482,49.376861],[10.002816,49.370677],[10.038615,49.36944],[10.032343,49.383806],[10.079571,49.394076],[10.105876,49.394893],[10.111966,49.38491]]]]}},{"type":"Feature","properties":{"NUTS_ID":"DE11B","LEVL_CODE":3,"CNTR_CODE":"DE","NAME_LATN":"Main-Tauber-Kreis","NUTS_NAME":"Main-Tauber-Kreis","MOUNT_TYPE":4,"URBN_TYPE":3,"COAST_TYPE":3,"FID":"DE11B"},"geometry":{"type":"MultiPolygon","coordinates":[[[[10.083724,49.543561],[10.088222,49.530286],[10.078363,49.521347],[10.082176,49.51397],[10.104246,49.514299],[10.120734,49.509744],[10.105644,49.498321],[10.102097,49.485636],[10.118328,49.473169],[10.120913,49.463604],[10.097563,49.455407],[10.095612,49.448334],[10.110185,49.440343],[10.117736,49.443695],[10.132693,49.437309],[10.13942,49.42386],[10.150498,49.412515],[10.157615,49.389901],[10.14353,49.38496],[10.125688,49.38741],[10.111966,49.38491],[10.105876,49.394893],[10.079571,49.394076],[10.032343,49.383806],[10.038615,49.36944],[10.002816,49.370677],[9.976482,49.376861],[9.959468,49.360447],[9.943031,49.359299],[9.935188,49.353061],[9.92249,49.373197],[9.90803,49.367972],[9.875227,49.373727],[9.855564,49.368367],[9.846544,49.372568],[9.846147,49.379994],[9.829572,49.393773],[9.810303,49.389379],[9.801082,49.396001],[9.803925,49.404309],[9.790207,49.406718],[9.775263,49.394284],[9.758904,49.398152],[9.748126,49.394257],[9.739344,49.398772],[9.712709,49.399129],[9.710917,49.412612],[9.699454,49.416722],[9.682292,49.408471],[9.670319,49.414573],[9.638812,49.414006],[9.642261,49.429675],[9.625918,49.42603],[9.619299,49.429687],[9.603823,49.426578],[9.589714,49.439618],[9.57052,49.44231],[9.548574,49.44926],[9.529897,49.443872],[9.513791,49.444175],[9.506775,49.456193],[9.515658,49.473275],[9.51117,49.479873],[9.492977,49.487652],[9.494955,49.5025],[9.504296,49.501252],[9.515726,49.513522],[9.531095,49.51491],[9.542472,49.525368],[9.542274,49.532075],[9.522718,49.537021],[9.523028,49.543643],[9.504257,49.571173],[9.505711,49.579177],[9.500323,49.587683],[9.511135,49.60139],[9.529032,49.597475],[9.541271,49.602967],[9.537909,49.616471],[9.550631,49.622121],[9.548179,49.632946],[9.538988,49.639808],[9.527989,49.635277],[9.520078,49.642305],[9.510318,49.640149],[9.490192,49.644386],[9.476744,49.642719],[9.452385,49.648645],[9.449481,49.656418],[9.430417,49.657917],[9.41092,49.663508],[9.398738,49.670794],[9.419944,49.690487],[9.418646,49.71109],[9.399961,49.72884],[9.381373,49.725159],[9.382528,49.707463],[9.372069,49.703998],[9.357409,49.704288],[9.349926,49.721351],[9.361871,49.723485],[9.364263,49.731163],[9.338385,49.734134],[9.322664,49.73153],[9.315833,49.73476],[9.322592,49.743689],[9.313501,49.761719],[9.31638,49.768176],[9.345661,49.768461],[9.36002,49.772085],[9.370273,49.778376],[9.390528,49.770514],[9.406271,49.778046],[9.420561,49.788364],[9.433023,49.788351],[9.445319,49.774032],[9.455271,49.770018],[9.467636,49.773425],[9.471498,49.779726],[9.482598,49.787529],[9.49977,49.788738],[9.512563,49.781524],[9.510225,49.770166],[9.521992,49.76148],[9.538098,49.767335],[9.552267,49.760184],[9.555258,49.748059],[9.56846,49.75071],[9.558626,49.76496],[9.559396,49.779004],[9.573995,49.783401],[9.581638,49.778469],[9.622535,49.784232],[9.648736,49.791477],[9.650925,49.780833],[9.644858,49.776848],[9.651866,49.766371],[9.639027,49.754206],[9.643651,49.73799],[9.631232,49.731093],[9.639737,49.722834],[9.633395,49.717296],[9.62632,49.703157],[9.633146,49.693657],[9.65371,49.687741],[9.675188,49.693511],[9.678374,49.716218],[9.694686,49.718745],[9.711136,49.726987],[9.715003,49.710044],[9.727596,49.698506],[9.727987,49.689578],[9.73795,49.688193],[9.749453,49.695934],[9.753823,49.710229],[9.770054,49.719445],[9.786866,49.722485],[9.797371,49.72044],[9.831708,49.703306],[9.835157,49.69162],[9.824209,49.672807],[9.822883,49.665053],[9.832824,49.657666],[9.835823,49.646282],[9.854377,49.64177],[9.864831,49.625419],[9.871587,49.609873],[9.842183,49.594994],[9.847736,49.578137],[9.817377,49.557897],[9.828974,49.551711],[9.858392,49.546388],[9.866167,49.55692],[9.865201,49.567417],[9.876301,49.578374],[9.898889,49.587548],[9.910848,49.586037],[9.898506,49.563242],[9.922043,49.56244],[9.920811,49.553807],[9.924401,49.538235],[9.923762,49.525226],[9.917418,49.51852],[9.923457,49.509901],[9.915066,49.496242],[9.916388,49.491725],[9.93117,49.484093],[9.951436,49.480936],[9.958967,49.483853],[9.992045,49.486196],[10.009449,49.483509],[10.020202,49.486282],[10.028344,49.503494],[10.047198,49.507666],[10.055775,49.520214],[10.041193,49.529055],[10.059967,49.536957],[10.062409,49.544879],[10.083724,49.543561]]]]}},{"type":"Feature","properties":{"NUTS_ID":"DE11C","LEVL_CODE":3,"CNTR_CODE":"DE","NAME_LATN":"Heidenheim","NUTS_NAME":"Heidenheim","MOUNT_TYPE":4,"URBN_TYPE":2,"COAST_TYPE":3,"FID":"DE11C"},"geometry":{"type":"MultiPolygon","coordinates":[[[[10.423689,48.744496],[10.433477,48.741328],[10.444692,48.72962],[10.450749,48.734381],[10.464666,48.727263],[10.472176,48.713321],[10.480757,48.712141],[10.480304,48.695495],[10.487258,48.696662],[10.491862,48.687892],[10.482827,48.685793],[10.464998,48.670533],[10.45567,48.670428],[10.431681,48.661871],[10.408452,48.667177],[10.425911,48.673418],[10.419895,48.682086],[10.436648,48.692171],[10.409453,48.698442],[10.393198,48.68835],[10.389013,48.668015],[10.368368,48.663245],[10.361223,48.653186],[10.351958,48.655257],[10.351205,48.667091],[10.346061,48.680126],[10.331854,48.690047],[10.304477,48.686596],[10.281687,48.700886],[10.270103,48.703108],[10.270951,48.685248],[10.254865,48.664405],[10.265288,48.659002],[10.269294,48.647146],[10.279527,48.646372],[10.284738,48.636961],[10.29651,48.633564],[10.299367,48.623347],[10.321795,48.609633],[10.31891,48.604045],[10.297109,48.603809],[10.293976,48.590279],[10.306253,48.581777],[10.313954,48.558058],[10.301327,48.544139],[10.304134,48.529805],[10.312023,48.522944],[10.297231,48.517483],[10.278249,48.516101],[10.255524,48.518734],[10.247076,48.511673],[10.23078,48.510511],[10.215588,48.515675],[10.211613,48.530186],[10.20075,48.541612],[10.190911,48.542989],[10.186637,48.558753],[10.171533,48.549295],[10.160612,48.556559],[10.154719,48.551591],[10.122596,48.558499],[10.113849,48.556574],[10.110129,48.569795],[10.097806,48.577684],[10.064206,48.587049],[10.048752,48.594457],[10.03882,48.606358],[10.006093,48.603638],[9.992193,48.604058],[9.991746,48.597099],[9.965278,48.595835],[9.961887,48.602436],[9.969514,48.614365],[9.958776,48.61867],[9.950502,48.629582],[9.944072,48.631755],[9.928519,48.639028],[9.921237,48.648018],[9.929888,48.652499],[9.931951,48.66657],[9.94597,48.662955],[9.963884,48.668867],[9.970429,48.675191],[9.964905,48.694977],[9.971614,48.696932],[9.977462,48.70681],[9.992602,48.706624],[9.994105,48.714329],[9.987771,48.727253],[10.016861,48.734358],[10.011027,48.752591],[10.023578,48.765229],[10.03732,48.764475],[10.047007,48.756249],[10.046094,48.748182],[10.070894,48.747165],[10.08341,48.756161],[10.094782,48.753773],[10.099294,48.761299],[10.114206,48.759412],[10.12011,48.76491],[10.133113,48.76618],[10.148055,48.786557],[10.15086,48.772204],[10.160695,48.765431],[10.164191,48.755907],[10.175419,48.748491],[10.180139,48.776272],[10.199368,48.777417],[10.221161,48.782717],[10.227507,48.772023],[10.249581,48.770304],[10.252613,48.762486],[10.267155,48.756999],[10.287356,48.754454],[10.29375,48.746832],[10.307629,48.740738],[10.327539,48.738072],[10.324369,48.732923],[10.359118,48.730885],[10.369619,48.738858],[10.385692,48.741133],[10.396467,48.747152],[10.408308,48.740848],[10.423689,48.744496]]]]}},{"type":"Feature","properties":{"NUTS_ID":"DE21E","LEVL_CODE":3,"CNTR_CODE":"DE","NAME_LATN":"Landsberg am Lech","NUTS_NAME":"Landsberg am Lech","MOUNT_TYPE":4,"URBN_TYPE":3,"COAST_TYPE":3,"FID":"DE21E"},"geometry":{"type":"MultiPolygon","coordinates":[[[[11.03451,48.192992],[11.026151,48.178969],[10.993849,48.175868],[11.00243,48.166629],[11.013493,48.161966],[11.00466,48.156184],[11.023472,48.149601],[11.040115,48.148828],[11.047873,48.137967],[11.059975,48.138642],[11.056684,48.106524],[11.069114,48.098113],[11.080847,48.09653],[11.089359,48.088521],[11.119225,48.095687],[11.136972,48.097617],[11.134426,48.081255],[11.138056,48.065373],[11.129254,48.044778],[11.135885,48.015137],[11.141727,48.00608],[11.152212,48.000294],[11.164867,48.003244],[11.169545,47.992705],[11.150027,47.973565],[11.149588,47.953412],[11.149818,47.942151],[11.145159,47.936851],[11.122415,47.934914],[11.115416,47.926411],[11.086027,47.923305],[11.073391,47.920274],[11.082654,47.9064],[11.071375,47.90027],[11.049115,47.901331],[11.033278,47.899262],[11.026934,47.906164],[11.004414,47.903887],[10.999077,47.896989],[10.986816,47.893866],[10.976809,47.883664],[10.973979,47.873766],[10.983323,47.868935],[10.96913,47.862796],[10.959263,47.863022],[10.944794,47.871847],[10.940802,47.880073],[10.920261,47.869882],[10.915886,47.858356],[10.900355,47.860645],[10.880734,47.871474],[10.855623,47.868131],[10.838139,47.856511],[10.817005,47.851935],[10.793076,47.853258],[10.778872,47.842778],[10.76709,47.843793],[10.766193,47.852505],[10.749225,47.853991],[10.753241,47.861038],[10.76924,47.866177],[10.776089,47.874451],[10.7844,47.87685],[10.771793,47.886589],[10.773551,47.896402],[10.785048,47.902868],[10.778893,47.907552],[10.782712,47.921084],[10.77389,47.923051],[10.773956,47.931174],[10.787882,47.937239],[10.798793,47.936794],[10.80071,47.953503],[10.807415,47.958742],[10.808376,47.970243],[10.825681,47.991164],[10.823726,48.002976],[10.812608,48.003827],[10.808107,48.020383],[10.815511,48.029913],[10.803989,48.037354],[10.792898,48.039632],[10.761785,48.034649],[10.756272,48.046755],[10.765457,48.04851],[10.775856,48.064246],[10.784923,48.062066],[10.784589,48.075913],[10.807189,48.087033],[10.816268,48.10207],[10.801532,48.10417],[10.798022,48.114599],[10.789182,48.122636],[10.793915,48.128477],[10.786499,48.150138],[10.811979,48.152208],[10.833252,48.147258],[10.859706,48.157855],[10.872044,48.169667],[10.877142,48.182416],[10.890514,48.191134],[10.901814,48.224087],[10.903411,48.236676],[10.925302,48.2349],[10.933104,48.225631],[10.946439,48.218834],[10.944993,48.206295],[10.961005,48.198916],[10.981954,48.209821],[10.99981,48.205402],[11.03451,48.192992]]]]}},{"type":"Feature","properties":{"NUTS_ID":"DE21F","LEVL_CODE":3,"CNTR_CODE":"DE","NAME_LATN":"Miesbach","NUTS_NAME":"Miesbach","MOUNT_TYPE":3,"URBN_TYPE":2,"COAST_TYPE":3,"FID":"DE21F"},"geometry":{"type":"MultiPolygon","coordinates":[[[[12.060662,47.618743],[12.051997,47.615145],[12.036812,47.617127],[12.022107,47.6114],[12.008932,47.624594],[11.982535,47.619065],[11.933132,47.612779],[11.914447,47.613542],[11.863374,47.601275],[11.854842,47.602279],[11.844634,47.58166],[11.775171,47.590392],[11.745222,47.588044],[11.703345,47.58881],[11.683345,47.584786],[11.664842,47.584256],[11.640404,47.592382],[11.632883,47.592446],[11.620599,47.593389],[11.601728,47.58758],[11.598619,47.591331],[11.609267,47.610684],[11.67532,47.629635],[11.679264,47.641597],[11.670391,47.645309],[11.670418,47.654895],[11.643159,47.672992],[11.652869,47.68727],[11.671227,47.689997],[11.672815,47.698854],[11.664711,47.704681],[11.658996,47.726931],[11.640829,47.719216],[11.626122,47.721905],[11.62915,47.731514],[11.655165,47.739582],[11.662105,47.745609],[11.652977,47.759053],[11.655285,47.762963],[11.640276,47.77715],[11.638731,47.793615],[11.654191,47.793631],[11.665079,47.800635],[11.65572,47.819203],[11.651169,47.822683],[11.632773,47.822453],[11.627436,47.827969],[11.610385,47.831546],[11.618935,47.843342],[11.634601,47.851886],[11.636839,47.864624],[11.648071,47.868736],[11.663859,47.889001],[11.649819,47.886422],[11.654794,47.901361],[11.6438,47.909047],[11.629667,47.911085],[11.623462,47.920328],[11.65174,47.927498],[11.659435,47.92322],[11.682019,47.936985],[11.707317,47.93691],[11.717169,47.917093],[11.75681,47.92282],[11.758425,47.938042],[11.775171,47.942096],[11.789009,47.929693],[11.806467,47.925747],[11.801842,47.920816],[11.813431,47.899283],[11.830855,47.889115],[11.838869,47.879387],[11.870019,47.859535],[11.888038,47.863758],[11.901852,47.851916],[11.913104,47.856062],[11.925927,47.848682],[11.931688,47.852577],[11.94665,47.845906],[11.95299,47.828388],[11.952053,47.823111],[11.925964,47.816525],[11.917126,47.810867],[11.928142,47.801316],[11.940504,47.799771],[11.95825,47.792158],[11.94601,47.786393],[11.981768,47.779977],[11.989636,47.775897],[11.992587,47.746638],[12.001893,47.740608],[12.020069,47.739663],[12.011973,47.72761],[12.020094,47.722499],[12.010707,47.71061],[12.011981,47.70346],[12.025365,47.700918],[12.022877,47.69077],[12.039387,47.675303],[12.05233,47.673212],[12.036446,47.66025],[12.030869,47.652216],[12.031518,47.643637],[12.041013,47.636596],[12.059867,47.63136],[12.060662,47.618743]]]]}},{"type":"Feature","properties":{"NUTS_ID":"DE23A","LEVL_CODE":3,"CNTR_CODE":"DE","NAME_LATN":"Tirschenreuth","NUTS_NAME":"Tirschenreuth","MOUNT_TYPE":4,"URBN_TYPE":3,"COAST_TYPE":3,"FID":"DE23A"},"geometry":{"type":"MultiPolygon","coordinates":[[[[12.401524,49.758373],[12.390979,49.754049],[12.379584,49.75663],[12.381559,49.765115],[12.372343,49.770647],[12.351373,49.766562],[12.335179,49.758438],[12.322117,49.759377],[12.294616,49.770585],[12.282585,49.770635],[12.263406,49.762707],[12.25332,49.770209],[12.237099,49.771795],[12.229853,49.789131],[12.234443,49.800274],[12.211963,49.801242],[12.211474,49.809116],[12.191323,49.817218],[12.192581,49.833357],[12.182308,49.839363],[12.175783,49.852621],[12.165409,49.844379],[12.145747,49.839182],[12.133797,49.823209],[12.1176,49.821968],[12.093913,49.813889],[12.099549,49.801184],[12.086206,49.7855],[12.076548,49.784675],[12.053696,49.794291],[12.042044,49.786106],[12.023217,49.78879],[12.016904,49.807086],[12.004812,49.815584],[11.985683,49.821145],[11.970684,49.812446],[11.949963,49.805752],[11.933102,49.811627],[11.909966,49.800407],[11.890219,49.804511],[11.859247,49.828586],[11.865475,49.832432],[11.854835,49.847109],[11.861555,49.852621],[11.843095,49.865662],[11.845065,49.874781],[11.839956,49.879424],[11.852947,49.887849],[11.84134,49.893524],[11.83729,49.913821],[11.826776,49.935008],[11.812789,49.947652],[11.811902,49.959186],[11.829683,49.962351],[11.868441,49.961082],[11.870208,49.965269],[11.898926,49.969869],[11.903691,49.97902],[11.91361,49.971392],[11.968646,49.979326],[12.025833,49.983277],[12.032986,49.989071],[12.04841,49.980391],[12.071302,49.994841],[12.078349,49.985036],[12.095403,49.97729],[12.126855,49.987881],[12.172278,49.997859],[12.189681,50.000376],[12.199816,50.010519],[12.198446,50.032421],[12.240786,50.035968],[12.257497,50.04953],[12.260799,50.058156],[12.27053,50.060993],[12.27992,50.055679],[12.297829,50.058483],[12.317513,50.052332],[12.316593,50.045884],[12.326521,50.033034],[12.337193,50.039143],[12.346969,50.036367],[12.368184,50.018041],[12.384107,50.013055],[12.40091,50.014343],[12.403153,50.005603],[12.424057,50.000477],[12.432238,49.985167],[12.456135,49.993971],[12.468643,49.99184],[12.476738,49.98149],[12.489498,49.981163],[12.499331,49.971983],[12.489773,49.958924],[12.47889,49.957035],[12.470911,49.948797],[12.478405,49.935672],[12.493171,49.936547],[12.50615,49.928988],[12.53622,49.924874],[12.547375,49.920015],[12.550988,49.905088],[12.53996,49.8912],[12.521807,49.881335],[12.516247,49.864665],[12.510909,49.85886],[12.49846,49.85647],[12.497529,49.83848],[12.486513,49.841587],[12.474142,49.835097],[12.474305,49.817726],[12.465669,49.811712],[12.470343,49.80096],[12.466281,49.795369],[12.471798,49.786489],[12.404829,49.76231],[12.401524,49.758373]]]]}},{"type":"Feature","properties":{"NUTS_ID":"DE241","LEVL_CODE":3,"CNTR_CODE":"DE","NAME_LATN":"Bamberg, Kreisfreie Stadt","NUTS_NAME":"Bamberg, Kreisfreie Stadt","MOUNT_TYPE":4,"URBN_TYPE":2,"COAST_TYPE":3,"FID":"DE241"},"geometry":{"type":"MultiPolygon","coordinates":[[[[10.913475,49.925442],[10.925806,49.925072],[10.943347,49.911099],[10.950145,49.89879],[10.9525,49.877158],[10.947331,49.869927],[10.949148,49.855808],[10.928587,49.850341],[10.927331,49.842941],[10.892814,49.852621],[10.882498,49.859907],[10.867597,49.864652],[10.852678,49.87519],[10.839572,49.875608],[10.83332,49.8808],[10.835068,49.892422],[10.82714,49.898136],[10.846412,49.907773],[10.832847,49.914621],[10.856771,49.916285],[10.876867,49.913684],[10.887551,49.920468],[10.913475,49.925442]]]]}},{"type":"Feature","properties":{"NUTS_ID":"CH031","LEVL_CODE":3,"CNTR_CODE":"CH","NAME_LATN":"Basel-Stadt","NUTS_NAME":"Basel-Stadt","MOUNT_TYPE":4,"URBN_TYPE":1,"COAST_TYPE":3,"FID":"CH031"},"geometry":{"type":"MultiPolygon","coordinates":[[[[7.634097,47.561113],[7.618306,47.558165],[7.621468,47.542313],[7.609068,47.534499],[7.594549,47.519719],[7.582577,47.532511],[7.5866,47.542075],[7.564533,47.545294],[7.558678,47.552793],[7.564366,47.557148],[7.55516,47.564564],[7.558515,47.572952],[7.566869,47.576967],[7.584471,47.576474],[7.589039,47.589878],[7.603527,47.585242],[7.605578,47.578097],[7.624523,47.579446],[7.64904,47.596218],[7.67303,47.592116],[7.680032,47.582757],[7.686163,47.567417],[7.667979,47.565522],[7.647898,47.560383],[7.634097,47.561113]]]]}},{"type":"Feature","properties":{"NUTS_ID":"CH040","LEVL_CODE":3,"CNTR_CODE":"CH","NAME_LATN":"Zürich","NUTS_NAME":"Zürich","MOUNT_TYPE":3,"URBN_TYPE":1,"COAST_TYPE":3,"FID":"CH040"},"geometry":{"type":"MultiPolygon","coordinates":[[[[8.943636,47.375837],[8.950362,47.372459],[8.961297,47.354536],[8.972513,47.350994],[8.978524,47.336986],[8.977717,47.327194],[8.985038,47.31938],[8.974653,47.306969],[8.958577,47.304275],[8.948336,47.29308],[8.935995,47.288348],[8.947032,47.279057],[8.9353,47.260841],[8.91312,47.255326],[8.906114,47.25596],[8.873477,47.251552],[8.870178,47.245296],[8.856726,47.244608],[8.850486,47.249726],[8.840568,47.247413],[8.828606,47.250438],[8.80333,47.246546],[8.795751,47.239108],[8.807784,47.22056],[8.793403,47.222547],[8.740662,47.211668],[8.693462,47.195491],[8.680391,47.179121],[8.692484,47.163625],[8.674791,47.159444],[8.661686,47.16146],[8.659991,47.170028],[8.643594,47.169531],[8.624997,47.173472],[8.627339,47.179697],[8.615493,47.199575],[8.608197,47.204736],[8.59802,47.203092],[8.594652,47.211512],[8.582013,47.217514],[8.552772,47.221681],[8.513774,47.219118],[8.511251,47.215813],[8.479922,47.208599],[8.461552,47.214175],[8.446408,47.223434],[8.422549,47.224014],[8.418528,47.228072],[8.410716,47.248037],[8.403269,47.254891],[8.401742,47.272804],[8.391626,47.286489],[8.414742,47.293456],[8.428464,47.301201],[8.436011,47.31515],[8.448253,47.322639],[8.441566,47.327592],[8.416276,47.324467],[8.416785,47.334241],[8.40422,47.346336],[8.407513,47.359892],[8.394619,47.381961],[8.394642,47.393969],[8.383568,47.395701],[8.382755,47.416589],[8.391679,47.421042],[8.383916,47.434942],[8.382967,47.456178],[8.372801,47.458743],[8.368638,47.469716],[8.373291,47.481387],[8.363569,47.480836],[8.357827,47.502468],[8.361094,47.510267],[8.376983,47.512702],[8.382056,47.525538],[8.393299,47.52572],[8.402719,47.533323],[8.408802,47.544185],[8.417543,47.545701],[8.415105,47.554169],[8.418406,47.564411],[8.426434,47.567549],[8.435756,47.567005],[8.46412,47.572212],[8.494547,47.581201],[8.487013,47.587354],[8.467272,47.584764],[8.461037,47.588937],[8.456599,47.602355],[8.466373,47.603292],[8.479277,47.614281],[8.507206,47.61777],[8.519049,47.634181],[8.538118,47.631138],[8.557143,47.624169],[8.566788,47.609235],[8.562841,47.599432],[8.556281,47.594141],[8.538056,47.587902],[8.5359,47.575746],[8.554668,47.552818],[8.56763,47.562568],[8.572,47.574282],[8.579627,47.577362],[8.578198,47.588029],[8.594241,47.596459],[8.595602,47.605544],[8.604491,47.616344],[8.597751,47.628345],[8.595204,47.641933],[8.607677,47.651877],[8.615702,47.638053],[8.622741,47.640746],[8.62681,47.653988],[8.609141,47.663784],[8.606369,47.669005],[8.613558,47.677086],[8.62713,47.680363],[8.625237,47.691595],[8.644557,47.69411],[8.663354,47.685892],[8.670461,47.684862],[8.668168,47.677666],[8.676875,47.671817],[8.680761,47.658023],[8.689031,47.649682],[8.707876,47.642699],[8.725702,47.643088],[8.743888,47.63953],[8.757737,47.643061],[8.764768,47.648513],[8.77687,47.64981],[8.785338,47.655041],[8.788537,47.664494],[8.8027,47.664912],[8.804932,47.653167],[8.826431,47.646749],[8.827541,47.64034],[8.821427,47.630636],[8.814057,47.627268],[8.812851,47.617199],[8.805467,47.613437],[8.801347,47.601569],[8.789429,47.603558],[8.787832,47.609651],[8.762011,47.618079],[8.746651,47.620948],[8.739883,47.609481],[8.747727,47.600034],[8.748193,47.592349],[8.762007,47.592849],[8.802059,47.583623],[8.810254,47.570952],[8.831591,47.573335],[8.849575,47.560809],[8.829675,47.557003],[8.841681,47.533173],[8.887577,47.528273],[8.898724,47.524085],[8.897084,47.504973],[8.893013,47.489814],[8.882012,47.475081],[8.907857,47.448798],[8.903493,47.444146],[8.912704,47.436838],[8.914014,47.41797],[8.903892,47.402453],[8.921541,47.398868],[8.94146,47.387182],[8.943636,47.375837]]]]}},{"type":"Feature","properties":{"NUTS_ID":"CH070","LEVL_CODE":3,"CNTR_CODE":"CH","NAME_LATN":"Ticino","NUTS_NAME":"Ticino","MOUNT_TYPE":3,"URBN_TYPE":1,"COAST_TYPE":3,"FID":"CH070"},"geometry":{"type":"MultiPolygon","coordinates":[[[[9.159378,46.169601],[9.15561,46.162093],[9.134435,46.152633],[9.121476,46.134818],[9.10486,46.131701],[9.098557,46.126818],[9.072518,46.118103],[9.089433,46.085693],[9.078811,46.074345],[9.078315,46.06532],[9.06225,46.061088],[9.050367,46.061991],[9.017824,46.04977],[9.008128,46.02946],[9.022543,46.016856],[9.02451,46.000762],[9.028461,45.993626],[9.01233,45.987936],[9.007638,45.98081],[8.99611,45.980011],[8.993706,45.966988],[9.013567,45.960102],[9.016443,45.949145],[9.012199,45.943784],[9.022036,45.938087],[9.019358,45.928368],[9.042515,45.926953],[9.049529,45.921159],[9.07645,45.910761],[9.077839,45.885057],[9.066333,45.875962],[9.055845,45.873922],[9.04942,45.862048],[9.050774,45.852212],[9.035432,45.839658],[9.0318,45.825136],[9.015922,45.818362],[8.99458,45.822636],[8.997488,45.834944],[8.986298,45.837907],[8.969984,45.832353],[8.955774,45.842909],[8.934195,45.839272],[8.929034,45.833375],[8.912147,45.830445],[8.914226,45.842229],[8.93141,45.859798],[8.939358,45.863737],[8.933774,45.870333],[8.931781,45.884913],[8.921917,45.895202],[8.924843,45.903702],[8.916289,45.91446],[8.898169,45.925656],[8.892959,45.934105],[8.898391,45.945393],[8.89283,45.958566],[8.882593,45.957028],[8.869067,45.960878],[8.849476,45.972981],[8.831052,45.987497],[8.795643,45.991642],[8.785907,45.989075],[8.793095,46.008108],[8.80638,46.021685],[8.819678,46.025497],[8.82715,46.03228],[8.830439,46.047353],[8.844192,46.048514],[8.854594,46.061591],[8.847517,46.075753],[8.807908,46.100398],[8.798764,46.094946],[8.783475,46.094434],[8.760832,46.101496],[8.742331,46.122222],[8.724405,46.110327],[8.713936,46.097272],[8.685803,46.10257],[8.678164,46.110156],[8.658932,46.112583],[8.6479,46.122534],[8.613787,46.121732],[8.609285,46.132708],[8.593536,46.14369],[8.602554,46.15475],[8.589604,46.156634],[8.575136,46.16368],[8.569695,46.177058],[8.555312,46.186127],[8.552552,46.192343],[8.536821,46.2037],[8.532116,46.217678],[8.512344,46.221029],[8.492918,46.228886],[8.468684,46.232895],[8.464107,46.24455],[8.444526,46.248877],[8.443193,46.254769],[8.454949,46.265183],[8.449833,46.273943],[8.435859,46.286301],[8.42774,46.2983],[8.440533,46.304119],[8.443721,46.319494],[8.453332,46.321647],[8.463964,46.333007],[8.4621,46.353088],[8.468816,46.362107],[8.465672,46.380778],[8.461548,46.387184],[8.470206,46.396198],[8.463687,46.403963],[8.467536,46.412313],[8.457244,46.423117],[8.458293,46.435379],[8.465797,46.44263],[8.46199,46.450707],[8.449412,46.461924],[8.43955,46.464149],[8.408292,46.45852],[8.392911,46.452235],[8.384717,46.452158],[8.382267,46.459802],[8.392395,46.467949],[8.385902,46.475623],[8.394661,46.484996],[8.391638,46.491597],[8.419572,46.492628],[8.431609,46.497022],[8.442913,46.495429],[8.451743,46.507819],[8.460302,46.511188],[8.477674,46.527602],[8.483732,46.531989],[8.519532,46.538934],[8.514098,46.559121],[8.52049,46.567111],[8.521753,46.57664],[8.5392,46.586778],[8.548302,46.582056],[8.573402,46.58368],[8.590499,46.573477],[8.626451,46.576319],[8.630799,46.565838],[8.648184,46.565699],[8.666666,46.576576],[8.678729,46.579189],[8.698396,46.58106],[8.705298,46.573795],[8.717511,46.571113],[8.727934,46.577095],[8.739049,46.572191],[8.750744,46.576222],[8.761956,46.574257],[8.800597,46.563257],[8.829645,46.571353],[8.8318,46.563877],[8.843188,46.563368],[8.854493,46.570183],[8.876371,46.575118],[8.908377,46.586711],[8.917067,46.596648],[8.907198,46.606205],[8.90712,46.614915],[8.923299,46.622418],[8.941217,46.619177],[8.957378,46.630325],[8.962508,46.61837],[8.962201,46.602648],[8.973089,46.602664],[8.983734,46.608818],[9.0053,46.61103],[9.020792,46.603252],[9.042803,46.5888],[9.035393,46.57521],[9.026694,46.565984],[9.019242,46.547544],[9.020196,46.527988],[9.023538,46.508102],[9.032672,46.502333],[9.04506,46.488158],[9.045352,46.481298],[9.060545,46.476304],[9.073559,46.480284],[9.095081,46.460393],[9.087008,46.443694],[9.089303,46.432181],[9.10185,46.412089],[9.091356,46.406338],[9.095269,46.399587],[9.087253,46.388832],[9.095223,46.373024],[9.088428,46.34963],[9.071147,46.343591],[9.063719,46.327205],[9.075107,46.314606],[9.053912,46.29221],[9.057665,46.28225],[9.077251,46.260636],[9.076169,46.239645],[9.087722,46.213407],[9.111222,46.204991],[9.131077,46.1884],[9.131765,46.183828],[9.152949,46.170381],[9.159378,46.169601]],[[8.967301,45.963211],[8.975668,45.96169],[8.977565,45.982565],[8.966871,45.984156],[8.958594,45.964794],[8.967301,45.963211]]]]}},{"type":"Feature","properties":{"NUTS_ID":"CH022","LEVL_CODE":3,"CNTR_CODE":"CH","NAME_LATN":"Freiburg","NUTS_NAME":"Freiburg","MOUNT_TYPE":3,"URBN_TYPE":2,"COAST_TYPE":3,"FID":"CH022"},"geometry":{"type":"MultiPolygon","coordinates":[[[[7.23702,46.5538],[7.223288,46.547729],[7.210386,46.534022],[7.19217,46.546622],[7.182756,46.538694],[7.159103,46.52725],[7.144717,46.526638],[7.135736,46.508191],[7.124205,46.499308],[7.110333,46.494806],[7.100392,46.486978],[7.078568,46.488468],[7.06157,46.487321],[7.028846,46.46731],[7.021224,46.459837],[7.01684,46.44762],[6.992823,46.438883],[6.991455,46.449184],[6.97985,46.460186],[6.972143,46.489843],[6.951962,46.501956],[6.934788,46.501615],[6.896058,46.51874],[6.881564,46.512579],[6.866314,46.500736],[6.862765,46.493845],[6.847801,46.493669],[6.836762,46.500097],[6.830111,46.51235],[6.817893,46.516539],[6.812217,46.52607],[6.824251,46.541308],[6.832461,46.537416],[6.854007,46.54082],[6.866531,46.54049],[6.885976,46.55602],[6.902464,46.561203],[6.897974,46.570618],[6.884673,46.562665],[6.87448,46.565788],[6.865107,46.577205],[6.842773,46.58236],[6.834896,46.576096],[6.823728,46.577419],[6.820564,46.583708],[6.79932,46.574081],[6.795106,46.575218],[6.80131,46.592255],[6.798296,46.59993],[6.803585,46.60911],[6.801762,46.627814],[6.79731,46.633811],[6.802013,46.64887],[6.821424,46.652315],[6.82797,46.660284],[6.838423,46.662616],[6.853552,46.655516],[6.87185,46.673402],[6.873106,46.683322],[6.889611,46.693973],[6.893517,46.703728],[6.905561,46.714672],[6.917153,46.718598],[6.935668,46.733227],[6.940537,46.744567],[6.930086,46.753425],[6.910561,46.753236],[6.934152,46.771023],[6.938831,46.781529],[6.949951,46.783457],[6.965699,46.802456],[6.958752,46.810993],[6.958665,46.820214],[6.965736,46.827347],[6.984805,46.822614],[6.992415,46.830588],[6.978245,46.850286],[6.977711,46.861348],[6.988058,46.872532],[6.973482,46.88674],[6.958052,46.881399],[6.969891,46.8672],[6.965122,46.865156],[6.941061,46.885172],[6.924964,46.895399],[6.929004,46.899546],[6.89621,46.925326],[6.927902,46.953174],[6.961404,46.927811],[6.971869,46.921444],[6.985841,46.919826],[6.982276,46.909694],[7.009484,46.889043],[6.994864,46.878238],[7.004851,46.87363],[7.017383,46.879047],[7.033806,46.874565],[7.031034,46.86592],[7.038862,46.860243],[7.029976,46.852221],[7.041404,46.847314],[7.066663,46.868717],[7.070009,46.874492],[7.06213,46.883048],[7.083309,46.896089],[7.091266,46.903462],[7.090084,46.907731],[7.057917,46.938582],[7.061383,46.942452],[7.057702,46.960557],[7.062203,46.971484],[7.051847,46.977115],[7.094285,46.976482],[7.160522,46.987524],[7.199775,47.001708],[7.217255,47.006808],[7.223619,46.993795],[7.234202,46.986205],[7.22254,46.974579],[7.205795,46.964173],[7.210096,46.956078],[7.2097,46.943367],[7.203709,46.938372],[7.211451,46.930924],[7.205462,46.921717],[7.207199,46.909606],[7.217444,46.897543],[7.230385,46.904062],[7.236103,46.898385],[7.256811,46.898279],[7.28101,46.889553],[7.290248,46.893738],[7.325237,46.893802],[7.349411,46.88907],[7.352731,46.874861],[7.358897,46.862955],[7.350713,46.854688],[7.338487,46.850975],[7.329232,46.858119],[7.316194,46.861742],[7.302165,46.85207],[7.329991,46.834382],[7.319677,46.825014],[7.319845,46.815244],[7.311162,46.808906],[7.302039,46.793924],[7.303119,46.783144],[7.291579,46.77346],[7.303172,46.75742],[7.303163,46.747218],[7.296292,46.735558],[7.29876,46.723617],[7.308034,46.717527],[7.32632,46.71661],[7.348206,46.711967],[7.34625,46.699241],[7.362439,46.698495],[7.37905,46.690824],[7.373642,46.679883],[7.37036,46.658253],[7.375851,46.655756],[7.356716,46.640496],[7.345035,46.654453],[7.322494,46.654699],[7.328951,46.641371],[7.313253,46.636579],[7.312125,46.62169],[7.318288,46.616057],[7.314851,46.600356],[7.320756,46.591654],[7.312529,46.589145],[7.308045,46.581322],[7.298697,46.579152],[7.281642,46.583779],[7.269647,46.575067],[7.259769,46.5634],[7.23702,46.5538]],[[7.129554,46.905448],[7.138725,46.908284],[7.13416,46.918854],[7.114829,46.915855],[7.119593,46.90055],[7.129554,46.905448]]],[[[7.216702,46.927712],[7.217494,46.932585],[7.234677,46.937745],[7.234619,46.929427],[7.216702,46.927712]]],[[[6.780046,46.852643],[6.866234,46.909293],[6.891718,46.886777],[6.918537,46.870789],[6.914129,46.864549],[6.930133,46.853869],[6.911514,46.83949],[6.9052,46.827672],[6.912112,46.804042],[6.919585,46.809784],[6.930552,46.806038],[6.910995,46.779802],[6.906481,46.783326],[6.893517,46.777777],[6.87966,46.775886],[6.86468,46.78095],[6.859555,46.78747],[6.833932,46.775233],[6.824585,46.773998],[6.805643,46.785042],[6.798056,46.782822],[6.782533,46.792872],[6.778863,46.80056],[6.742307,46.827455],[6.780046,46.852643]]],[[[6.79896,46.734745],[6.812102,46.737202],[6.830596,46.756667],[6.844768,46.765914],[6.849025,46.774584],[6.882078,46.749781],[6.86642,46.733026],[6.861801,46.724591],[6.846726,46.727686],[6.828335,46.735401],[6.811334,46.727914],[6.792982,46.725553],[6.79896,46.734745]]],[[[6.774788,46.723991],[6.7634,46.718003],[6.74862,46.731806],[6.767538,46.744193],[6.773066,46.751418],[6.786239,46.747671],[6.784449,46.735472],[6.774788,46.723991]]]]}},{"type":"Feature","properties":{"NUTS_ID":"CH011","LEVL_CODE":3,"CNTR_CODE":"CH","NAME_LATN":"Vaud","NUTS_NAME":"Vaud","MOUNT_TYPE":3,"URBN_TYPE":2,"COAST_TYPE":3,"FID":"CH011"},"geometry":{"type":"MultiPolygon","coordinates":[[[[6.780046,46.852643],[6.742307,46.827455],[6.778863,46.80056],[6.782533,46.792872],[6.798056,46.782822],[6.805643,46.785042],[6.824585,46.773998],[6.833932,46.775233],[6.859555,46.78747],[6.86468,46.78095],[6.87966,46.775886],[6.893517,46.777777],[6.906481,46.783326],[6.910995,46.779802],[6.930552,46.806038],[6.919585,46.809784],[6.912112,46.804042],[6.9052,46.827672],[6.911514,46.83949],[6.930133,46.853869],[6.914129,46.864549],[6.918537,46.870789],[6.891718,46.886777],[6.866234,46.909293],[6.89621,46.925326],[6.929004,46.899546],[6.924964,46.895399],[6.941061,46.885172],[6.965122,46.865156],[6.969891,46.8672],[6.958052,46.881399],[6.973482,46.88674],[6.988058,46.872532],[6.977711,46.861348],[6.978245,46.850286],[6.992415,46.830588],[6.984805,46.822614],[6.965736,46.827347],[6.958665,46.820214],[6.958752,46.810993],[6.965699,46.802456],[6.949951,46.783457],[6.938831,46.781529],[6.934152,46.771023],[6.910561,46.753236],[6.930086,46.753425],[6.940537,46.744567],[6.935668,46.733227],[6.917153,46.718598],[6.905561,46.714672],[6.893517,46.703728],[6.889611,46.693973],[6.873106,46.683322],[6.87185,46.673402],[6.853552,46.655516],[6.838423,46.662616],[6.82797,46.660284],[6.821424,46.652315],[6.802013,46.64887],[6.79731,46.633811],[6.801762,46.627814],[6.803585,46.60911],[6.798296,46.59993],[6.80131,46.592255],[6.795106,46.575218],[6.79932,46.574081],[6.820564,46.583708],[6.823728,46.577419],[6.834896,46.576096],[6.842773,46.58236],[6.865107,46.577205],[6.87448,46.565788],[6.884673,46.562665],[6.897974,46.570618],[6.902464,46.561203],[6.885976,46.55602],[6.866531,46.54049],[6.854007,46.54082],[6.832461,46.537416],[6.824251,46.541308],[6.812217,46.52607],[6.817893,46.516539],[6.830111,46.51235],[6.836762,46.500097],[6.847801,46.493669],[6.862765,46.493845],[6.866314,46.500736],[6.881564,46.512579],[6.896058,46.51874],[6.934788,46.501615],[6.951962,46.501956],[6.972143,46.489843],[6.97985,46.460186],[6.991455,46.449184],[6.992823,46.438883],[7.01684,46.44762],[7.021224,46.459837],[7.028846,46.46731],[7.06157,46.487321],[7.078568,46.488468],[7.100392,46.486978],[7.110333,46.494806],[7.124205,46.499308],[7.135736,46.508191],[7.144717,46.526638],[7.159103,46.52725],[7.182756,46.538694],[7.19217,46.546622],[7.210386,46.534022],[7.223288,46.547729],[7.23702,46.5538],[7.237671,46.546493],[7.245429,46.538405],[7.248677,46.519119],[7.243669,46.500831],[7.233749,46.494521],[7.235653,46.488429],[7.224376,46.485627],[7.230416,46.466362],[7.225203,46.445382],[7.208438,46.439319],[7.194997,46.440579],[7.192946,46.433665],[7.209856,46.416177],[7.207767,46.402959],[7.194629,46.383806],[7.206852,46.378908],[7.208035,46.372825],[7.219883,46.356368],[7.222732,46.347748],[7.221457,46.329212],[7.18911,46.303877],[7.195797,46.289437],[7.187009,46.282588],[7.188597,46.271516],[7.177412,46.267666],[7.151174,46.244469],[7.14024,46.237945],[7.124737,46.235973],[7.121575,46.223647],[7.113045,46.215655],[7.088334,46.201561],[7.07134,46.201021],[7.033163,46.186965],[7.023201,46.198925],[7.013269,46.205919],[7.009623,46.220513],[7.003255,46.225931],[6.987213,46.251437],[6.964648,46.269428],[6.961719,46.279953],[6.949486,46.291254],[6.936527,46.29872],[6.931817,46.32545],[6.918526,46.338671],[6.895996,46.340495],[6.881796,46.356007],[6.886768,46.365387],[6.883547,46.376472],[6.858845,46.394259],[6.821064,46.427154],[6.681858,46.454334],[6.519104,46.456367],[6.425619,46.415806],[6.335189,46.403717],[6.252957,46.36042],[6.24136,46.343582],[6.201499,46.355329],[6.196977,46.360035],[6.17441,46.362377],[6.172731,46.355514],[6.193805,46.348334],[6.19312,46.343844],[6.231694,46.329429],[6.219547,46.311878],[6.1987,46.284428],[6.140712,46.305396],[6.125608,46.31723],[6.139208,46.33464],[6.158022,46.350967],[6.160857,46.358931],[6.170136,46.366436],[6.158578,46.379539],[6.149385,46.378025],[6.11749,46.397773],[6.105283,46.400296],[6.09682,46.408754],[6.064003,46.416229],[6.074908,46.431843],[6.086244,46.443146],[6.075754,46.453255],[6.073584,46.465272],[6.097133,46.48159],[6.112961,46.509903],[6.136655,46.529649],[6.145555,46.52937],[6.156464,46.545257],[6.138106,46.557667],[6.110961,46.576656],[6.126114,46.589473],[6.153778,46.60376],[6.161225,46.609901],[6.175133,46.613983],[6.182067,46.621154],[6.219426,46.644909],[6.268796,46.677691],[6.270489,46.683201],[6.283108,46.690456],[6.298217,46.694492],[6.324136,46.706039],[6.352425,46.715145],[6.371773,46.730469],[6.385484,46.732109],[6.389507,46.743605],[6.400105,46.75018],[6.427585,46.755727],[6.438902,46.766372],[6.451692,46.773987],[6.457559,46.788251],[6.43463,46.80204],[6.430997,46.812328],[6.440681,46.816265],[6.442506,46.831878],[6.460011,46.851551],[6.466476,46.847785],[6.482128,46.846532],[6.523323,46.856603],[6.537771,46.866991],[6.587262,46.884157],[6.597768,46.883551],[6.614637,46.888937],[6.62708,46.888711],[6.645519,46.906211],[6.6472,46.910613],[6.668419,46.920311],[6.720868,46.936143],[6.723456,46.931122],[6.717449,46.91589],[6.721029,46.905406],[6.740081,46.89481],[6.738011,46.884552],[6.742745,46.871715],[6.756683,46.868922],[6.780046,46.852643]],[[6.79896,46.734745],[6.792982,46.725553],[6.811334,46.727914],[6.828335,46.735401],[6.846726,46.727686],[6.861801,46.724591],[6.86642,46.733026],[6.882078,46.749781],[6.849025,46.774584],[6.844768,46.765914],[6.830596,46.756667],[6.812102,46.737202],[6.79896,46.734745]],[[6.774788,46.723991],[6.784449,46.735472],[6.786239,46.747671],[6.773066,46.751418],[6.767538,46.744193],[6.74862,46.731806],[6.7634,46.718003],[6.774788,46.723991]]],[[[7.091266,46.903462],[7.083309,46.896089],[7.06213,46.883048],[7.070009,46.874492],[7.066663,46.868717],[7.041404,46.847314],[7.029976,46.852221],[7.038862,46.860243],[7.031034,46.86592],[7.033806,46.874565],[7.017383,46.879047],[7.004851,46.87363],[6.994864,46.878238],[7.009484,46.889043],[6.982276,46.909694],[6.985841,46.919826],[6.971869,46.921444],[6.961404,46.927811],[6.927902,46.953174],[7.002287,46.986723],[7.039971,46.979881],[7.051847,46.977115],[7.062203,46.971484],[7.057702,46.960557],[7.061383,46.942452],[7.057917,46.938582],[7.090084,46.907731],[7.091266,46.903462]]]]}},{"type":"Feature","properties":{"NUTS_ID":"DE276","LEVL_CODE":3,"CNTR_CODE":"DE","NAME_LATN":"Augsburg, Landkreis","NUTS_NAME":"Augsburg, Landkreis","MOUNT_TYPE":4,"URBN_TYPE":1,"COAST_TYPE":3,"FID":"DE276"},"geometry":{"type":"MultiPolygon","coordinates":[[[[10.923929,48.586954],[10.930668,48.581839],[10.933823,48.570473],[10.956521,48.575457],[10.973676,48.568699],[10.979445,48.560138],[10.976314,48.546691],[10.955256,48.544039],[10.937646,48.534215],[10.909579,48.540142],[10.898383,48.535055],[10.871551,48.531211],[10.864269,48.505985],[10.877526,48.483111],[10.884084,48.458443],[10.889867,48.434121],[10.888521,48.413671],[10.870838,48.405113],[10.848439,48.406698],[10.841464,48.386745],[10.849278,48.371133],[10.859068,48.368757],[10.851438,48.353851],[10.850828,48.344211],[10.838224,48.346371],[10.82299,48.341832],[10.819592,48.34992],[10.804466,48.350698],[10.794934,48.337028],[10.790224,48.318916],[10.781457,48.313239],[10.770693,48.314493],[10.765679,48.307346],[10.766554,48.297326],[10.783407,48.297698],[10.80248,48.291586],[10.812842,48.299104],[10.828439,48.296172],[10.836846,48.290649],[10.844074,48.296345],[10.862851,48.292042],[10.900847,48.29353],[10.898463,48.281915],[10.903986,48.267155],[10.910751,48.258307],[10.910665,48.251205],[10.903411,48.236676],[10.901814,48.224087],[10.890514,48.191134],[10.877142,48.182416],[10.872044,48.169667],[10.859706,48.157855],[10.833252,48.147258],[10.811979,48.152208],[10.786499,48.150138],[10.793915,48.128477],[10.789182,48.122636],[10.798022,48.114599],[10.801532,48.10417],[10.762342,48.092637],[10.749479,48.109693],[10.741659,48.109739],[10.730345,48.100165],[10.720026,48.101345],[10.701787,48.097873],[10.69389,48.100256],[10.684795,48.129365],[10.700342,48.144269],[10.685833,48.149523],[10.695678,48.162922],[10.684729,48.172524],[10.671118,48.173589],[10.627538,48.165611],[10.625708,48.159139],[10.609874,48.160303],[10.600284,48.165693],[10.56944,48.16745],[10.565819,48.174297],[10.552405,48.17257],[10.552405,48.180057],[10.566786,48.181607],[10.570419,48.186925],[10.58366,48.185997],[10.594612,48.192808],[10.577093,48.196379],[10.58754,48.211932],[10.573642,48.21212],[10.56197,48.220801],[10.560139,48.235637],[10.571213,48.244009],[10.574805,48.258787],[10.587831,48.265314],[10.583346,48.271072],[10.598563,48.277648],[10.587512,48.283798],[10.582648,48.294762],[10.586916,48.302252],[10.582224,48.315745],[10.570059,48.314473],[10.552405,48.322792],[10.548035,48.313192],[10.495697,48.317566],[10.498989,48.33007],[10.513117,48.337515],[10.519513,48.372496],[10.517275,48.382196],[10.52634,48.389414],[10.536681,48.389624],[10.548223,48.397921],[10.544616,48.404307],[10.533846,48.404577],[10.506339,48.411291],[10.52989,48.424834],[10.541987,48.427782],[10.533694,48.448396],[10.533342,48.468105],[10.528356,48.471389],[10.544104,48.479555],[10.55271,48.475454],[10.571036,48.483356],[10.591889,48.48943],[10.609052,48.49022],[10.61634,48.498487],[10.638766,48.496598],[10.674802,48.498227],[10.695621,48.493305],[10.708661,48.485213],[10.728249,48.491753],[10.745307,48.49203],[10.751252,48.498357],[10.744854,48.504962],[10.76125,48.520657],[10.763043,48.527599],[10.773322,48.534905],[10.766047,48.542474],[10.763544,48.554295],[10.771204,48.562169],[10.780793,48.562626],[10.77597,48.575093],[10.76914,48.576944],[10.765108,48.597317],[10.785733,48.608177],[10.779367,48.61893],[10.802636,48.623822],[10.822736,48.62512],[10.834787,48.630936],[10.877387,48.638154],[10.883676,48.635856],[10.879148,48.617982],[10.885388,48.609994],[10.887294,48.599263],[10.908278,48.592412],[10.913426,48.584718],[10.923929,48.586954]]]]}},{"type":"Feature","properties":{"NUTS_ID":"DE277","LEVL_CODE":3,"CNTR_CODE":"DE","NAME_LATN":"Dillingen a.d. Donau","NUTS_NAME":"Dillingen a.d. Donau","MOUNT_TYPE":4,"URBN_TYPE":3,"COAST_TYPE":3,"FID":"DE277"},"geometry":{"type":"MultiPolygon","coordinates":[[[[10.779367,48.61893],[10.785733,48.608177],[10.765108,48.597317],[10.76914,48.576944],[10.77597,48.575093],[10.780793,48.562626],[10.771204,48.562169],[10.763544,48.554295],[10.766047,48.542474],[10.773322,48.534905],[10.763043,48.527599],[10.76125,48.520657],[10.744854,48.504962],[10.751252,48.498357],[10.745307,48.49203],[10.728249,48.491753],[10.708661,48.485213],[10.695621,48.493305],[10.674802,48.498227],[10.638766,48.496598],[10.61634,48.498487],[10.609052,48.49022],[10.591889,48.48943],[10.571036,48.483356],[10.55271,48.475454],[10.544104,48.479555],[10.528356,48.471389],[10.493628,48.477606],[10.488821,48.486208],[10.474651,48.488069],[10.460347,48.479828],[10.448842,48.48447],[10.439117,48.480799],[10.428344,48.482581],[10.422655,48.514654],[10.425331,48.525551],[10.394285,48.516738],[10.38747,48.492304],[10.366098,48.493527],[10.354415,48.499958],[10.352082,48.490027],[10.336222,48.486437],[10.323914,48.47983],[10.302196,48.488523],[10.288259,48.503561],[10.272681,48.512593],[10.278249,48.516101],[10.297231,48.517483],[10.312023,48.522944],[10.304134,48.529805],[10.301327,48.544139],[10.313954,48.558058],[10.306253,48.581777],[10.293976,48.590279],[10.297109,48.603809],[10.31891,48.604045],[10.321795,48.609633],[10.299367,48.623347],[10.29651,48.633564],[10.284738,48.636961],[10.279527,48.646372],[10.269294,48.647146],[10.265288,48.659002],[10.254865,48.664405],[10.270951,48.685248],[10.270103,48.703108],[10.281687,48.700886],[10.304477,48.686596],[10.331854,48.690047],[10.346061,48.680126],[10.351205,48.667091],[10.351958,48.655257],[10.361223,48.653186],[10.368368,48.663245],[10.389013,48.668015],[10.393198,48.68835],[10.409453,48.698442],[10.436648,48.692171],[10.419895,48.682086],[10.425911,48.673418],[10.408452,48.667177],[10.431681,48.661871],[10.45567,48.670428],[10.464998,48.670533],[10.482827,48.685793],[10.491862,48.687892],[10.487258,48.696662],[10.498455,48.700918],[10.497305,48.708458],[10.504857,48.71563],[10.502661,48.722361],[10.512906,48.731959],[10.514168,48.739616],[10.531484,48.751685],[10.549415,48.754214],[10.569416,48.748649],[10.571143,48.743688],[10.599173,48.746975],[10.61071,48.75699],[10.610954,48.741334],[10.61467,48.738633],[10.647226,48.737753],[10.658443,48.73217],[10.65272,48.709436],[10.643236,48.705263],[10.649999,48.698604],[10.644535,48.691058],[10.626599,48.688308],[10.634302,48.677884],[10.654734,48.672427],[10.663911,48.657465],[10.687162,48.651493],[10.699313,48.650684],[10.709824,48.660294],[10.735843,48.64858],[10.736871,48.662714],[10.746802,48.661729],[10.74411,48.643075],[10.754916,48.633566],[10.769049,48.631709],[10.779367,48.61893]]]]}},{"type":"Feature","properties":{"NUTS_ID":"CH032","LEVL_CODE":3,"CNTR_CODE":"CH","NAME_LATN":"Basel-Landschaft","NUTS_NAME":"Basel-Landschaft","MOUNT_TYPE":3,"URBN_TYPE":1,"COAST_TYPE":3,"FID":"CH032"},"geometry":{"type":"MultiPolygon","coordinates":[[[[7.375685,47.414077],[7.3574,47.418061],[7.339671,47.429213],[7.325891,47.432098],[7.326466,47.439853],[7.337403,47.440884],[7.352754,47.434413],[7.380894,47.431892],[7.375685,47.414077]]],[[[7.375685,47.414077],[7.414351,47.411006],[7.427308,47.41448],[7.447277,47.414517],[7.454727,47.425687],[7.448486,47.437694],[7.437789,47.446248],[7.421139,47.446388],[7.430072,47.459282],[7.445019,47.461723],[7.454521,47.44953],[7.494946,47.459582],[7.508737,47.458576],[7.530663,47.461196],[7.527461,47.473862],[7.536674,47.484998],[7.531813,47.497405],[7.519271,47.496893],[7.510905,47.502582],[7.504634,47.5148],[7.5239,47.515232],[7.531475,47.527717],[7.519454,47.533914],[7.503745,47.528634],[7.49823,47.536617],[7.507889,47.544761],[7.519176,47.546435],[7.527164,47.552417],[7.55516,47.564564],[7.564366,47.557148],[7.558678,47.552793],[7.564533,47.545294],[7.5866,47.542075],[7.582577,47.532511],[7.594549,47.519719],[7.609068,47.534499],[7.621468,47.542313],[7.618306,47.558165],[7.634097,47.561113],[7.650189,47.54797],[7.661192,47.544398],[7.67529,47.533554],[7.697038,47.533159],[7.713784,47.539405],[7.74564,47.525341],[7.761163,47.525012],[7.787866,47.519592],[7.788652,47.493408],[7.807429,47.497172],[7.814764,47.504529],[7.831991,47.514746],[7.835033,47.531774],[7.857346,47.533212],[7.865947,47.519483],[7.875323,47.518027],[7.883926,47.508524],[7.891918,47.507108],[7.904689,47.492163],[7.905515,47.484883],[7.932717,47.48162],[7.946504,47.48525],[7.940169,47.4621],[7.948859,47.463789],[7.956853,47.4552],[7.946753,47.443238],[7.961711,47.421944],[7.954758,47.415848],[7.934965,47.411737],[7.924158,47.402024],[7.9097,47.398432],[7.888499,47.40725],[7.86914,47.395496],[7.879411,47.388127],[7.868497,47.381377],[7.849974,47.378359],[7.837048,47.37272],[7.830571,47.365187],[7.806233,47.362389],[7.797609,47.355489],[7.793439,47.339628],[7.769154,47.338908],[7.754188,47.343249],[7.734155,47.357783],[7.727927,47.368799],[7.700354,47.372327],[7.644197,47.367269],[7.641732,47.38054],[7.636715,47.387628],[7.632702,47.410083],[7.663479,47.409767],[7.679853,47.417669],[7.684817,47.428494],[7.683842,47.443857],[7.690804,47.452904],[7.710048,47.469253],[7.699744,47.480591],[7.676918,47.485003],[7.665403,47.491528],[7.640979,47.482651],[7.616653,47.488852],[7.606372,47.48947],[7.607547,47.474769],[7.619566,47.46728],[7.622622,47.457085],[7.616283,47.445088],[7.615804,47.432704],[7.592091,47.432683],[7.584856,47.428636],[7.575625,47.436715],[7.568586,47.436472],[7.568549,47.42256],[7.580313,47.414683],[7.543541,47.41411],[7.526339,47.41193],[7.530567,47.404668],[7.517268,47.388606],[7.500813,47.384817],[7.479122,47.390389],[7.476734,47.400549],[7.452949,47.403312],[7.442059,47.400696],[7.443139,47.389502],[7.43689,47.37997],[7.416283,47.384807],[7.413407,47.393893],[7.399726,47.396889],[7.375685,47.414077]]]]}},{"type":"Feature","properties":{"NUTS_ID":"CH063","LEVL_CODE":3,"CNTR_CODE":"CH","NAME_LATN":"Schwyz","NUTS_NAME":"Schwyz","MOUNT_TYPE":3,"URBN_TYPE":2,"COAST_TYPE":3,"FID":"CH063"},"geometry":{"type":"MultiPolygon","coordinates":[[[[9.004565,47.173145],[8.990816,47.161128],[8.973453,47.140384],[8.965136,47.121779],[8.973748,47.11507],[8.971039,47.10377],[8.954179,47.09417],[8.965919,47.08177],[8.954474,47.065503],[8.948134,47.049356],[8.922071,47.038663],[8.902324,47.037658],[8.902751,47.027539],[8.895072,47.021136],[8.909618,47.017095],[8.911659,47.009458],[8.9276,46.997908],[8.936149,46.987865],[8.933101,46.981392],[8.944681,46.96837],[8.968259,46.958906],[8.955608,46.939001],[8.963453,46.928015],[8.935079,46.920208],[8.878202,46.897015],[8.864076,46.895382],[8.853211,46.885388],[8.84811,46.891757],[8.848458,46.912126],[8.836001,46.908438],[8.82758,46.922372],[8.826465,46.935048],[8.810712,46.940746],[8.789719,46.930609],[8.779255,46.932728],[8.770462,46.940858],[8.745982,46.935534],[8.708104,46.91747],[8.698746,46.926355],[8.699306,46.934674],[8.692637,46.945731],[8.66885,46.944744],[8.61943,46.952245],[8.604394,46.951976],[8.60118,46.975237],[8.60314,46.98684],[8.582417,46.993409],[8.56915,46.990248],[8.542794,46.979574],[8.519362,46.979816],[8.496621,46.976429],[8.465227,46.984271],[8.468157,46.996524],[8.483307,46.996729],[8.50015,47.000799],[8.510055,47.006481],[8.513594,47.021926],[8.497032,47.028629],[8.442366,47.062385],[8.430178,47.065263],[8.40344,47.060867],[8.390533,47.061271],[8.389212,47.070647],[8.407018,47.080693],[8.410342,47.092812],[8.420752,47.101902],[8.451207,47.113657],[8.472289,47.112175],[8.477817,47.106402],[8.492978,47.100201],[8.520768,47.090047],[8.54541,47.094028],[8.563393,47.092606],[8.567274,47.081143],[8.590131,47.086431],[8.59541,47.091236],[8.612111,47.094898],[8.637725,47.093403],[8.660503,47.114224],[8.670408,47.116045],[8.681469,47.125716],[8.687877,47.145174],[8.701153,47.150926],[8.692484,47.163625],[8.680391,47.179121],[8.693462,47.195491],[8.740662,47.211668],[8.793403,47.222547],[8.807784,47.22056],[8.821071,47.211963],[8.8406,47.208083],[8.941184,47.218437],[8.971228,47.216445],[8.964945,47.198324],[8.957753,47.19931],[8.962834,47.179992],[8.983613,47.18262],[9.004565,47.173145]]]]}},{"type":"Feature","properties":{"NUTS_ID":"DE13A","LEVL_CODE":3,"CNTR_CODE":"DE","NAME_LATN":"Waldshut","NUTS_NAME":"Waldshut","MOUNT_TYPE":3,"URBN_TYPE":2,"COAST_TYPE":3,"FID":"DE13A"},"geometry":{"type":"MultiPolygon","coordinates":[[[[8.439034,47.853638],[8.443721,47.856568],[8.462586,47.850349],[8.47331,47.842241],[8.472637,47.829336],[8.488349,47.831431],[8.506454,47.827686],[8.512439,47.811545],[8.495841,47.798044],[8.509859,47.797257],[8.526592,47.791323],[8.527308,47.785649],[8.510115,47.77619],[8.496219,47.77116],[8.487544,47.772169],[8.473545,47.764208],[8.457252,47.74918],[8.450232,47.738714],[8.456984,47.729164],[8.425989,47.711357],[8.416828,47.710006],[8.405148,47.697829],[8.420668,47.683865],[8.406412,47.675476],[8.41156,47.667423],[8.424052,47.666326],[8.444729,47.654341],[8.45767,47.653313],[8.465067,47.645421],[8.490723,47.642812],[8.495007,47.646748],[8.527189,47.645453],[8.532582,47.650649],[8.527009,47.660395],[8.547159,47.66706],[8.563654,47.669944],[8.577082,47.662069],[8.593964,47.667833],[8.606369,47.669005],[8.609141,47.663784],[8.62681,47.653988],[8.622741,47.640746],[8.615702,47.638053],[8.607677,47.651877],[8.595204,47.641933],[8.597751,47.628345],[8.604491,47.616344],[8.595602,47.605544],[8.581735,47.596558],[8.562841,47.599432],[8.566788,47.609235],[8.557143,47.624169],[8.538118,47.631138],[8.519049,47.634181],[8.507206,47.61777],[8.479277,47.614281],[8.466373,47.603292],[8.456599,47.602355],[8.461037,47.588937],[8.467272,47.584764],[8.487013,47.587354],[8.494547,47.581201],[8.46412,47.572212],[8.435756,47.567005],[8.426434,47.567549],[8.399968,47.576751],[8.392099,47.575016],[8.383471,47.566043],[8.354115,47.570317],[8.325189,47.572512],[8.29796,47.589364],[8.297061,47.60527],[8.288484,47.610319],[8.265533,47.609778],[8.254103,47.614802],[8.224054,47.606853],[8.221266,47.615515],[8.204986,47.620805],[8.197531,47.618573],[8.184461,47.604809],[8.166042,47.594869],[8.149881,47.59542],[8.139517,47.591179],[8.136357,47.584554],[8.1105,47.582824],[8.103388,47.57599],[8.09718,47.561029],[8.083727,47.557708],[8.06772,47.564254],[8.046036,47.5553],[8.019559,47.550586],[7.999166,47.556397],[7.977141,47.55539],[7.955403,47.556782],[7.948373,47.545648],[7.940499,47.544481],[7.916591,47.548272],[7.908518,47.555422],[7.911192,47.568724],[7.906538,47.576919],[7.894107,47.586375],[7.90176,47.590227],[7.901332,47.601716],[7.889384,47.604954],[7.878194,47.616967],[7.880323,47.642662],[7.894548,47.644171],[7.912452,47.654829],[7.910724,47.664395],[7.923261,47.672708],[7.949969,47.678556],[7.97743,47.695729],[7.980398,47.712512],[7.969787,47.72504],[7.968491,47.734926],[7.974986,47.743683],[7.970968,47.758436],[7.979108,47.766466],[7.993049,47.766825],[8.003646,47.773657],[8.002525,47.791409],[7.998335,47.799985],[8.001037,47.814112],[8.000008,47.827519],[8.018114,47.841394],[8.029732,47.850803],[8.056584,47.858444],[8.074424,47.853439],[8.086272,47.837101],[8.088715,47.823915],[8.09966,47.805919],[8.12366,47.801553],[8.136545,47.78612],[8.145682,47.785976],[8.154446,47.772708],[8.167593,47.775086],[8.182887,47.782675],[8.186289,47.768628],[8.19757,47.761794],[8.224144,47.764773],[8.216606,47.769884],[8.209429,47.784317],[8.214181,47.792191],[8.223888,47.795561],[8.220298,47.808345],[8.212805,47.820739],[8.232951,47.824748],[8.227889,47.832266],[8.255349,47.838231],[8.25468,47.845772],[8.267485,47.852038],[8.289538,47.853041],[8.294629,47.84736],[8.306238,47.848075],[8.319557,47.84253],[8.33175,47.845162],[8.370477,47.839423],[8.389775,47.841031],[8.413221,47.851763],[8.439034,47.853638]]]]}},{"type":"Feature","properties":{"NUTS_ID":"DE21H","LEVL_CODE":3,"CNTR_CODE":"DE","NAME_LATN":"München, Landkreis","NUTS_NAME":"München, Landkreis","MOUNT_TYPE":4,"URBN_TYPE":1,"COAST_TYPE":3,"FID":"DE21H"},"geometry":{"type":"MultiPolygon","coordinates":[[[[11.578699,48.299546],[11.599951,48.280822],[11.615036,48.270025],[11.64598,48.272916],[11.684929,48.269955],[11.697623,48.270261],[11.704002,48.276303],[11.733984,48.278496],[11.738186,48.276334],[11.758969,48.254169],[11.748096,48.236983],[11.756169,48.221111],[11.76272,48.209477],[11.756007,48.188141],[11.767201,48.180346],[11.774948,48.162583],[11.771457,48.154662],[11.751116,48.144092],[11.747778,48.13759],[11.755863,48.126955],[11.759347,48.108329],[11.767583,48.096156],[11.782836,48.088045],[11.785526,48.06975],[11.806269,48.06316],[11.788138,48.056302],[11.783777,48.022291],[11.767429,48.021978],[11.767854,48.000215],[11.762674,47.992324],[11.783265,47.99045],[11.80303,47.978707],[11.818361,47.973125],[11.827244,47.962642],[11.839996,47.964263],[11.851328,47.954263],[11.847953,47.948253],[11.838426,47.939384],[11.830508,47.938076],[11.825584,47.924474],[11.806467,47.925747],[11.789009,47.929693],[11.775171,47.942096],[11.758425,47.938042],[11.75681,47.92282],[11.717169,47.917093],[11.707317,47.93691],[11.682019,47.936985],[11.659435,47.92322],[11.65174,47.927498],[11.623462,47.920328],[11.603488,47.923952],[11.604583,47.933705],[11.581703,47.949705],[11.564915,47.958119],[11.54477,47.949929],[11.516307,47.950067],[11.516794,47.961945],[11.500208,47.967869],[11.495061,47.972917],[11.474727,47.971454],[11.46701,47.96204],[11.451613,47.972985],[11.428582,47.978543],[11.420404,47.985147],[11.406365,47.990055],[11.40477,47.99564],[11.421097,48.000935],[11.42527,48.008813],[11.434069,48.012602],[11.42777,48.019743],[11.428193,48.028699],[11.41689,48.032061],[11.41893,48.053382],[11.413815,48.067253],[11.403349,48.073063],[11.423311,48.095673],[11.419886,48.101706],[11.384868,48.111454],[11.390134,48.119289],[11.400386,48.116471],[11.412451,48.127115],[11.429873,48.137147],[11.45819,48.132124],[11.464364,48.128113],[11.463024,48.105233],[11.472329,48.098471],[11.471018,48.083128],[11.501807,48.070098],[11.508732,48.061554],[11.52703,48.068924],[11.534514,48.077419],[11.541782,48.07709],[11.5568,48.084007],[11.584154,48.092417],[11.591349,48.08431],[11.620262,48.088071],[11.6628,48.078583],[11.685725,48.077503],[11.683162,48.09138],[11.713126,48.105028],[11.70938,48.114688],[11.694534,48.118519],[11.695177,48.123369],[11.711005,48.123931],[11.713463,48.140567],[11.708673,48.14867],[11.67838,48.145862],[11.67517,48.157017],[11.686438,48.170798],[11.685424,48.180273],[11.663827,48.181721],[11.663178,48.176396],[11.646234,48.173816],[11.63543,48.175529],[11.629241,48.184943],[11.639253,48.20387],[11.650369,48.217329],[11.635895,48.226515],[11.616592,48.228853],[11.610946,48.219451],[11.600421,48.213794],[11.586626,48.213921],[11.581194,48.229253],[11.548224,48.228272],[11.530797,48.23251],[11.524932,48.241356],[11.499818,48.248146],[11.49981,48.262374],[11.515051,48.268447],[11.518529,48.278975],[11.530749,48.282187],[11.555695,48.293054],[11.564876,48.291604],[11.578699,48.299546]]]]}},{"type":"Feature","properties":{"NUTS_ID":"DE21I","LEVL_CODE":3,"CNTR_CODE":"DE","NAME_LATN":"Neuburg-Schrobenhausen","NUTS_NAME":"Neuburg-Schrobenhausen","MOUNT_TYPE":4,"URBN_TYPE":3,"COAST_TYPE":3,"FID":"DE21I"},"geometry":{"type":"MultiPolygon","coordinates":[[[[11.255916,48.779428],[11.273636,48.762659],[11.29694,48.750362],[11.303665,48.749936],[11.315083,48.730258],[11.327797,48.721928],[11.34839,48.7302],[11.357815,48.727919],[11.354288,48.719018],[11.357373,48.710435],[11.367792,48.705238],[11.374685,48.689893],[11.393637,48.684677],[11.399845,48.694062],[11.416402,48.694353],[11.433112,48.699371],[11.455823,48.698404],[11.454094,48.690243],[11.445473,48.681267],[11.448182,48.666349],[11.440614,48.659245],[11.438564,48.648138],[11.427269,48.642969],[11.40538,48.642716],[11.401251,48.635687],[11.383884,48.633961],[11.375015,48.62463],[11.377395,48.615781],[11.360482,48.614526],[11.345301,48.6065],[11.348685,48.60006],[11.360826,48.597679],[11.377742,48.586706],[11.382956,48.579915],[11.365345,48.571237],[11.343399,48.576601],[11.336514,48.570037],[11.349274,48.55373],[11.364887,48.541963],[11.341413,48.535543],[11.337728,48.527754],[11.31554,48.515723],[11.321371,48.503703],[11.313843,48.502327],[11.314092,48.485734],[11.303161,48.48369],[11.295411,48.474574],[11.276307,48.472943],[11.267685,48.464375],[11.257342,48.468547],[11.247986,48.477306],[11.24783,48.485499],[11.22128,48.491445],[11.211492,48.498873],[11.208144,48.526726],[11.191719,48.530975],[11.182719,48.538489],[11.15359,48.548839],[11.135098,48.549845],[11.127658,48.554239],[11.130662,48.562161],[11.155632,48.562429],[11.164667,48.580833],[11.154664,48.595073],[11.145907,48.592078],[11.121578,48.594519],[11.119108,48.607032],[11.107886,48.603051],[11.076876,48.605111],[11.051036,48.601491],[11.036885,48.608783],[11.022986,48.620171],[11.024657,48.625052],[11.040035,48.627638],[11.032631,48.639081],[11.034401,48.64515],[11.016166,48.652733],[11.008903,48.665455],[11.001615,48.667248],[10.995999,48.682007],[10.984729,48.691677],[10.989321,48.700419],[10.98468,48.716302],[10.999881,48.733035],[10.98346,48.736331],[10.986619,48.745304],[10.995293,48.751503],[10.997866,48.763009],[10.980042,48.769301],[10.970495,48.775804],[10.984338,48.789662],[10.974582,48.798629],[10.961965,48.796881],[10.948479,48.811224],[10.976874,48.809304],[11.005941,48.821883],[11.043616,48.819915],[11.038076,48.810201],[11.040251,48.799986],[11.055171,48.793887],[11.06694,48.795003],[11.072901,48.806329],[11.087066,48.804489],[11.114123,48.806577],[11.127009,48.810081],[11.130897,48.804303],[11.145355,48.797784],[11.166996,48.792048],[11.18079,48.797352],[11.190893,48.790154],[11.203719,48.788468],[11.205798,48.781346],[11.232935,48.77331],[11.245016,48.779364],[11.255916,48.779428]]]]}},{"type":"Feature","properties":{"NUTS_ID":"DE21J","LEVL_CODE":3,"CNTR_CODE":"DE","NAME_LATN":"Pfaffenhofen a. d. Ilm","NUTS_NAME":"Pfaffenhofen a. d. Ilm","MOUNT_TYPE":4,"URBN_TYPE":2,"COAST_TYPE":3,"FID":"DE21J"},"geometry":{"type":"MultiPolygon","coordinates":[[[[11.719435,48.782345],[11.69439,48.783803],[11.701809,48.768339],[11.712059,48.760166],[11.702245,48.752282],[11.666177,48.748382],[11.655406,48.744139],[11.657363,48.730234],[11.667559,48.724679],[11.667482,48.716627],[11.656388,48.707514],[11.654655,48.700364],[11.672372,48.689768],[11.680994,48.690834],[11.694265,48.683847],[11.686361,48.663843],[11.700662,48.658939],[11.712621,48.648235],[11.705861,48.637586],[11.693873,48.633037],[11.693886,48.618822],[11.706735,48.616646],[11.697558,48.610781],[11.701483,48.600771],[11.702781,48.583641],[11.67696,48.574443],[11.660242,48.563085],[11.657625,48.538636],[11.662399,48.498519],[11.643416,48.496929],[11.630567,48.470602],[11.614005,48.463154],[11.596872,48.47162],[11.597195,48.475654],[11.575883,48.48328],[11.56993,48.489938],[11.557555,48.489947],[11.544069,48.47369],[11.529093,48.468995],[11.535269,48.460181],[11.518827,48.452351],[11.508991,48.442427],[11.493183,48.440511],[11.473885,48.44053],[11.461081,48.433993],[11.437917,48.426977],[11.44101,48.414337],[11.428339,48.416454],[11.41458,48.406502],[11.402249,48.4141],[11.405978,48.421481],[11.380903,48.424056],[11.387923,48.435778],[11.37887,48.440506],[11.358143,48.443783],[11.356986,48.449702],[11.336455,48.454923],[11.32559,48.448632],[11.311675,48.452273],[11.300681,48.454156],[11.298557,48.463442],[11.303736,48.473171],[11.295411,48.474574],[11.303161,48.48369],[11.314092,48.485734],[11.313843,48.502327],[11.321371,48.503703],[11.31554,48.515723],[11.337728,48.527754],[11.341413,48.535543],[11.364887,48.541963],[11.349274,48.55373],[11.336514,48.570037],[11.343399,48.576601],[11.365345,48.571237],[11.382956,48.579915],[11.377742,48.586706],[11.360826,48.597679],[11.348685,48.60006],[11.345301,48.6065],[11.360482,48.614526],[11.377395,48.615781],[11.375015,48.62463],[11.383884,48.633961],[11.401251,48.635687],[11.40538,48.642716],[11.427269,48.642969],[11.438564,48.648138],[11.440614,48.659245],[11.448182,48.666349],[11.445473,48.681267],[11.454094,48.690243],[11.455823,48.698404],[11.433112,48.699371],[11.433286,48.711417],[11.442345,48.721068],[11.455381,48.726954],[11.486077,48.727236],[11.490715,48.736203],[11.489323,48.745004],[11.493405,48.739282],[11.509997,48.733233],[11.524474,48.732883],[11.534905,48.737349],[11.536263,48.747399],[11.551659,48.741483],[11.565999,48.750405],[11.555945,48.75871],[11.565944,48.761838],[11.574076,48.772055],[11.57267,48.783356],[11.59972,48.799439],[11.604577,48.81383],[11.619205,48.811501],[11.643847,48.811421],[11.647935,48.801308],[11.640913,48.795886],[11.653513,48.785965],[11.66897,48.786427],[11.688752,48.782049],[11.698588,48.792283],[11.716957,48.788041],[11.719435,48.782345]]]]}},{"type":"Feature","properties":{"NUTS_ID":"DE12C","LEVL_CODE":3,"CNTR_CODE":"DE","NAME_LATN":"Freudenstadt","NUTS_NAME":"Freudenstadt","MOUNT_TYPE":3,"URBN_TYPE":3,"COAST_TYPE":3,"FID":"DE12C"},"geometry":{"type":"MultiPolygon","coordinates":[[[[8.755711,48.50414],[8.767857,48.50202],[8.777529,48.486378],[8.793405,48.485241],[8.806136,48.478458],[8.827649,48.463077],[8.780003,48.446701],[8.770174,48.438531],[8.76479,48.427206],[8.776686,48.420966],[8.774055,48.416278],[8.766522,48.409991],[8.755992,48.39305],[8.757365,48.382547],[8.737187,48.377977],[8.717875,48.378504],[8.707013,48.384255],[8.69055,48.387834],[8.68833,48.394172],[8.676134,48.399865],[8.65416,48.394962],[8.637725,48.401868],[8.607923,48.39673],[8.594975,48.408328],[8.556784,48.399853],[8.545986,48.405586],[8.530123,48.400875],[8.518658,48.391933],[8.485042,48.381551],[8.486449,48.367722],[8.496123,48.364655],[8.498833,48.357582],[8.488874,48.351402],[8.470392,48.346931],[8.484306,48.341801],[8.487185,48.332934],[8.50015,48.331486],[8.494052,48.314437],[8.481289,48.315474],[8.460327,48.313016],[8.444734,48.301116],[8.438476,48.304945],[8.431177,48.322744],[8.414997,48.324095],[8.40358,48.321909],[8.386014,48.326345],[8.35989,48.339068],[8.356385,48.366277],[8.358682,48.377808],[8.345917,48.384041],[8.32856,48.386954],[8.315696,48.36896],[8.319316,48.357828],[8.303992,48.349094],[8.29188,48.356904],[8.275662,48.362379],[8.26938,48.359774],[8.254502,48.370581],[8.263003,48.378845],[8.249522,48.383648],[8.246958,48.394739],[8.233007,48.401404],[8.242962,48.412179],[8.253865,48.414087],[8.258605,48.422169],[8.254164,48.43282],[8.264,48.436098],[8.268269,48.448239],[8.264359,48.461119],[8.268455,48.47667],[8.275435,48.477856],[8.266747,48.490644],[8.255448,48.493554],[8.241368,48.492188],[8.227269,48.49884],[8.21913,48.507948],[8.221526,48.515675],[8.212794,48.523623],[8.217023,48.551423],[8.212681,48.558278],[8.227315,48.563897],[8.236528,48.576799],[8.221405,48.586339],[8.222007,48.603227],[8.238179,48.600577],[8.262774,48.589683],[8.290256,48.58692],[8.318622,48.589245],[8.356249,48.600131],[8.350372,48.609135],[8.381942,48.619551],[8.388825,48.635672],[8.409324,48.639457],[8.422776,48.635289],[8.454501,48.616636],[8.466987,48.606547],[8.475011,48.611177],[8.49135,48.604179],[8.50015,48.594855],[8.529067,48.591738],[8.542117,48.586406],[8.562506,48.569071],[8.575676,48.577175],[8.5772,48.563514],[8.56172,48.555816],[8.5594,48.549744],[8.585833,48.545313],[8.594255,48.553775],[8.626873,48.540013],[8.599008,48.51531],[8.606599,48.50498],[8.633457,48.501785],[8.674005,48.510161],[8.679266,48.50028],[8.692485,48.490248],[8.69331,48.484142],[8.718012,48.487965],[8.732931,48.487458],[8.740568,48.495555],[8.74007,48.503977],[8.755711,48.50414]]]]}},{"type":"Feature","properties":{"NUTS_ID":"AT212","LEVL_CODE":3,"CNTR_CODE":"AT","NAME_LATN":"Oberkärnten","NUTS_NAME":"Oberkärnten","MOUNT_TYPE":3,"URBN_TYPE":3,"COAST_TYPE":3,"FID":"AT212"},"geometry":{"type":"MultiPolygon","coordinates":[[[[13.354584,47.097303],[13.363195,47.09821],[13.379554,47.092733],[13.382153,47.081203],[13.388523,47.075333],[13.406177,47.069697],[13.425898,47.080999],[13.442296,47.078356],[13.456244,47.079861],[13.522023,47.068262],[13.574819,47.052922],[13.602117,47.055251],[13.61518,47.059843],[13.637494,47.055672],[13.648586,47.040168],[13.691636,47.039768],[13.692935,47.031396],[13.687489,47.025615],[13.693786,47.007813],[13.706892,46.996248],[13.733385,46.989948],[13.746593,46.993686],[13.756837,46.989967],[13.759813,46.983006],[13.771782,46.977242],[13.778187,46.957858],[13.77686,46.948583],[13.785132,46.944048],[13.78523,46.938372],[13.808557,46.926513],[13.8155,46.918707],[13.848804,46.91064],[13.865619,46.919223],[13.880953,46.918962],[13.89728,46.927913],[13.933356,46.944621],[13.946626,46.941619],[13.942026,46.934459],[13.948085,46.920762],[13.95791,46.918274],[13.981604,46.917186],[13.994681,46.909235],[13.997299,46.89789],[13.995406,46.887416],[14.002328,46.863273],[14.031304,46.848257],[14.050088,46.850601],[14.073832,46.844967],[14.085947,46.844247],[14.105799,46.834123],[14.118416,46.843651],[14.12882,46.837753],[14.117551,46.817238],[14.108424,46.811365],[14.135003,46.804032],[14.139541,46.811131],[14.156924,46.807742],[14.166457,46.797375],[14.156598,46.788674],[14.180376,46.77761],[14.195904,46.785936],[14.207236,46.77844],[14.204201,46.762885],[14.186456,46.759943],[14.188571,46.749646],[14.202577,46.750242],[14.204411,46.737076],[14.226015,46.740356],[14.251112,46.741078],[14.259271,46.73677],[14.260459,46.729404],[14.249711,46.726135],[14.249749,46.720354],[14.23778,46.712702],[14.234174,46.700437],[14.222353,46.698696],[14.195709,46.702564],[14.185957,46.700541],[14.172147,46.684888],[14.159921,46.677308],[14.142658,46.686858],[14.128802,46.675344],[14.096961,46.672754],[14.089566,46.676418],[14.051468,46.661278],[14.048159,46.664219],[14.012597,46.665567],[13.982735,46.655638],[13.966919,46.653501],[13.948333,46.657695],[13.955693,46.675549],[13.937808,46.687642],[13.925173,46.687929],[13.919595,46.695437],[13.953139,46.710001],[13.959477,46.71581],[13.95527,46.734851],[13.946746,46.735961],[13.947863,46.746463],[13.940436,46.755985],[13.924689,46.757415],[13.923644,46.763364],[13.911557,46.769382],[13.903868,46.765535],[13.878883,46.761293],[13.856696,46.780376],[13.831718,46.778154],[13.817335,46.787126],[13.773749,46.793897],[13.76133,46.787266],[13.751696,46.789765],[13.728123,46.786546],[13.684624,46.792709],[13.663969,46.781938],[13.650937,46.767271],[13.620291,46.775679],[13.606247,46.767499],[13.6166,46.758741],[13.604557,46.750867],[13.59401,46.749366],[13.58772,46.743475],[13.567362,46.751977],[13.542569,46.755778],[13.508869,46.745816],[13.493896,46.754258],[13.460969,46.757647],[13.455049,46.76916],[13.444649,46.765429],[13.430065,46.749277],[13.436349,46.736861],[13.423372,46.729251],[13.440488,46.713486],[13.44015,46.704832],[13.431698,46.70294],[13.410838,46.705185],[13.409166,46.698215],[13.418721,46.695795],[13.41851,46.685619],[13.433029,46.676464],[13.432956,46.657486],[13.465262,46.656284],[13.466784,46.663526],[13.478398,46.667729],[13.510409,46.65429],[13.526096,46.653367],[13.540666,46.655834],[13.576154,46.652788],[13.573183,46.642107],[13.543754,46.62259],[13.549263,46.612097],[13.563715,46.601735],[13.562823,46.595805],[13.548265,46.5781],[13.523858,46.569486],[13.504249,46.566304],[13.472923,46.557445],[13.454169,46.559243],[13.444573,46.556691],[13.40803,46.561966],[13.406877,46.571408],[13.372423,46.578594],[13.362893,46.570065],[13.343809,46.56913],[13.318743,46.552411],[13.2955,46.560401],[13.285125,46.55762],[13.27165,46.560928],[13.261263,46.557723],[13.250898,46.559553],[13.232567,46.55362],[13.231702,46.559553],[13.217403,46.569888],[13.194842,46.57202],[13.180053,46.577823],[13.168601,46.588899],[13.13919,46.590218],[13.10377,46.595113],[13.087607,46.601258],[13.047279,46.595689],[13.032034,46.596318],[13.021839,46.601518],[12.987308,46.599654],[12.95743,46.605915],[12.947811,46.602852],[12.929447,46.610223],[12.888081,46.60664],[12.8664,46.609356],[12.853427,46.604914],[12.833574,46.611188],[12.835917,46.627378],[12.819827,46.628656],[12.799507,46.636042],[12.794375,46.642295],[12.778383,46.64618],[12.755963,46.646934],[12.744086,46.637747],[12.731393,46.634288],[12.715312,46.648857],[12.700627,46.651334],[12.690635,46.656972],[12.688657,46.673552],[12.685005,46.680172],[12.692346,46.691896],[12.692473,46.701423],[12.718932,46.704062],[12.710314,46.714613],[12.712243,46.73524],[12.723112,46.742142],[12.737068,46.741189],[12.758907,46.750001],[12.809925,46.755487],[12.81427,46.749506],[12.842528,46.749838],[12.856959,46.760344],[12.876866,46.76338],[12.899732,46.776027],[12.917883,46.76589],[12.931372,46.764326],[12.944828,46.770211],[12.95219,46.780787],[12.9647,46.786885],[12.963968,46.798642],[12.952677,46.801368],[12.914594,46.820958],[12.895628,46.825808],[12.886222,46.842353],[12.876014,46.844801],[12.84314,46.861669],[12.841529,46.892151],[12.832026,46.901032],[12.837633,46.911116],[12.808116,46.92246],[12.798729,46.923364],[12.78365,46.933581],[12.785368,46.939847],[12.763082,46.949016],[12.758866,46.958583],[12.747143,46.961221],[12.737745,46.980531],[12.724501,46.994819],[12.736468,47.00554],[12.736748,47.012946],[12.745082,47.018302],[12.75678,47.033205],[12.770821,47.041354],[12.762615,47.044498],[12.737272,47.041776],[12.715798,47.044673],[12.710187,47.050266],[12.700504,47.07241],[12.68917,47.078197],[12.672687,47.091074],[12.656083,47.099701],[12.671706,47.109517],[12.672687,47.120848],[12.689645,47.123567],[12.704308,47.122503],[12.71695,47.128928],[12.731221,47.13127],[12.737422,47.101099],[12.756972,47.098514],[12.773575,47.099896],[12.785742,47.093146],[12.806481,47.09771],[12.820463,47.096862],[12.836072,47.084083],[12.859558,47.08149],[12.872297,47.085862],[12.89448,47.081374],[12.920712,47.081138],[12.934543,47.077383],[12.944163,47.059858],[12.955296,47.053878],[12.955618,47.045008],[12.964744,47.039866],[12.986428,47.036157],[13.003961,47.0439],[13.020024,47.041027],[13.022471,47.029513],[13.051841,47.021975],[13.073108,47.013459],[13.08276,47.027335],[13.100862,47.025651],[13.123245,47.026842],[13.135193,47.035155],[13.159358,47.036212],[13.169043,47.041699],[13.186417,47.044109],[13.214265,47.043379],[13.245787,47.049416],[13.24566,47.067215],[13.240376,47.071999],[13.250527,47.087741],[13.276297,47.0952],[13.285883,47.095045],[13.307579,47.086657],[13.332736,47.095278],[13.354584,47.097303]]]]}},{"type":"Feature","properties":{"NUTS_ID":"AT126","LEVL_CODE":3,"CNTR_CODE":"AT","NAME_LATN":"Wiener Umland/Nordteil","NUTS_NAME":"Wiener Umland/Nordteil","MOUNT_TYPE":4,"URBN_TYPE":1,"COAST_TYPE":3,"FID":"AT126"},"geometry":{"type":"MultiPolygon","coordinates":[[[[16.851106,48.438635],[16.862639,48.419849],[16.850638,48.409465],[16.855586,48.39666],[16.850664,48.383496],[16.833793,48.381417],[16.840713,48.371792],[16.839636,48.364908],[16.846645,48.349551],[16.872759,48.348143],[16.872572,48.338019],[16.90743,48.326111],[16.907344,48.321564],[16.895069,48.311912],[16.900724,48.297922],[16.921104,48.273309],[16.94315,48.270642],[16.957182,48.26348],[16.950787,48.254653],[16.946314,48.236722],[16.959383,48.224363],[16.962499,48.213478],[16.97662,48.187101],[16.976203,48.172244],[16.960027,48.170799],[16.948283,48.17538],[16.937609,48.173792],[16.926903,48.164411],[16.927483,48.155984],[16.916866,48.153198],[16.898381,48.140997],[16.888725,48.143244],[16.876971,48.139511],[16.871038,48.146692],[16.856454,48.146986],[16.848557,48.141852],[16.84786,48.124801],[16.81984,48.12106],[16.802577,48.122898],[16.78503,48.1157],[16.768406,48.116729],[16.756721,48.120691],[16.744297,48.130721],[16.724868,48.122817],[16.693325,48.118233],[16.672053,48.117315],[16.667815,48.12199],[16.639312,48.13101],[16.61144,48.135474],[16.590574,48.143746],[16.578036,48.143312],[16.572251,48.161289],[16.552444,48.163156],[16.548815,48.176418],[16.536689,48.177861],[16.539503,48.193568],[16.53675,48.201419],[16.545641,48.215263],[16.551967,48.238797],[16.541876,48.244788],[16.546824,48.26308],[16.530365,48.262576],[16.51387,48.268052],[16.507985,48.274534],[16.514538,48.285484],[16.502065,48.290359],[16.481711,48.293704],[16.48341,48.279233],[16.477049,48.274059],[16.441185,48.291669],[16.43767,48.3157],[16.417082,48.32185],[16.400067,48.317679],[16.394428,48.321741],[16.380465,48.314843],[16.384554,48.301689],[16.376563,48.296403],[16.376982,48.288978],[16.367813,48.283896],[16.346821,48.284372],[16.31954,48.278659],[16.306833,48.273064],[16.29001,48.27082],[16.289566,48.2628],[16.265437,48.255115],[16.268171,48.250925],[16.255522,48.239927],[16.239347,48.240519],[16.238599,48.247874],[16.208525,48.262583],[16.196435,48.245494],[16.196352,48.220865],[16.206445,48.209905],[16.207527,48.201602],[16.202378,48.189042],[16.185773,48.172397],[16.155829,48.170108],[16.156923,48.162209],[16.148342,48.155165],[16.12863,48.14684],[16.114352,48.132047],[16.098839,48.140332],[16.084983,48.138076],[16.080032,48.129914],[16.056039,48.132193],[16.049462,48.138156],[16.030117,48.14095],[16.006988,48.138912],[15.992915,48.146061],[15.987304,48.157165],[15.993939,48.169053],[16.009022,48.174528],[16.012404,48.181617],[15.99459,48.182989],[15.990321,48.186744],[15.990048,48.200668],[16.002798,48.203474],[15.987093,48.221467],[15.976186,48.225052],[15.979075,48.23335],[15.970712,48.238584],[15.950697,48.239818],[15.960804,48.248161],[15.956721,48.259235],[15.949482,48.261888],[15.93686,48.256324],[15.911186,48.264528],[15.887937,48.257533],[15.893299,48.248272],[15.884513,48.241134],[15.884856,48.232171],[15.861585,48.229901],[15.841587,48.230758],[15.846438,48.245396],[15.839713,48.251112],[15.81905,48.252912],[15.835277,48.26549],[15.834561,48.271727],[15.845417,48.277899],[15.835499,48.28739],[15.815544,48.289842],[15.824618,48.301602],[15.793895,48.30057],[15.786409,48.311693],[15.76836,48.315082],[15.770669,48.325633],[15.784015,48.335813],[15.808648,48.330799],[15.823137,48.335597],[15.82465,48.346139],[15.807959,48.349097],[15.815661,48.357511],[15.832342,48.356324],[15.840041,48.363197],[15.834736,48.368641],[15.801942,48.355658],[15.795354,48.367818],[15.784138,48.367342],[15.766773,48.384309],[15.756016,48.387979],[15.746612,48.384208],[15.731767,48.383671],[15.718553,48.392323],[15.731307,48.397693],[15.746798,48.398588],[15.750455,48.409851],[15.759004,48.41398],[15.765055,48.422879],[15.764805,48.43629],[15.771487,48.446465],[15.774321,48.459347],[15.78444,48.475569],[15.783352,48.485303],[15.802465,48.486366],[15.813333,48.496321],[15.84036,48.490874],[15.85269,48.484218],[15.85807,48.494678],[15.871599,48.493535],[15.88922,48.49585],[15.904538,48.494217],[15.910571,48.478307],[15.929657,48.478862],[15.941687,48.484941],[15.962703,48.49105],[15.974153,48.489636],[15.988782,48.499254],[15.999613,48.494967],[16.014356,48.496728],[16.034641,48.488621],[16.070462,48.492898],[16.068278,48.474341],[16.077408,48.469052],[16.096562,48.4651],[16.103924,48.474207],[16.120529,48.465034],[16.131874,48.463411],[16.148296,48.469462],[16.152589,48.47768],[16.169478,48.472788],[16.184948,48.497074],[16.18998,48.512741],[16.181921,48.521717],[16.191656,48.541211],[16.216758,48.546006],[16.221636,48.562931],[16.232865,48.570123],[16.243437,48.568742],[16.265017,48.571476],[16.28258,48.554724],[16.289346,48.56697],[16.30594,48.567711],[16.314896,48.586814],[16.3219,48.587514],[16.341769,48.57872],[16.339998,48.597403],[16.354786,48.598213],[16.365086,48.592193],[16.368732,48.580405],[16.381166,48.57477],[16.395188,48.574699],[16.38859,48.565743],[16.366174,48.550121],[16.381219,48.542548],[16.402441,48.538952],[16.405447,48.531251],[16.398519,48.514932],[16.410422,48.509302],[16.427126,48.513973],[16.442201,48.513555],[16.451687,48.504242],[16.463187,48.501289],[16.47067,48.5056],[16.482697,48.496531],[16.495736,48.501257],[16.509945,48.491408],[16.525197,48.491039],[16.527369,48.476264],[16.574032,48.470825],[16.593815,48.470753],[16.606588,48.465051],[16.613612,48.474184],[16.637478,48.465002],[16.655778,48.48071],[16.671933,48.469103],[16.727945,48.466652],[16.739288,48.482959],[16.761751,48.473315],[16.765695,48.479834],[16.779686,48.485244],[16.793074,48.508744],[16.810952,48.496984],[16.807725,48.481205],[16.809413,48.462681],[16.815843,48.456454],[16.834624,48.453564],[16.836173,48.439764],[16.851106,48.438635]]]]}},{"type":"Feature","properties":{"NUTS_ID":"DE24D","LEVL_CODE":3,"CNTR_CODE":"DE","NAME_LATN":"Wunsiedel i. Fichtelgebirge","NUTS_NAME":"Wunsiedel i. Fichtelgebirge","MOUNT_TYPE":4,"URBN_TYPE":3,"COAST_TYPE":3,"FID":"DE24D"},"geometry":{"type":"MultiPolygon","coordinates":[[[[12.160679,50.219849],[12.159608,50.212704],[12.174496,50.211976],[12.184184,50.200274],[12.201001,50.187789],[12.208541,50.171509],[12.215127,50.166447],[12.201661,50.152827],[12.203607,50.145835],[12.195154,50.141758],[12.201574,50.108889],[12.209945,50.102751],[12.228261,50.101466],[12.2336,50.094148],[12.246859,50.096661],[12.266348,50.078952],[12.274285,50.076182],[12.261489,50.064824],[12.260799,50.058156],[12.257497,50.04953],[12.240786,50.035968],[12.198446,50.032421],[12.199816,50.010519],[12.189681,50.000376],[12.172278,49.997859],[12.126855,49.987881],[12.095403,49.97729],[12.078349,49.985036],[12.071302,49.994841],[12.04841,49.980391],[12.032986,49.989071],[12.025833,49.983277],[11.968646,49.979326],[11.91361,49.971392],[11.903691,49.97902],[11.898182,49.998389],[11.874824,50.017083],[11.858933,50.023079],[11.860467,50.029833],[11.87384,50.032434],[11.866836,50.041741],[11.848808,50.046677],[11.835457,50.054793],[11.833727,50.065381],[11.797613,50.076557],[11.80382,50.084857],[11.815321,50.084962],[11.807469,50.098112],[11.789114,50.103248],[11.800962,50.106502],[11.812215,50.104344],[11.824755,50.108977],[11.836545,50.117663],[11.848201,50.119694],[11.885221,50.145417],[11.936249,50.173507],[11.942189,50.188247],[11.934848,50.198708],[11.955766,50.196235],[11.964044,50.20213],[11.975995,50.189245],[11.988121,50.184451],[11.989238,50.171584],[11.999293,50.170473],[12.014136,50.178483],[12.031237,50.184041],[12.02623,50.191058],[12.04321,50.193962],[12.044309,50.201452],[12.055325,50.214636],[12.077371,50.221336],[12.084559,50.227029],[12.093299,50.218789],[12.131711,50.212885],[12.150217,50.215458],[12.160679,50.219849]]]]}},{"type":"Feature","properties":{"NUTS_ID":"DE251","LEVL_CODE":3,"CNTR_CODE":"DE","NAME_LATN":"Ansbach, Kreisfreie Stadt","NUTS_NAME":"Ansbach, Kreisfreie Stadt","MOUNT_TYPE":4,"URBN_TYPE":3,"COAST_TYPE":3,"FID":"DE251"},"geometry":{"type":"MultiPolygon","coordinates":[[[[10.57183,49.342121],[10.587133,49.342074],[10.591496,49.333671],[10.604479,49.329485],[10.626783,49.327447],[10.649972,49.322391],[10.656759,49.315041],[10.635662,49.301453],[10.629038,49.288366],[10.61385,49.283323],[10.615402,49.277097],[10.627154,49.264527],[10.64588,49.257324],[10.636101,49.246816],[10.640178,49.234565],[10.608675,49.238207],[10.580472,49.245706],[10.579434,49.250232],[10.561704,49.252478],[10.528681,49.26216],[10.515953,49.257861],[10.502832,49.265888],[10.474996,49.267255],[10.481442,49.274773],[10.465282,49.276376],[10.455888,49.284243],[10.466206,49.292764],[10.498177,49.292481],[10.493361,49.304887],[10.477764,49.31162],[10.474074,49.325128],[10.496966,49.327594],[10.518195,49.324878],[10.52396,49.321297],[10.536772,49.334158],[10.547215,49.339635],[10.569404,49.338931],[10.57183,49.342121]]]]}},{"type":"Feature","properties":{"NUTS_ID":"DE252","LEVL_CODE":3,"CNTR_CODE":"DE","NAME_LATN":"Erlangen, Kreisfreie Stadt","NUTS_NAME":"Erlangen, Kreisfreie Stadt","MOUNT_TYPE":4,"URBN_TYPE":1,"COAST_TYPE":3,"FID":"DE252"},"geometry":{"type":"MultiPolygon","coordinates":[[[[10.987928,49.536785],[10.975439,49.540584],[10.968461,49.533392],[10.934024,49.534468],[10.932828,49.538251],[10.936784,49.561433],[10.92217,49.561587],[10.917353,49.569247],[10.925405,49.578606],[10.925107,49.605924],[10.921006,49.617081],[10.919403,49.634542],[10.928509,49.645585],[10.944842,49.635915],[10.957853,49.632728],[10.958966,49.625952],[10.970354,49.622503],[10.979201,49.614782],[10.995137,49.617503],[11.015771,49.611532],[11.021595,49.616055],[11.049117,49.607514],[11.04818,49.59834],[11.036178,49.587888],[11.03448,49.578354],[11.035367,49.550958],[11.038346,49.543539],[11.030211,49.535371],[10.99272,49.540152],[10.987928,49.536785]]]]}},{"type":"Feature","properties":{"NUTS_ID":"DE253","LEVL_CODE":3,"CNTR_CODE":"DE","NAME_LATN":"Fürth, Kreisfreie Stadt","NUTS_NAME":"Fürth, Kreisfreie Stadt","MOUNT_TYPE":4,"URBN_TYPE":1,"COAST_TYPE":3,"FID":"DE253"},"geometry":{"type":"MultiPolygon","coordinates":[[[[10.934024,49.534468],[10.968461,49.533392],[10.975439,49.540584],[10.987928,49.536785],[10.995599,49.526297],[11.003258,49.522542],[11.000601,49.512915],[11.011736,49.508394],[11.027443,49.508422],[11.02312,49.498238],[11.01506,49.494309],[11.025948,49.480611],[11.025153,49.472784],[11.011051,49.46567],[11.007205,49.453705],[10.99577,49.449638],[10.998519,49.442737],[10.990453,49.43654],[10.980454,49.452513],[10.963944,49.457758],[10.93499,49.459077],[10.90723,49.467187],[10.900395,49.496447],[10.908233,49.506251],[10.933256,49.507948],[10.931195,49.527702],[10.934024,49.534468]]]]}},{"type":"Feature","properties":{"NUTS_ID":"DE22A","LEVL_CODE":3,"CNTR_CODE":"DE","NAME_LATN":"Rottal-Inn","NUTS_NAME":"Rottal-Inn","MOUNT_TYPE":4,"URBN_TYPE":3,"COAST_TYPE":3,"FID":"DE22A"},"geometry":{"type":"MultiPolygon","coordinates":[[[[12.967381,48.611265],[12.985809,48.6093],[12.994285,48.600613],[12.984014,48.586406],[12.994264,48.580063],[13.012787,48.583041],[13.022739,48.559657],[13.000247,48.546366],[13.000602,48.533882],[13.016189,48.534652],[13.025626,48.543462],[13.045457,48.550169],[13.073318,48.554067],[13.077833,48.547692],[13.096662,48.547154],[13.100555,48.540277],[13.095084,48.526791],[13.094216,48.508353],[13.085388,48.48899],[13.115648,48.48726],[13.114523,48.476272],[13.118365,48.448157],[13.15145,48.434637],[13.159328,48.426579],[13.170525,48.425716],[13.168902,48.410661],[13.156666,48.412423],[13.146482,48.397726],[13.123698,48.396466],[13.09641,48.387752],[13.08166,48.370699],[13.090633,48.36515],[13.092253,48.354293],[13.110241,48.342211],[13.122448,48.347046],[13.141873,48.339365],[13.152396,48.338524],[13.151853,48.324737],[13.173036,48.310864],[13.177043,48.29439],[13.142626,48.282891],[13.122497,48.277738],[13.081158,48.277256],[13.05289,48.264908],[13.024545,48.258596],[13.01293,48.252874],[12.997442,48.23642],[12.965808,48.214097],[12.944684,48.206692],[12.924859,48.212089],[12.891852,48.236502],[12.901993,48.249185],[12.894982,48.265736],[12.877271,48.26532],[12.855837,48.280005],[12.855564,48.285981],[12.844886,48.294378],[12.82371,48.30163],[12.822942,48.315325],[12.810216,48.313171],[12.805639,48.321235],[12.779044,48.327687],[12.769487,48.32223],[12.761442,48.325112],[12.746755,48.321265],[12.733278,48.321745],[12.715909,48.330605],[12.70222,48.331026],[12.690382,48.344286],[12.673874,48.340891],[12.662586,48.334154],[12.643296,48.339097],[12.638201,48.346721],[12.613198,48.347031],[12.607291,48.353632],[12.600177,48.371916],[12.5938,48.374056],[12.591122,48.386157],[12.579932,48.386831],[12.565925,48.397565],[12.56611,48.403656],[12.543094,48.40032],[12.535657,48.415551],[12.521812,48.416495],[12.515775,48.423469],[12.483791,48.429675],[12.477879,48.4476],[12.479979,48.456035],[12.470559,48.486381],[12.484618,48.492701],[12.505142,48.497524],[12.508154,48.502975],[12.518433,48.498257],[12.514986,48.490778],[12.523415,48.481024],[12.555215,48.482603],[12.556137,48.492897],[12.562011,48.501001],[12.550585,48.51563],[12.555505,48.523963],[12.566369,48.51726],[12.582063,48.516648],[12.583825,48.522164],[12.608676,48.518402],[12.627728,48.510479],[12.633269,48.498484],[12.623467,48.495023],[12.624767,48.482967],[12.658381,48.495413],[12.669886,48.502133],[12.673862,48.509123],[12.693745,48.5096],[12.69175,48.522541],[12.709239,48.519693],[12.719606,48.522997],[12.714301,48.533438],[12.717925,48.54673],[12.732664,48.540583],[12.749034,48.541241],[12.757894,48.536832],[12.777412,48.544215],[12.761031,48.558142],[12.772804,48.590271],[12.785439,48.59902],[12.817384,48.602118],[12.826139,48.593117],[12.844157,48.593018],[12.841386,48.602516],[12.873881,48.605388],[12.87869,48.602992],[12.907591,48.60746],[12.91009,48.61682],[12.928565,48.613983],[12.939,48.606523],[12.967381,48.611265]]]]}},{"type":"Feature","properties":{"NUTS_ID":"DE235","LEVL_CODE":3,"CNTR_CODE":"DE","NAME_LATN":"Cham","NUTS_NAME":"Cham","MOUNT_TYPE":4,"URBN_TYPE":3,"COAST_TYPE":3,"FID":"DE235"},"geometry":{"type":"MultiPolygon","coordinates":[[[[12.633763,49.476195],[12.649058,49.467084],[12.657236,49.451695],[12.655894,49.434547],[12.679172,49.426458],[12.708057,49.424423],[12.715517,49.414133],[12.732572,49.409816],[12.757288,49.394428],[12.760671,49.383042],[12.758661,49.374882],[12.767414,49.366168],[12.780644,49.360622],[12.778915,49.34921],[12.802076,49.341841],[12.834705,49.340822],[12.845149,49.34475],[12.853336,49.338733],[12.876348,49.332832],[12.888178,49.334189],[12.881176,49.350189],[12.902496,49.349338],[12.919902,49.34344],[12.945811,49.343638],[12.97072,49.33454],[13.002594,49.312944],[13.007572,49.305997],[13.028642,49.303773],[13.029009,49.28476],[13.026254,49.278169],[13.033699,49.264844],[13.054861,49.263758],[13.060007,49.251031],[13.080728,49.247425],[13.087617,49.238447],[13.087203,49.228798],[13.113728,49.21789],[13.109971,49.203179],[13.129704,49.196309],[13.162017,49.174963],[13.170908,49.173579],[13.160224,49.158771],[13.163945,49.146971],[13.158476,49.140271],[13.142712,49.135081],[13.134969,49.126988],[13.133487,49.111751],[13.109593,49.113681],[13.099487,49.11987],[13.069076,49.129568],[13.064213,49.146936],[13.04505,49.154998],[13.005421,49.160898],[12.990941,49.158202],[12.975097,49.161724],[12.959665,49.152915],[12.944829,49.140406],[12.916874,49.148102],[12.915428,49.139114],[12.924209,49.133522],[12.894921,49.127527],[12.879506,49.136845],[12.863517,49.129492],[12.840122,49.135149],[12.82831,49.125106],[12.818381,49.128745],[12.794871,49.122493],[12.785889,49.134228],[12.778398,49.127373],[12.766458,49.12517],[12.768203,49.114761],[12.754867,49.111523],[12.740605,49.112061],[12.735959,49.119458],[12.704302,49.10708],[12.68573,49.101421],[12.652705,49.109649],[12.648785,49.100652],[12.623641,49.104678],[12.615061,49.098668],[12.589127,49.099114],[12.586485,49.093946],[12.566464,49.088756],[12.555652,49.089143],[12.533137,49.075395],[12.533287,49.066807],[12.526089,49.057787],[12.51462,49.05681],[12.504906,49.061109],[12.495541,49.055953],[12.484582,49.044283],[12.474269,49.040666],[12.479026,49.031986],[12.448241,49.035732],[12.447177,49.041766],[12.427366,49.046726],[12.423032,49.053614],[12.437329,49.05917],[12.425647,49.06855],[12.425313,49.092667],[12.396993,49.101793],[12.388044,49.095079],[12.369621,49.088038],[12.343071,49.090617],[12.329013,49.087948],[12.322901,49.096971],[12.344644,49.10462],[12.335693,49.113662],[12.324005,49.111366],[12.314411,49.119251],[12.311559,49.126888],[12.323439,49.133462],[12.312484,49.143971],[12.311049,49.152472],[12.32025,49.161117],[12.328741,49.177511],[12.325521,49.186705],[12.334087,49.189276],[12.338832,49.200505],[12.348674,49.20461],[12.351929,49.21787],[12.363107,49.217698],[12.359913,49.22874],[12.385533,49.228461],[12.394083,49.239281],[12.375018,49.239507],[12.372198,49.253458],[12.383743,49.263685],[12.400061,49.261456],[12.421394,49.263147],[12.422544,49.274322],[12.436871,49.27634],[12.458222,49.271155],[12.477002,49.271213],[12.487252,49.286682],[12.479881,49.295441],[12.49693,49.302727],[12.510248,49.315861],[12.482934,49.319396],[12.488768,49.331181],[12.481749,49.341728],[12.481682,49.359501],[12.49328,49.366799],[12.501821,49.378283],[12.490215,49.386233],[12.486311,49.393947],[12.500302,49.407952],[12.512772,49.405583],[12.527818,49.411117],[12.535651,49.409772],[12.554894,49.418989],[12.543291,49.430829],[12.541267,49.439621],[12.527572,49.447327],[12.5403,49.453095],[12.545855,49.460817],[12.589825,49.466872],[12.591948,49.477132],[12.609445,49.476707],[12.614846,49.48816],[12.63283,49.488627],[12.633763,49.476195]]]]}},{"type":"Feature","properties":{"NUTS_ID":"DE22B","LEVL_CODE":3,"CNTR_CODE":"DE","NAME_LATN":"Straubing-Bogen","NUTS_NAME":"Straubing-Bogen","MOUNT_TYPE":4,"URBN_TYPE":3,"COAST_TYPE":3,"FID":"DE22B"},"geometry":{"type":"MultiPolygon","coordinates":[[[[12.768203,49.114761],[12.776133,49.111486],[12.776662,49.103447],[12.786874,49.09592],[12.796164,49.080049],[12.798368,49.061287],[12.806119,49.056492],[12.810809,49.046663],[12.809106,49.039167],[12.823073,49.031859],[12.822348,49.024676],[12.837733,49.009722],[12.844421,49.01086],[12.857987,48.998816],[12.872816,48.989492],[12.880497,48.9765],[12.877735,48.967821],[12.891427,48.954471],[12.882756,48.948816],[12.864492,48.943511],[12.867686,48.937663],[12.861444,48.928512],[12.864328,48.918366],[12.874965,48.911229],[12.861016,48.898005],[12.845195,48.897208],[12.837096,48.888755],[12.847965,48.873137],[12.838573,48.86703],[12.847384,48.856437],[12.848789,48.839722],[12.835438,48.82891],[12.820227,48.823621],[12.803648,48.823087],[12.780344,48.830122],[12.766834,48.831166],[12.749636,48.818564],[12.768906,48.80519],[12.764001,48.797912],[12.751953,48.798824],[12.732722,48.790005],[12.724566,48.778156],[12.703646,48.768342],[12.699937,48.759619],[12.687627,48.758312],[12.674524,48.750474],[12.659618,48.757591],[12.650529,48.742598],[12.628876,48.742736],[12.62906,48.733905],[12.599778,48.736014],[12.595958,48.724501],[12.555721,48.729822],[12.539451,48.72625],[12.525975,48.748929],[12.513533,48.758552],[12.470246,48.761223],[12.469535,48.755425],[12.452968,48.757222],[12.450532,48.746266],[12.431198,48.766752],[12.399126,48.758182],[12.395079,48.750977],[12.379092,48.74795],[12.390095,48.735275],[12.377554,48.732219],[12.364245,48.737785],[12.348088,48.730883],[12.344604,48.725693],[12.329386,48.721435],[12.307884,48.725465],[12.300551,48.746335],[12.286591,48.744494],[12.270889,48.736104],[12.269459,48.726363],[12.258514,48.721947],[12.249112,48.727859],[12.228696,48.726429],[12.221687,48.736188],[12.201165,48.74129],[12.197609,48.751016],[12.1847,48.745879],[12.168288,48.750336],[12.16351,48.75992],[12.135276,48.765912],[12.12897,48.772005],[12.131185,48.779243],[12.164137,48.788884],[12.171978,48.798301],[12.190479,48.794125],[12.195725,48.805169],[12.233163,48.811153],[12.226988,48.817053],[12.23351,48.826632],[12.256739,48.836663],[12.254836,48.8502],[12.259287,48.856686],[12.295496,48.8446],[12.30148,48.854679],[12.322059,48.862457],[12.335679,48.855118],[12.343591,48.859137],[12.361854,48.847169],[12.383181,48.850103],[12.388044,48.856816],[12.417997,48.874736],[12.431317,48.87832],[12.424749,48.886752],[12.427466,48.898456],[12.435501,48.903513],[12.443332,48.915724],[12.45744,48.920215],[12.447369,48.925949],[12.441216,48.953428],[12.45261,48.963649],[12.437945,48.971973],[12.44293,48.981964],[12.452613,48.982374],[12.476824,48.975193],[12.487017,48.979283],[12.484119,49.00114],[12.490588,49.017517],[12.480316,49.025359],[12.479026,49.031986],[12.474269,49.040666],[12.484582,49.044283],[12.495541,49.055953],[12.504906,49.061109],[12.51462,49.05681],[12.526089,49.057787],[12.533287,49.066807],[12.533137,49.075395],[12.555652,49.089143],[12.566464,49.088756],[12.586485,49.093946],[12.589127,49.099114],[12.615061,49.098668],[12.623641,49.104678],[12.648785,49.100652],[12.652705,49.109649],[12.68573,49.101421],[12.704302,49.10708],[12.735959,49.119458],[12.740605,49.112061],[12.754867,49.111523],[12.768203,49.114761]],[[12.531258,48.847382],[12.540963,48.842225],[12.554044,48.84937],[12.566467,48.844638],[12.573869,48.851195],[12.597785,48.852542],[12.605057,48.860246],[12.617169,48.86064],[12.623417,48.867981],[12.634164,48.871485],[12.646964,48.864269],[12.658681,48.878861],[12.658174,48.897333],[12.664375,48.904479],[12.641145,48.904129],[12.629307,48.907331],[12.619786,48.897875],[12.602955,48.901454],[12.590712,48.900918],[12.587633,48.908773],[12.56988,48.917985],[12.553939,48.918894],[12.543934,48.923558],[12.534102,48.921612],[12.524048,48.910471],[12.526117,48.900341],[12.516277,48.890831],[12.526107,48.886131],[12.523227,48.8791],[12.506627,48.87307],[12.480275,48.870402],[12.480593,48.864521],[12.49025,48.855734],[12.510028,48.852984],[12.531258,48.847382]]]]}},{"type":"Feature","properties":{"NUTS_ID":"DE21K","LEVL_CODE":3,"CNTR_CODE":"DE","NAME_LATN":"Rosenheim, Landkreis","NUTS_NAME":"Rosenheim, Landkreis","MOUNT_TYPE":4,"URBN_TYPE":2,"COAST_TYPE":3,"FID":"DE21K"},"geometry":{"type":"MultiPolygon","coordinates":[[[[12.387556,48.11738],[12.381411,48.104732],[12.354628,48.102765],[12.34951,48.092915],[12.336432,48.088772],[12.339205,48.071139],[12.326039,48.067193],[12.327465,48.057431],[12.34174,48.054299],[12.357394,48.040424],[12.349827,48.027474],[12.338288,48.023284],[12.333987,48.01017],[12.340375,48.004839],[12.33594,47.98158],[12.32767,47.977288],[12.33298,47.969898],[12.346306,47.96612],[12.351244,47.959205],[12.361239,47.960126],[12.372854,47.953905],[12.383355,47.953931],[12.392072,47.943121],[12.400691,47.943422],[12.414909,47.955106],[12.42678,47.94617],[12.440507,47.946522],[12.423289,47.933779],[12.444032,47.9221],[12.433491,47.907447],[12.430341,47.89462],[12.414705,47.879067],[12.405309,47.875109],[12.393668,47.881367],[12.375492,47.886888],[12.378703,47.872687],[12.36387,47.869928],[12.367911,47.86375],[12.375065,47.834686],[12.382419,47.83185],[12.394078,47.835025],[12.42773,47.83498],[12.435228,47.827889],[12.432891,47.815419],[12.41327,47.814968],[12.411138,47.81959],[12.39622,47.819523],[12.389811,47.813336],[12.398849,47.796852],[12.383816,47.788089],[12.378533,47.781402],[12.381358,47.763864],[12.37555,47.754052],[12.348453,47.744674],[12.339585,47.734318],[12.339254,47.725101],[12.333451,47.720363],[12.33258,47.703394],[12.338046,47.697087],[12.28387,47.689742],[12.264424,47.679017],[12.257178,47.6791],[12.241663,47.695342],[12.246258,47.709465],[12.264275,47.731928],[12.257072,47.742839],[12.248175,47.740073],[12.226645,47.718291],[12.183236,47.700726],[12.162598,47.70113],[12.171031,47.677482],[12.182446,47.667262],[12.186844,47.657331],[12.198413,47.642141],[12.207723,47.614573],[12.201099,47.606301],[12.184782,47.604172],[12.17804,47.614141],[12.163561,47.613275],[12.138224,47.60556],[12.112989,47.611534],[12.083413,47.609885],[12.060662,47.618743],[12.059867,47.63136],[12.041013,47.636596],[12.031518,47.643637],[12.030869,47.652216],[12.036446,47.66025],[12.05233,47.673212],[12.039387,47.675303],[12.022877,47.69077],[12.025365,47.700918],[12.011981,47.70346],[12.010707,47.71061],[12.020094,47.722499],[12.011973,47.72761],[12.020069,47.739663],[12.001893,47.740608],[11.992587,47.746638],[11.989636,47.775897],[11.981768,47.779977],[11.94601,47.786393],[11.95825,47.792158],[11.940504,47.799771],[11.928142,47.801316],[11.917126,47.810867],[11.925964,47.816525],[11.952053,47.823111],[11.95299,47.828388],[11.94665,47.845906],[11.931688,47.852577],[11.925927,47.848682],[11.913104,47.856062],[11.901852,47.851916],[11.888038,47.863758],[11.870019,47.859535],[11.838869,47.879387],[11.830855,47.889115],[11.813431,47.899283],[11.801842,47.920816],[11.806467,47.925747],[11.825584,47.924474],[11.830508,47.938076],[11.838426,47.939384],[11.847953,47.948253],[11.858139,47.948878],[11.863007,47.954909],[11.881934,47.954153],[11.898804,47.942305],[11.925311,47.931581],[11.929423,47.939144],[11.945975,47.943463],[11.937321,47.951241],[11.936317,47.962619],[11.927247,47.982954],[11.939401,47.992531],[11.952097,47.984764],[11.968511,47.982884],[11.977761,47.972922],[11.987298,47.970752],[12.001264,47.956352],[12.005464,47.961656],[12.020357,47.961295],[12.027145,47.971218],[12.060552,47.970609],[12.072079,47.976107],[12.072378,47.987976],[12.089411,47.988949],[12.095436,47.998113],[12.098399,48.011469],[12.087514,48.013191],[12.08702,48.021486],[12.07465,48.024628],[12.080484,48.032632],[12.075759,48.055205],[12.074054,48.081348],[12.063215,48.098236],[12.080957,48.099366],[12.074613,48.111454],[12.086306,48.11713],[12.085656,48.122344],[12.098368,48.125155],[12.113463,48.123731],[12.127098,48.131232],[12.133883,48.130527],[12.144847,48.111454],[12.136281,48.098495],[12.15081,48.087844],[12.164221,48.083515],[12.181886,48.093183],[12.17866,48.104688],[12.18982,48.106588],[12.193329,48.117729],[12.20816,48.127787],[12.209099,48.143177],[12.242568,48.127222],[12.250868,48.135192],[12.270337,48.11467],[12.283713,48.11589],[12.288881,48.106174],[12.306061,48.109403],[12.327307,48.105603],[12.342462,48.113936],[12.350951,48.125752],[12.36922,48.127732],[12.379048,48.117986],[12.387556,48.11738]],[[12.138233,47.88675],[12.129085,47.882591],[12.119588,47.885313],[12.103204,47.884726],[12.098495,47.872076],[12.084199,47.867634],[12.07698,47.861182],[12.08137,47.849429],[12.073958,47.832536],[12.059067,47.827724],[12.054313,47.81771],[12.10665,47.810721],[12.115681,47.816979],[12.128776,47.813885],[12.144669,47.828356],[12.151501,47.839405],[12.150597,47.84706],[12.134429,47.863086],[12.133684,47.873068],[12.138233,47.88675]]],[[[12.409681,47.856433],[12.390415,47.85381],[12.385109,47.862724],[12.390996,47.871464],[12.412505,47.859705],[12.409681,47.856433]]]]}},{"type":"Feature","properties":{"NUTS_ID":"DE21L","LEVL_CODE":3,"CNTR_CODE":"DE","NAME_LATN":"Starnberg","NUTS_NAME":"Starnberg","MOUNT_TYPE":4,"URBN_TYPE":2,"COAST_TYPE":3,"FID":"DE21L"},"geometry":{"type":"MultiPolygon","coordinates":[[[[11.384868,48.111454],[11.419886,48.101706],[11.423311,48.095673],[11.403349,48.073063],[11.413815,48.067253],[11.41893,48.053382],[11.41689,48.032061],[11.428193,48.028699],[11.42777,48.019743],[11.434069,48.012602],[11.42527,48.008813],[11.421097,48.000935],[11.40477,47.99564],[11.406365,47.990055],[11.420404,47.985147],[11.428582,47.978543],[11.398305,47.940522],[11.40471,47.931462],[11.393948,47.92017],[11.381495,47.921445],[11.37021,47.930206],[11.343758,47.9268],[11.334017,47.933598],[11.330634,47.919513],[11.333774,47.906499],[11.332408,47.871817],[11.338041,47.838466],[11.336432,47.826077],[11.329171,47.821091],[11.313768,47.821588],[11.290317,47.833769],[11.29344,47.850854],[11.301329,47.861174],[11.28981,47.872898],[11.284954,47.886352],[11.26024,47.875767],[11.25191,47.882552],[11.220773,47.880943],[11.210611,47.887176],[11.188645,47.88398],[11.186172,47.888426],[11.19224,47.902],[11.206358,47.910889],[11.231469,47.918938],[11.214418,47.934026],[11.207935,47.93114],[11.19329,47.933973],[11.181025,47.94889],[11.166784,47.953446],[11.149588,47.953412],[11.150027,47.973565],[11.169545,47.992705],[11.164867,48.003244],[11.152212,48.000294],[11.141727,48.00608],[11.135885,48.015137],[11.129254,48.044778],[11.138056,48.065373],[11.134426,48.081255],[11.136972,48.097617],[11.143234,48.108976],[11.160908,48.108527],[11.168492,48.101756],[11.178791,48.103478],[11.192139,48.098443],[11.198707,48.112314],[11.234396,48.129106],[11.251536,48.13502],[11.273431,48.135544],[11.301476,48.126773],[11.31675,48.114964],[11.335177,48.111454],[11.348487,48.105836],[11.369328,48.114537],[11.384868,48.111454]]]]}},{"type":"Feature","properties":{"NUTS_ID":"DE21M","LEVL_CODE":3,"CNTR_CODE":"DE","NAME_LATN":"Traunstein","NUTS_NAME":"Traunstein","MOUNT_TYPE":4,"URBN_TYPE":3,"COAST_TYPE":3,"FID":"DE21M"},"geometry":{"type":"MultiPolygon","coordinates":[[[[12.566205,48.158885],[12.543056,48.139065],[12.548849,48.125491],[12.564991,48.123899],[12.573225,48.106445],[12.566042,48.098673],[12.5804,48.077155],[12.583893,48.067662],[12.596189,48.067966],[12.616325,48.06417],[12.613658,48.05689],[12.616402,48.045041],[12.632796,48.048982],[12.651277,48.049176],[12.681648,48.045992],[12.682374,48.054221],[12.709243,48.068499],[12.706297,48.072462],[12.701327,48.104613],[12.715551,48.110144],[12.724189,48.102103],[12.742608,48.112354],[12.751555,48.11281],[12.749311,48.108373],[12.755235,48.081903],[12.762581,48.072334],[12.807779,48.043355],[12.833994,48.028063],[12.85354,48.012459],[12.860182,47.99664],[12.869736,47.968938],[12.875785,47.962609],[12.878874,47.957306],[12.874418,47.937058],[12.8606,47.938844],[12.851856,47.923486],[12.850033,47.91133],[12.853788,47.903198],[12.862734,47.897176],[12.871944,47.898325],[12.88438,47.889658],[12.876184,47.88448],[12.875799,47.877484],[12.830184,47.887361],[12.820291,47.882397],[12.800493,47.889441],[12.791816,47.886369],[12.771494,47.891523],[12.73839,47.870818],[12.740242,47.858494],[12.728452,47.83982],[12.732812,47.826529],[12.748198,47.805008],[12.763987,47.804324],[12.767352,47.791942],[12.772726,47.788508],[12.789675,47.790096],[12.798032,47.786445],[12.831492,47.783202],[12.836135,47.766157],[12.848619,47.754919],[12.822169,47.753056],[12.797874,47.756428],[12.787144,47.754197],[12.767505,47.737353],[12.760155,47.74003],[12.735531,47.733288],[12.719456,47.734421],[12.71509,47.7264],[12.711988,47.709727],[12.716186,47.697947],[12.702627,47.683831],[12.695796,47.682223],[12.666371,47.680329],[12.650544,47.671503],[12.630108,47.675654],[12.604631,47.673162],[12.583999,47.6491],[12.575026,47.632316],[12.538043,47.636189],[12.511833,47.625534],[12.499624,47.625269],[12.489645,47.637627],[12.466083,47.6491],[12.452326,47.667608],[12.439651,47.675665],[12.44254,47.689133],[12.439155,47.694816],[12.42732,47.695855],[12.365557,47.684122],[12.338046,47.697087],[12.33258,47.703394],[12.333451,47.720363],[12.339254,47.725101],[12.339585,47.734318],[12.348453,47.744674],[12.37555,47.754052],[12.381358,47.763864],[12.378533,47.781402],[12.383816,47.788089],[12.398849,47.796852],[12.389811,47.813336],[12.39622,47.819523],[12.411138,47.81959],[12.41327,47.814968],[12.432891,47.815419],[12.435228,47.827889],[12.42773,47.83498],[12.394078,47.835025],[12.382419,47.83185],[12.375065,47.834686],[12.367911,47.86375],[12.36387,47.869928],[12.378703,47.872687],[12.375492,47.886888],[12.393668,47.881367],[12.405309,47.875109],[12.414705,47.879067],[12.430341,47.89462],[12.433491,47.907447],[12.444032,47.9221],[12.423289,47.933779],[12.440507,47.946522],[12.42678,47.94617],[12.414909,47.955106],[12.400691,47.943422],[12.392072,47.943121],[12.383355,47.953931],[12.372854,47.953905],[12.361239,47.960126],[12.351244,47.959205],[12.346306,47.96612],[12.33298,47.969898],[12.32767,47.977288],[12.33594,47.98158],[12.340375,48.004839],[12.333987,48.01017],[12.338288,48.023284],[12.349827,48.027474],[12.357394,48.040424],[12.34174,48.054299],[12.327465,48.057431],[12.326039,48.067193],[12.339205,48.071139],[12.336432,48.088772],[12.34951,48.092915],[12.354628,48.102765],[12.381411,48.104732],[12.387556,48.11738],[12.398904,48.116942],[12.42402,48.130866],[12.440837,48.1111],[12.458783,48.11603],[12.473582,48.126015],[12.480115,48.135453],[12.488001,48.136625],[12.494487,48.144951],[12.480709,48.14715],[12.492123,48.155074],[12.529585,48.145311],[12.531307,48.152662],[12.5555,48.163897],[12.566205,48.158885]],[[12.409681,47.856433],[12.412505,47.859705],[12.390996,47.871464],[12.385109,47.862724],[12.390415,47.85381],[12.409681,47.856433]]]]}},{"type":"Feature","properties":{"NUTS_ID":"DE236","LEVL_CODE":3,"CNTR_CODE":"DE","NAME_LATN":"Neumarkt i. d. OPf.","NUTS_NAME":"Neumarkt i. d. OPf.","MOUNT_TYPE":4,"URBN_TYPE":3,"COAST_TYPE":3,"FID":"DE236"},"geometry":{"type":"MultiPolygon","coordinates":[[[[11.557755,49.419042],[11.572297,49.414634],[11.574222,49.401743],[11.589836,49.38989],[11.59687,49.388739],[11.613308,49.396539],[11.625793,49.386904],[11.63742,49.382124],[11.639998,49.367402],[11.624343,49.360804],[11.634114,49.352284],[11.630176,49.342522],[11.637047,49.336629],[11.657716,49.333349],[11.663411,49.328575],[11.661768,49.31954],[11.686052,49.322433],[11.687595,49.310918],[11.703092,49.315598],[11.699044,49.324201],[11.709036,49.335537],[11.722123,49.337677],[11.741097,49.324627],[11.740857,49.318049],[11.758197,49.314984],[11.777584,49.30675],[11.791335,49.293772],[11.826916,49.288816],[11.833984,49.284462],[11.858478,49.285122],[11.874616,49.278985],[11.913014,49.267966],[11.927316,49.257224],[11.926143,49.2504],[11.93422,49.221074],[11.940121,49.21479],[11.941831,49.204099],[11.935903,49.19507],[11.935772,49.188278],[11.923117,49.187611],[11.905862,49.173783],[11.891727,49.175217],[11.880771,49.170014],[11.86199,49.169754],[11.85913,49.161397],[11.844093,49.151676],[11.82352,49.160441],[11.811467,49.173729],[11.798104,49.167889],[11.795078,49.155133],[11.787714,49.152247],[11.784819,49.14164],[11.763778,49.131408],[11.762912,49.125119],[11.746823,49.120244],[11.749911,49.105024],[11.734388,49.1002],[11.700845,49.094621],[11.690838,49.077631],[11.676203,49.078355],[11.674937,49.072355],[11.689166,49.057454],[11.674952,49.051053],[11.660692,49.028977],[11.659785,49.016129],[11.644984,49.004921],[11.62747,49.004948],[11.616949,49.008568],[11.613166,48.994962],[11.620425,48.983785],[11.611446,48.978931],[11.605389,48.964549],[11.596145,48.958833],[11.599306,48.951497],[11.579309,48.974636],[11.576473,48.988638],[11.554017,48.992345],[11.552206,49.004184],[11.537106,49.007249],[11.543484,49.016243],[11.542234,49.02422],[11.517051,49.032478],[11.53127,49.045651],[11.543774,49.064617],[11.523498,49.073018],[11.502624,49.076362],[11.488044,49.064047],[11.468113,49.065706],[11.443182,49.064306],[11.426422,49.067972],[11.397015,49.081972],[11.385714,49.078858],[11.375026,49.088906],[11.35459,49.090795],[11.364353,49.099056],[11.353353,49.117229],[11.325806,49.117657],[11.319646,49.129119],[11.327175,49.142606],[11.325274,49.154914],[11.310733,49.158114],[11.308602,49.164248],[11.312763,49.177913],[11.285554,49.187309],[11.270477,49.189203],[11.262282,49.197503],[11.267747,49.210991],[11.318421,49.208303],[11.294989,49.233757],[11.302958,49.24379],[11.287468,49.258105],[11.278881,49.255175],[11.267834,49.261115],[11.280811,49.272067],[11.263171,49.273326],[11.247092,49.270846],[11.23104,49.277092],[11.211423,49.27471],[11.203877,49.277379],[11.214299,49.286799],[11.198959,49.289971],[11.187189,49.297776],[11.189289,49.304303],[11.202608,49.306055],[11.219713,49.315076],[11.229961,49.31386],[11.243529,49.307225],[11.251095,49.315864],[11.247176,49.325353],[11.271887,49.322352],[11.277317,49.317041],[11.304364,49.309468],[11.333066,49.303735],[11.347052,49.318568],[11.359605,49.319255],[11.375563,49.325383],[11.389244,49.341188],[11.377666,49.347661],[11.372829,49.357013],[11.393623,49.357257],[11.398749,49.370306],[11.420413,49.37645],[11.424041,49.39288],[11.437096,49.396025],[11.444598,49.405795],[11.449087,49.427381],[11.458719,49.432478],[11.463502,49.422357],[11.478359,49.426856],[11.492672,49.420361],[11.536161,49.410855],[11.552159,49.413576],[11.557755,49.419042]]]]}},{"type":"Feature","properties":{"NUTS_ID":"DE237","LEVL_CODE":3,"CNTR_CODE":"DE","NAME_LATN":"Neustadt a. d. Waldnaab","NUTS_NAME":"Neustadt a. d. Waldnaab","MOUNT_TYPE":4,"URBN_TYPE":3,"COAST_TYPE":3,"FID":"DE237"},"geometry":{"type":"MultiPolygon","coordinates":[[[[12.401524,49.758373],[12.404543,49.744938],[12.413477,49.732955],[12.425901,49.729617],[12.44149,49.705087],[12.482091,49.694515],[12.493578,49.685963],[12.5216,49.685855],[12.529215,49.666251],[12.524973,49.65377],[12.517987,49.645506],[12.528211,49.639295],[12.523383,49.628408],[12.547028,49.621159],[12.56067,49.619634],[12.564408,49.596582],[12.576665,49.585899],[12.571388,49.569143],[12.574307,49.559964],[12.593779,49.542191],[12.583345,49.542464],[12.566798,49.550669],[12.545492,49.542974],[12.53179,49.535702],[12.525111,49.536393],[12.503392,49.547339],[12.486579,49.546204],[12.473377,49.549885],[12.468252,49.541111],[12.449807,49.537864],[12.45215,49.531314],[12.443436,49.522774],[12.426498,49.521714],[12.42911,49.529228],[12.403643,49.532317],[12.395782,49.520226],[12.374073,49.521259],[12.36543,49.513611],[12.349521,49.517101],[12.352623,49.50531],[12.342056,49.505262],[12.33637,49.510993],[12.31891,49.513306],[12.291464,49.519926],[12.300786,49.536147],[12.283997,49.53747],[12.27783,49.543527],[12.261899,49.539398],[12.260904,49.547861],[12.245887,49.551461],[12.236812,49.563744],[12.244696,49.574983],[12.232369,49.582778],[12.208537,49.587371],[12.197669,49.593428],[12.18954,49.588912],[12.182934,49.570078],[12.159958,49.566024],[12.147436,49.567865],[12.129045,49.560743],[12.13158,49.550515],[12.11549,49.547955],[12.119203,49.557646],[12.102292,49.566254],[12.089741,49.56029],[12.068236,49.566353],[12.06907,49.577637],[12.051426,49.578435],[12.031354,49.570415],[12.027751,49.578087],[11.991827,49.575139],[11.978515,49.583079],[11.987633,49.586021],[11.98356,49.596693],[11.991827,49.602553],[11.986697,49.609485],[11.968366,49.614343],[11.979765,49.621299],[11.973826,49.639683],[11.938132,49.643966],[11.934585,49.639609],[11.917031,49.638247],[11.912278,49.645191],[11.87741,49.635263],[11.832399,49.641221],[11.810589,49.652295],[11.788242,49.65164],[11.779845,49.648323],[11.768921,49.637919],[11.740937,49.633354],[11.736925,49.624955],[11.714374,49.623751],[11.704082,49.627932],[11.68989,49.623813],[11.663724,49.624748],[11.640734,49.631913],[11.642545,49.647147],[11.652966,49.652262],[11.650277,49.670657],[11.660954,49.674485],[11.64918,49.684345],[11.655639,49.701162],[11.666555,49.702386],[11.661289,49.712906],[11.648438,49.727303],[11.64338,49.738088],[11.6465,49.748798],[11.630662,49.760571],[11.630968,49.7824],[11.639389,49.795951],[11.634664,49.80201],[11.643512,49.807518],[11.658313,49.802628],[11.673437,49.810448],[11.680269,49.805509],[11.699745,49.807226],[11.701488,49.819921],[11.721487,49.817945],[11.721684,49.826967],[11.745766,49.839918],[11.763481,49.83687],[11.768719,49.841066],[11.789328,49.836587],[11.805384,49.848692],[11.82192,49.844869],[11.834486,49.845886],[11.837843,49.851967],[11.854835,49.847109],[11.865475,49.832432],[11.859247,49.828586],[11.890219,49.804511],[11.909966,49.800407],[11.933102,49.811627],[11.949963,49.805752],[11.970684,49.812446],[11.985683,49.821145],[12.004812,49.815584],[12.016904,49.807086],[12.023217,49.78879],[12.042044,49.786106],[12.053696,49.794291],[12.076548,49.784675],[12.086206,49.7855],[12.099549,49.801184],[12.093913,49.813889],[12.1176,49.821968],[12.133797,49.823209],[12.145747,49.839182],[12.165409,49.844379],[12.175783,49.852621],[12.182308,49.839363],[12.192581,49.833357],[12.191323,49.817218],[12.211474,49.809116],[12.211963,49.801242],[12.234443,49.800274],[12.229853,49.789131],[12.237099,49.771795],[12.25332,49.770209],[12.263406,49.762707],[12.282585,49.770635],[12.294616,49.770585],[12.322117,49.759377],[12.335179,49.758438],[12.351373,49.766562],[12.372343,49.770647],[12.381559,49.765115],[12.379584,49.75663],[12.390979,49.754049],[12.401524,49.758373]],[[12.2579,49.667358],[12.249775,49.66516],[12.229707,49.667404],[12.22474,49.6742],[12.22606,49.683805],[12.209842,49.686823],[12.192032,49.686823],[12.190904,49.693696],[12.181647,49.702828],[12.166899,49.707221],[12.151418,49.702965],[12.130672,49.711312],[12.110473,49.695968],[12.077409,49.700386],[12.084852,49.691563],[12.082646,49.684649],[12.069239,49.671307],[12.085146,49.667656],[12.083113,49.657327],[12.096817,49.652891],[12.096123,49.642234],[12.113448,49.641764],[12.118665,49.634893],[12.115872,49.62562],[12.129248,49.615523],[12.146279,49.627027],[12.143967,49.635787],[12.157352,49.641347],[12.158272,49.650094],[12.169505,49.662243],[12.177989,49.662296],[12.186972,49.653575],[12.199475,49.653147],[12.211534,49.662301],[12.221268,49.657414],[12.236905,49.639526],[12.24092,49.631751],[12.257018,49.638944],[12.260711,49.650055],[12.2579,49.667358]]]]}},{"type":"Feature","properties":{"NUTS_ID":"DE137","LEVL_CODE":3,"CNTR_CODE":"DE","NAME_LATN":"Tuttlingen","NUTS_NAME":"Tuttlingen","MOUNT_TYPE":3,"URBN_TYPE":2,"COAST_TYPE":3,"FID":"DE137"},"geometry":{"type":"MultiPolygon","coordinates":[[[[8.953761,48.107279],[8.961846,48.092009],[8.976729,48.086516],[8.996306,48.070804],[8.989524,48.061759],[8.975688,48.056508],[8.949055,48.056011],[8.935558,48.057812],[8.935526,48.047335],[8.953483,48.041907],[8.960275,48.035672],[8.971929,48.038993],[8.977324,48.032552],[9.006578,48.025955],[9.012365,48.016299],[9.013591,48.004526],[9.007006,47.999617],[9.019432,47.988617],[9.020874,47.979718],[9.01217,47.97436],[9.019372,47.962308],[9.01447,47.951307],[9.019712,47.94709],[9.012045,47.936923],[8.995171,47.932628],[8.984993,47.937378],[8.96484,47.924197],[8.952906,47.934107],[8.932099,47.92469],[8.906114,47.919493],[8.901076,47.915644],[8.879601,47.911735],[8.864933,47.899354],[8.852186,47.882423],[8.845327,47.87798],[8.826071,47.881815],[8.818477,47.887072],[8.819382,47.909407],[8.823905,47.918264],[8.820529,47.927452],[8.80094,47.914828],[8.803301,47.907297],[8.798886,47.897899],[8.800762,47.888801],[8.778155,47.894798],[8.73554,47.885451],[8.724977,47.899501],[8.70798,47.880502],[8.69605,47.887506],[8.690848,47.882353],[8.697504,47.869465],[8.69008,47.852615],[8.656396,47.846794],[8.64792,47.854746],[8.640146,47.854812],[8.624946,47.868368],[8.608484,47.877275],[8.619683,47.889468],[8.610951,47.895744],[8.59714,47.898454],[8.591251,47.904195],[8.59589,47.915601],[8.58781,47.925672],[8.588483,47.944916],[8.606273,47.95124],[8.631948,47.948066],[8.637725,47.959857],[8.650957,47.972884],[8.660275,47.972866],[8.653586,47.990928],[8.663062,47.999628],[8.642554,48.004478],[8.630197,48.014879],[8.643969,48.03387],[8.631895,48.043978],[8.635577,48.050146],[8.604284,48.074715],[8.599725,48.085777],[8.613638,48.096044],[8.637269,48.101564],[8.643464,48.111454],[8.6606,48.120274],[8.681308,48.117826],[8.687857,48.127788],[8.707552,48.140065],[8.733897,48.140891],[8.743615,48.144257],[8.751237,48.15954],[8.763474,48.163135],[8.763344,48.17314],[8.769252,48.18271],[8.81016,48.183977],[8.817338,48.174173],[8.83204,48.165711],[8.831644,48.150837],[8.84956,48.149596],[8.860211,48.142415],[8.868967,48.12762],[8.881758,48.1151],[8.885048,48.106424],[8.896625,48.110093],[8.913369,48.110162],[8.925637,48.10489],[8.939179,48.103566],[8.953761,48.107279]]]]}},{"type":"Feature","properties":{"NUTS_ID":"DE131","LEVL_CODE":3,"CNTR_CODE":"DE","NAME_LATN":"Freiburg im Breisgau, Stadtkreis","NUTS_NAME":"Freiburg im Breisgau, Stadtkreis","MOUNT_TYPE":4,"URBN_TYPE":2,"COAST_TYPE":3,"FID":"DE131"},"geometry":{"type":"MultiPolygon","coordinates":[[[[7.850603,48.052036],[7.85643,48.036274],[7.875044,48.030476],[7.882223,48.023736],[7.87672,48.014444],[7.895549,48.010303],[7.921777,48.015255],[7.92648,48.014008],[7.929831,47.993795],[7.923309,47.970668],[7.915378,47.963688],[7.924461,47.949937],[7.92204,47.937383],[7.906626,47.924572],[7.909164,47.914442],[7.892948,47.906619],[7.873497,47.903392],[7.863042,47.913898],[7.862478,47.922667],[7.869409,47.933164],[7.876041,47.933342],[7.878731,47.947552],[7.855584,47.950205],[7.84887,47.96079],[7.82281,47.972105],[7.802162,47.964171],[7.77905,47.971492],[7.768107,47.977863],[7.75427,47.978969],[7.72201,47.973894],[7.722041,47.969708],[7.702339,47.960104],[7.689964,47.962628],[7.677702,47.959388],[7.663138,47.966504],[7.66781,47.973177],[7.678317,47.976265],[7.683414,47.987533],[7.679034,47.995834],[7.707222,48.011299],[7.702598,48.02676],[7.708256,48.035265],[7.734646,48.032719],[7.752682,48.020796],[7.769939,48.017887],[7.779075,48.026444],[7.788002,48.028348],[7.796977,48.060613],[7.804517,48.061785],[7.814492,48.070346],[7.824708,48.069026],[7.83675,48.057234],[7.850603,48.052036]]]]}},{"type":"Feature","properties":{"NUTS_ID":"DE132","LEVL_CODE":3,"CNTR_CODE":"DE","NAME_LATN":"Breisgau-Hochschwarzwald","NUTS_NAME":"Breisgau-Hochschwarzwald","MOUNT_TYPE":2,"URBN_TYPE":2,"COAST_TYPE":3,"FID":"DE132"},"geometry":{"type":"MultiPolygon","coordinates":[[[[7.824708,48.069026],[7.814492,48.070346],[7.804517,48.061785],[7.796977,48.060613],[7.788002,48.028348],[7.779075,48.026444],[7.769939,48.017887],[7.752682,48.020796],[7.734646,48.032719],[7.708256,48.035265],[7.702598,48.02676],[7.707222,48.011299],[7.679034,47.995834],[7.683414,47.987533],[7.678317,47.976265],[7.66781,47.973177],[7.663138,47.966504],[7.677702,47.959388],[7.689964,47.962628],[7.702339,47.960104],[7.722041,47.969708],[7.72201,47.973894],[7.75427,47.978969],[7.768107,47.977863],[7.77905,47.971492],[7.802162,47.964171],[7.82281,47.972105],[7.84887,47.96079],[7.855584,47.950205],[7.878731,47.947552],[7.876041,47.933342],[7.869409,47.933164],[7.862478,47.922667],[7.863042,47.913898],[7.873497,47.903392],[7.892948,47.906619],[7.909164,47.914442],[7.906626,47.924572],[7.92204,47.937383],[7.924461,47.949937],[7.915378,47.963688],[7.923309,47.970668],[7.929831,47.993795],[7.92648,48.014008],[7.921777,48.015255],[7.895549,48.010303],[7.87672,48.014444],[7.882223,48.023736],[7.875044,48.030476],[7.85643,48.036274],[7.850603,48.052036],[7.864879,48.055825],[7.8847,48.053159],[7.902027,48.057251],[7.912613,48.055352],[7.921755,48.065155],[7.949048,48.057681],[7.957226,48.06345],[7.994401,48.062803],[8.003805,48.059695],[8.047603,48.058721],[8.065934,48.0626],[8.073104,48.057344],[8.077734,48.044476],[8.098382,48.039179],[8.11713,48.021357],[8.122431,48.011346],[8.136648,48.009147],[8.146115,48.002389],[8.161157,47.999286],[8.163834,47.993128],[8.191008,47.993661],[8.196534,47.983768],[8.213379,47.989124],[8.222674,47.997463],[8.256818,47.991813],[8.269927,47.992825],[8.28406,47.987144],[8.3103,47.992717],[8.320639,47.984452],[8.313308,47.970156],[8.305885,47.964659],[8.27634,47.959019],[8.28242,47.951087],[8.313644,47.951438],[8.313985,47.943382],[8.345048,47.935804],[8.382813,47.913215],[8.409724,47.904164],[8.406548,47.895605],[8.420869,47.890453],[8.422514,47.88268],[8.439399,47.874945],[8.435511,47.859711],[8.439034,47.853638],[8.413221,47.851763],[8.389775,47.841031],[8.370477,47.839423],[8.33175,47.845162],[8.319557,47.84253],[8.306238,47.848075],[8.294629,47.84736],[8.289538,47.853041],[8.267485,47.852038],[8.25468,47.845772],[8.255349,47.838231],[8.227889,47.832266],[8.232951,47.824748],[8.212805,47.820739],[8.220298,47.808345],[8.223888,47.795561],[8.214181,47.792191],[8.209429,47.784317],[8.216606,47.769884],[8.224144,47.764773],[8.19757,47.761794],[8.186289,47.768628],[8.182887,47.782675],[8.167593,47.775086],[8.154446,47.772708],[8.145682,47.785976],[8.136545,47.78612],[8.12366,47.801553],[8.09966,47.805919],[8.088715,47.823915],[8.086272,47.837101],[8.074424,47.853439],[8.056584,47.858444],[8.029732,47.850803],[8.018114,47.841394],[8.020575,47.851989],[8.012646,47.866215],[7.975697,47.866932],[7.953983,47.87543],[7.938529,47.876742],[7.905482,47.875782],[7.889874,47.878972],[7.887617,47.867541],[7.877747,47.856418],[7.877499,47.849878],[7.854667,47.838626],[7.84498,47.82723],[7.823222,47.819483],[7.81906,47.812446],[7.804707,47.810746],[7.787788,47.802337],[7.782501,47.794538],[7.724271,47.789233],[7.718172,47.783762],[7.704885,47.783701],[7.672736,47.771865],[7.662502,47.776761],[7.649475,47.76732],[7.639469,47.765735],[7.619655,47.757092],[7.614719,47.759849],[7.615214,47.773802],[7.607083,47.775082],[7.586133,47.771922],[7.57355,47.775561],[7.562577,47.756415],[7.545991,47.743574],[7.533385,47.766039],[7.530235,47.782609],[7.545838,47.812673],[7.561884,47.840213],[7.563406,47.851191],[7.555458,47.870509],[7.5593,47.881951],[7.575445,47.891247],[7.582927,47.903417],[7.581063,47.926817],[7.587991,47.937122],[7.609558,47.95423],[7.620942,47.968981],[7.621651,47.976511],[7.613442,47.994688],[7.603507,48.005193],[7.578537,48.024921],[7.568848,48.03561],[7.573381,48.059648],[7.569174,48.080047],[7.578586,48.099148],[7.577291,48.115655],[7.590866,48.108724],[7.612122,48.106977],[7.639741,48.113009],[7.648088,48.107828],[7.674799,48.111454],[7.681593,48.115711],[7.698454,48.112391],[7.700403,48.106459],[7.719164,48.110067],[7.733032,48.107824],[7.7497,48.113112],[7.76274,48.100376],[7.754725,48.086359],[7.772035,48.086854],[7.784094,48.080414],[7.789877,48.084143],[7.806039,48.075336],[7.824708,48.069026]]]]}},{"type":"Feature","properties":{"NUTS_ID":"DE147","LEVL_CODE":3,"CNTR_CODE":"DE","NAME_LATN":"Bodenseekreis","NUTS_NAME":"Bodenseekreis","MOUNT_TYPE":4,"URBN_TYPE":2,"COAST_TYPE":3,"FID":"DE147"},"geometry":{"type":"MultiPolygon","coordinates":[[[[9.409415,47.821605],[9.422923,47.818091],[9.429746,47.824099],[9.446165,47.825446],[9.439418,47.812365],[9.45549,47.812051],[9.461565,47.808335],[9.456146,47.791709],[9.438408,47.782415],[9.434607,47.776342],[9.443507,47.763375],[9.458285,47.756415],[9.467195,47.764677],[9.486948,47.760155],[9.485113,47.754026],[9.499964,47.752784],[9.493661,47.737829],[9.52584,47.731583],[9.541423,47.734705],[9.565277,47.732595],[9.569183,47.736562],[9.588741,47.726257],[9.598481,47.725335],[9.620087,47.710254],[9.624682,47.700308],[9.6355,47.704373],[9.654718,47.705517],[9.652957,47.691201],[9.665332,47.68423],[9.68336,47.682819],[9.695717,47.687561],[9.712145,47.686611],[9.72878,47.681108],[9.730541,47.668101],[9.738315,47.666307],[9.743378,47.654991],[9.731704,47.639358],[9.708005,47.631851],[9.688591,47.635569],[9.683042,47.628116],[9.692151,47.610423],[9.681565,47.60474],[9.671293,47.611067],[9.659033,47.611535],[9.639902,47.600319],[9.633651,47.593482],[9.621486,47.58859],[9.614637,47.58174],[9.602077,47.584338],[9.558721,47.541893],[9.495604,47.551455],[9.394714,47.620326],[9.256561,47.658707],[9.214832,47.655095],[9.182192,47.65589],[9.179423,47.666491],[9.20839,47.663338],[9.216807,47.66682],[9.20839,47.685711],[9.188062,47.697853],[9.180156,47.705317],[9.177912,47.724878],[9.172912,47.734118],[9.157278,47.741182],[9.148892,47.748105],[9.135477,47.747687],[9.107597,47.76257],[9.087829,47.768598],[9.067559,47.77923],[9.047492,47.795676],[9.031101,47.805625],[9.040749,47.817088],[9.062787,47.814109],[9.070526,47.807303],[9.082191,47.815037],[9.077215,47.820479],[9.081193,47.827562],[9.071043,47.838273],[9.067134,47.856583],[9.078311,47.858746],[9.103436,47.841617],[9.119998,47.841822],[9.128582,47.846817],[9.162581,47.844452],[9.170026,47.841197],[9.185295,47.84697],[9.189574,47.841755],[9.203531,47.845502],[9.21168,47.854437],[9.221289,47.858229],[9.237299,47.853342],[9.24324,47.864985],[9.250167,47.868634],[9.238446,47.876522],[9.258724,47.881965],[9.269541,47.879982],[9.276865,47.864538],[9.284497,47.864746],[9.305063,47.858464],[9.321314,47.866738],[9.340403,47.860544],[9.340403,47.856569],[9.378754,47.83129],[9.400177,47.818648],[9.409415,47.821605]]]]}},{"type":"Feature","properties":{"NUTS_ID":"DE21B","LEVL_CODE":3,"CNTR_CODE":"DE","NAME_LATN":"Freising","NUTS_NAME":"Freising","MOUNT_TYPE":4,"URBN_TYPE":2,"COAST_TYPE":3,"FID":"DE21B"},"geometry":{"type":"MultiPolygon","coordinates":[[[[11.910187,48.585231],[11.94097,48.573982],[11.956761,48.577979],[11.963763,48.568608],[11.962244,48.557983],[11.972032,48.551233],[11.96327,48.546002],[11.968511,48.538059],[11.961402,48.532323],[11.974081,48.51283],[11.959152,48.499819],[11.974916,48.492386],[11.991827,48.492993],[12.007721,48.496573],[12.008416,48.484917],[11.995807,48.458522],[12.012643,48.444993],[12.017123,48.430676],[11.997331,48.431026],[11.9896,48.442488],[11.976207,48.444052],[11.978703,48.451832],[11.958762,48.454028],[11.93586,48.441258],[11.933165,48.435208],[11.919622,48.427859],[11.890366,48.420744],[11.873432,48.412767],[11.848149,48.414017],[11.840424,48.411165],[11.840756,48.396441],[11.809793,48.389952],[11.808859,48.381192],[11.781585,48.357879],[11.765082,48.325933],[11.769686,48.311246],[11.766191,48.297776],[11.737893,48.294805],[11.732235,48.288706],[11.738186,48.276334],[11.733984,48.278496],[11.704002,48.276303],[11.697623,48.270261],[11.684929,48.269955],[11.64598,48.272916],[11.615036,48.270025],[11.599951,48.280822],[11.578699,48.299546],[11.573485,48.309821],[11.572904,48.335202],[11.564927,48.339053],[11.533173,48.346398],[11.50967,48.354468],[11.509505,48.359467],[11.523182,48.363031],[11.503947,48.377067],[11.512437,48.391455],[11.530419,48.391354],[11.525908,48.40084],[11.515239,48.402934],[11.500034,48.418706],[11.508116,48.430037],[11.493183,48.440511],[11.508991,48.442427],[11.518827,48.452351],[11.535269,48.460181],[11.529093,48.468995],[11.544069,48.47369],[11.557555,48.489947],[11.56993,48.489938],[11.575883,48.48328],[11.597195,48.475654],[11.596872,48.47162],[11.614005,48.463154],[11.630567,48.470602],[11.643416,48.496929],[11.662399,48.498519],[11.657625,48.538636],[11.660242,48.563085],[11.67696,48.574443],[11.702781,48.583641],[11.701483,48.600771],[11.697558,48.610781],[11.706735,48.616646],[11.751594,48.601349],[11.775171,48.601024],[11.780193,48.612025],[11.798608,48.613622],[11.821606,48.59837],[11.849474,48.590427],[11.866189,48.579091],[11.8812,48.581705],[11.88642,48.586433],[11.910187,48.585231]]]]}},{"type":"Feature","properties":{"NUTS_ID":"DE269","LEVL_CODE":3,"CNTR_CODE":"DE","NAME_LATN":"Miltenberg","NUTS_NAME":"Miltenberg","MOUNT_TYPE":2,"URBN_TYPE":2,"COAST_TYPE":3,"FID":"DE269"},"geometry":{"type":"MultiPolygon","coordinates":[[[[9.237796,49.9348],[9.247192,49.926869],[9.26611,49.927831],[9.273622,49.914488],[9.280292,49.91103],[9.280874,49.900591],[9.259683,49.870988],[9.245266,49.865786],[9.246816,49.858571],[9.258817,49.85277],[9.262896,49.86472],[9.288714,49.866796],[9.313836,49.842661],[9.318614,49.833158],[9.329267,49.837881],[9.354437,49.83612],[9.366312,49.83291],[9.367642,49.853579],[9.394845,49.864525],[9.410333,49.878521],[9.422738,49.881138],[9.435726,49.877431],[9.4396,49.865499],[9.449501,49.85154],[9.434886,49.845043],[9.45398,49.830362],[9.446757,49.819026],[9.45288,49.811398],[9.466786,49.806562],[9.471498,49.779726],[9.467636,49.773425],[9.455271,49.770018],[9.445319,49.774032],[9.433023,49.788351],[9.420561,49.788364],[9.406271,49.778046],[9.390528,49.770514],[9.370273,49.778376],[9.36002,49.772085],[9.345661,49.768461],[9.31638,49.768176],[9.313501,49.761719],[9.322592,49.743689],[9.315833,49.73476],[9.322664,49.73153],[9.338385,49.734134],[9.364263,49.731163],[9.361871,49.723485],[9.349926,49.721351],[9.357409,49.704288],[9.372069,49.703998],[9.382528,49.707463],[9.381373,49.725159],[9.399961,49.72884],[9.418646,49.71109],[9.419944,49.690487],[9.398738,49.670794],[9.41092,49.663508],[9.418687,49.65794],[9.4068,49.646335],[9.383571,49.642826],[9.366356,49.655674],[9.340403,49.644586],[9.31054,49.653953],[9.28985,49.642925],[9.285089,49.636622],[9.271846,49.634232],[9.271223,49.62653],[9.284292,49.615347],[9.265919,49.607202],[9.259037,49.593276],[9.238702,49.581291],[9.194882,49.574553],[9.165467,49.57607],[9.152641,49.579386],[9.119986,49.573823],[9.103006,49.577456],[9.083469,49.601019],[9.066381,49.602365],[9.06586,49.619659],[9.084341,49.634875],[9.100883,49.64125],[9.103419,49.66043],[9.08926,49.669347],[9.08813,49.688391],[9.092339,49.694792],[9.125166,49.699889],[9.122909,49.714036],[9.133814,49.716458],[9.141924,49.732083],[9.150809,49.74285],[9.127834,49.755226],[9.107627,49.759542],[9.113581,49.77309],[9.133289,49.781894],[9.130359,49.794932],[9.10814,49.79798],[9.092919,49.790546],[9.086152,49.806406],[9.077682,49.818364],[9.086019,49.826907],[9.078482,49.835064],[9.08912,49.841223],[9.084731,49.847506],[9.070678,49.834544],[9.058017,49.834135],[9.056784,49.844801],[9.041056,49.841632],[9.043035,49.854883],[9.034043,49.862097],[9.05008,49.866315],[9.054834,49.86697],[9.07333,49.881195],[9.087463,49.879074],[9.0998,49.881649],[9.094356,49.890494],[9.108381,49.902323],[9.103076,49.916436],[9.111021,49.925275],[9.10724,49.930858],[9.117335,49.937617],[9.136736,49.92941],[9.144209,49.920614],[9.161293,49.92345],[9.168806,49.930835],[9.185295,49.926662],[9.219165,49.935484],[9.237796,49.9348]]]]}},{"type":"Feature","properties":{"NUTS_ID":"DE26A","LEVL_CODE":3,"CNTR_CODE":"DE","NAME_LATN":"Main-Spessart","NUTS_NAME":"Main-Spessart","MOUNT_TYPE":4,"URBN_TYPE":3,"COAST_TYPE":3,"FID":"DE26A"},"geometry":{"type":"MultiPolygon","coordinates":[[[[9.623151,50.22904],[9.641053,50.225413],[9.678271,50.226835],[9.682,50.216785],[9.693677,50.210159],[9.699089,50.193703],[9.698894,50.183075],[9.715119,50.170356],[9.72449,50.166386],[9.733349,50.155278],[9.749069,50.150535],[9.75088,50.144378],[9.747586,50.127666],[9.770879,50.131206],[9.788615,50.115139],[9.80121,50.114315],[9.800061,50.105843],[9.806216,50.092494],[9.823847,50.087776],[9.827997,50.079239],[9.816953,50.074541],[9.817917,50.064423],[9.807141,50.055127],[9.80785,50.048458],[9.847822,50.037433],[9.870352,50.03447],[9.880621,50.036681],[9.886625,50.046261],[9.900638,50.053038],[9.913609,50.044271],[9.925676,50.029752],[9.939629,50.035708],[9.95071,50.034176],[9.964013,50.054717],[9.981093,50.057051],[9.98729,50.038146],[10.006685,50.033068],[10.027355,50.040041],[10.039553,50.033777],[10.033848,50.022732],[10.04563,50.014633],[10.042001,50.003153],[10.022848,49.997784],[10.008166,49.997428],[10.002931,49.986164],[10.03807,49.988671],[10.043352,49.973761],[10.039753,49.961431],[10.030919,49.9522],[10.012997,49.95026],[10.016565,49.939607],[9.996431,49.936856],[9.976831,49.940075],[9.953489,49.938584],[9.949249,49.946916],[9.939641,49.948322],[9.913433,49.933337],[9.918566,49.906227],[9.928678,49.893215],[9.881972,49.891466],[9.866868,49.894345],[9.839488,49.89176],[9.837422,49.876579],[9.828165,49.872566],[9.805021,49.880702],[9.778742,49.877864],[9.75437,49.865421],[9.753883,49.859224],[9.74411,49.84358],[9.727155,49.832139],[9.70739,49.837668],[9.684316,49.836824],[9.672774,49.825037],[9.677041,49.814488],[9.652958,49.804159],[9.648736,49.791477],[9.622535,49.784232],[9.581638,49.778469],[9.573995,49.783401],[9.559396,49.779004],[9.558626,49.76496],[9.56846,49.75071],[9.555258,49.748059],[9.552267,49.760184],[9.538098,49.767335],[9.521992,49.76148],[9.510225,49.770166],[9.512563,49.781524],[9.49977,49.788738],[9.482598,49.787529],[9.471498,49.779726],[9.466786,49.806562],[9.45288,49.811398],[9.446757,49.819026],[9.45398,49.830362],[9.434886,49.845043],[9.449501,49.85154],[9.4396,49.865499],[9.435726,49.877431],[9.422738,49.881138],[9.433143,49.884205],[9.4347,49.890654],[9.427574,49.899706],[9.431199,49.910288],[9.426059,49.916558],[9.442055,49.920315],[9.453698,49.92721],[9.464682,49.917419],[9.468537,49.93626],[9.475966,49.945369],[9.466355,49.949377],[9.448686,49.951348],[9.441105,49.963596],[9.44419,49.974134],[9.430416,49.991003],[9.417349,49.991724],[9.409143,49.998576],[9.411092,50.012472],[9.42218,50.017142],[9.407165,50.023271],[9.404292,50.03668],[9.410994,50.054409],[9.398127,50.049369],[9.386163,50.055],[9.392003,50.070775],[9.408241,50.069212],[9.39631,50.083665],[9.404984,50.087734],[9.413552,50.084396],[9.433453,50.085036],[9.446339,50.089978],[9.500328,50.096722],[9.51154,50.094713],[9.519178,50.10585],[9.51884,50.114202],[9.510425,50.130529],[9.507852,50.144945],[9.52166,50.150291],[9.531202,50.160849],[9.528153,50.168139],[9.505055,50.169272],[9.498531,50.175977],[9.501064,50.191903],[9.515581,50.195269],[9.502065,50.212305],[9.504381,50.216252],[9.495269,50.227128],[9.501175,50.243474],[9.514573,50.234233],[9.534684,50.233641],[9.542119,50.224825],[9.574175,50.232254],[9.582324,50.222344],[9.619965,50.223043],[9.623151,50.22904]]]]}},{"type":"Feature","properties":{"NUTS_ID":"DE218","LEVL_CODE":3,"CNTR_CODE":"DE","NAME_LATN":"Ebersberg","NUTS_NAME":"Ebersberg","MOUNT_TYPE":4,"URBN_TYPE":2,"COAST_TYPE":3,"FID":"DE218"},"geometry":{"type":"MultiPolygon","coordinates":[[[[12.043185,48.141674],[12.049808,48.129392],[12.083232,48.125718],[12.085656,48.122344],[12.086306,48.11713],[12.074613,48.111454],[12.080957,48.099366],[12.063215,48.098236],[12.074054,48.081348],[12.075759,48.055205],[12.080484,48.032632],[12.07465,48.024628],[12.08702,48.021486],[12.087514,48.013191],[12.098399,48.011469],[12.095436,47.998113],[12.089411,47.988949],[12.072378,47.987976],[12.072079,47.976107],[12.060552,47.970609],[12.027145,47.971218],[12.020357,47.961295],[12.005464,47.961656],[12.001264,47.956352],[11.987298,47.970752],[11.977761,47.972922],[11.968511,47.982884],[11.952097,47.984764],[11.939401,47.992531],[11.927247,47.982954],[11.936317,47.962619],[11.937321,47.951241],[11.945975,47.943463],[11.929423,47.939144],[11.925311,47.931581],[11.898804,47.942305],[11.881934,47.954153],[11.863007,47.954909],[11.858139,47.948878],[11.847953,47.948253],[11.851328,47.954263],[11.839996,47.964263],[11.827244,47.962642],[11.818361,47.973125],[11.80303,47.978707],[11.783265,47.99045],[11.762674,47.992324],[11.767854,48.000215],[11.767429,48.021978],[11.783777,48.022291],[11.788138,48.056302],[11.806269,48.06316],[11.785526,48.06975],[11.782836,48.088045],[11.767583,48.096156],[11.759347,48.108329],[11.755863,48.126955],[11.747778,48.13759],[11.751116,48.144092],[11.771457,48.154662],[11.774948,48.162583],[11.767201,48.180346],[11.756007,48.188141],[11.76272,48.209477],[11.756169,48.221111],[11.794881,48.219714],[11.801782,48.212973],[11.827509,48.206138],[11.854156,48.209123],[11.865243,48.204019],[11.881433,48.206426],[11.890294,48.199226],[11.903032,48.198009],[11.910577,48.185673],[11.924966,48.179448],[11.936744,48.166601],[11.958632,48.172285],[11.9767,48.170611],[11.985813,48.16422],[11.996777,48.173935],[12.010644,48.17013],[12.006604,48.160941],[12.022388,48.153716],[12.035334,48.143096],[12.043185,48.141674]]]]}},{"type":"Feature","properties":{"NUTS_ID":"AT127","LEVL_CODE":3,"CNTR_CODE":"AT","NAME_LATN":"Wiener Umland/Südteil","NUTS_NAME":"Wiener Umland/Südteil","MOUNT_TYPE":4,"URBN_TYPE":2,"COAST_TYPE":3,"FID":"AT127"},"geometry":{"type":"MultiPolygon","coordinates":[[[[16.976203,48.172244],[16.993805,48.161635],[17.013251,48.152898],[17.023354,48.142748],[17.033803,48.139799],[17.057376,48.14179],[17.067845,48.1248],[17.066741,48.118681],[17.061503,48.109213],[17.043416,48.101289],[17.034352,48.086345],[17.014765,48.090623],[17.023641,48.101057],[17.004069,48.100033],[16.998157,48.108251],[16.986173,48.111246],[16.9744,48.103982],[16.970146,48.095975],[16.98028,48.093899],[17.013252,48.074985],[16.997001,48.05558],[16.980268,48.024954],[16.969664,48.025785],[16.973831,48.035848],[16.953696,48.045567],[16.921329,48.050605],[16.915888,48.056788],[16.917705,48.065399],[16.892562,48.072653],[16.871436,48.069794],[16.854934,48.056421],[16.845416,48.053561],[16.840587,48.046162],[16.829478,48.040889],[16.836397,48.033575],[16.828817,48.027994],[16.817738,48.029858],[16.799398,48.028142],[16.754123,48.01287],[16.743676,48.01378],[16.727608,48.009798],[16.701688,48.011579],[16.699584,47.990946],[16.694525,47.98587],[16.699684,47.975861],[16.697607,47.96538],[16.679939,47.960815],[16.656522,47.958812],[16.651504,47.950926],[16.630974,47.944143],[16.629873,47.928968],[16.596564,47.904329],[16.588852,47.901612],[16.580778,47.888759],[16.55716,47.902595],[16.552463,47.909815],[16.523292,47.935393],[16.517906,47.943542],[16.504471,47.940104],[16.489393,47.941875],[16.476358,47.937744],[16.466077,47.938824],[16.436862,47.926843],[16.420566,47.912951],[16.422971,47.902283],[16.410882,47.881245],[16.401536,47.876978],[16.391151,47.882134],[16.387809,47.892942],[16.378762,47.901296],[16.356212,47.887806],[16.336089,47.89811],[16.292667,47.910673],[16.283424,47.914868],[16.255215,47.914578],[16.24511,47.911219],[16.224011,47.912334],[16.219544,47.898115],[16.205165,47.90252],[16.197594,47.913645],[16.201118,47.923212],[16.194822,47.931427],[16.177208,47.93419],[16.168803,47.947195],[16.148756,47.949924],[16.135759,47.961621],[16.113652,47.967213],[16.103388,47.983388],[16.087066,47.996099],[16.091007,48.003583],[16.082601,48.010416],[16.06469,48.012699],[16.065598,48.017415],[16.04506,48.023045],[16.040586,48.032664],[16.023557,48.042239],[16.021777,48.048108],[16.005902,48.053029],[15.995781,48.050172],[15.985063,48.06042],[15.968906,48.067619],[15.950797,48.065483],[15.933629,48.070373],[15.916548,48.08688],[15.921726,48.092412],[15.912714,48.101724],[15.925624,48.106748],[15.935603,48.114662],[15.948303,48.117787],[15.965243,48.130065],[15.978657,48.133633],[15.992915,48.146061],[16.006988,48.138912],[16.030117,48.14095],[16.049462,48.138156],[16.056039,48.132193],[16.080032,48.129914],[16.084983,48.138076],[16.098839,48.140332],[16.114352,48.132047],[16.12863,48.14684],[16.148342,48.155165],[16.156923,48.162209],[16.155829,48.170108],[16.185773,48.172397],[16.195217,48.164652],[16.198825,48.155643],[16.210987,48.148359],[16.221582,48.135995],[16.220128,48.124263],[16.243946,48.130564],[16.269144,48.133334],[16.296231,48.1289],[16.312129,48.11975],[16.325957,48.13753],[16.364931,48.12867],[16.387275,48.125667],[16.411856,48.119439],[16.42429,48.122444],[16.436604,48.120152],[16.433946,48.137369],[16.453829,48.139652],[16.478703,48.156159],[16.515726,48.158434],[16.529168,48.153308],[16.545968,48.142754],[16.575963,48.136328],[16.578036,48.143312],[16.590574,48.143746],[16.61144,48.135474],[16.639312,48.13101],[16.667815,48.12199],[16.672053,48.117315],[16.693325,48.118233],[16.724868,48.122817],[16.744297,48.130721],[16.756721,48.120691],[16.768406,48.116729],[16.78503,48.1157],[16.802577,48.122898],[16.81984,48.12106],[16.84786,48.124801],[16.848557,48.141852],[16.856454,48.146986],[16.871038,48.146692],[16.876971,48.139511],[16.888725,48.143244],[16.898381,48.140997],[16.916866,48.153198],[16.927483,48.155984],[16.926903,48.164411],[16.937609,48.173792],[16.948283,48.17538],[16.960027,48.170799],[16.976203,48.172244]]]]}},{"type":"Feature","properties":{"NUTS_ID":"DE246","LEVL_CODE":3,"CNTR_CODE":"DE","NAME_LATN":"Bayreuth, Landkreis","NUTS_NAME":"Bayreuth, Landkreis","MOUNT_TYPE":4,"URBN_TYPE":2,"COAST_TYPE":3,"FID":"DE246"},"geometry":{"type":"MultiPolygon","coordinates":[[[[11.789114,50.103248],[11.807469,50.098112],[11.815321,50.084962],[11.80382,50.084857],[11.797613,50.076557],[11.833727,50.065381],[11.835457,50.054793],[11.848808,50.046677],[11.866836,50.041741],[11.87384,50.032434],[11.860467,50.029833],[11.858933,50.023079],[11.874824,50.017083],[11.898182,49.998389],[11.903691,49.97902],[11.898926,49.969869],[11.870208,49.965269],[11.868441,49.961082],[11.829683,49.962351],[11.811902,49.959186],[11.812789,49.947652],[11.826776,49.935008],[11.83729,49.913821],[11.84134,49.893524],[11.852947,49.887849],[11.839956,49.879424],[11.845065,49.874781],[11.843095,49.865662],[11.861555,49.852621],[11.854835,49.847109],[11.837843,49.851967],[11.834486,49.845886],[11.82192,49.844869],[11.805384,49.848692],[11.789328,49.836587],[11.768719,49.841066],[11.763481,49.83687],[11.745766,49.839918],[11.721684,49.826967],[11.721487,49.817945],[11.701488,49.819921],[11.699745,49.807226],[11.680269,49.805509],[11.673437,49.810448],[11.658313,49.802628],[11.643512,49.807518],[11.634664,49.80201],[11.639389,49.795951],[11.630968,49.7824],[11.630662,49.760571],[11.620652,49.760191],[11.595257,49.75402],[11.597078,49.738166],[11.585586,49.728725],[11.574348,49.727424],[11.566468,49.73188],[11.560449,49.714291],[11.558572,49.698689],[11.545042,49.695864],[11.546647,49.690103],[11.562424,49.685645],[11.556681,49.677752],[11.563817,49.666145],[11.559352,49.660352],[11.557251,49.643006],[11.548916,49.640686],[11.513462,49.649318],[11.493652,49.646296],[11.490146,49.640969],[11.472752,49.644394],[11.460594,49.635573],[11.456142,49.627281],[11.429955,49.62768],[11.43091,49.617944],[11.417087,49.619405],[11.413805,49.625707],[11.400953,49.623741],[11.392146,49.632463],[11.389977,49.649448],[11.368694,49.666708],[11.362219,49.68063],[11.375465,49.688689],[11.375948,49.693451],[11.357863,49.707158],[11.366153,49.712484],[11.355799,49.723703],[11.365546,49.733576],[11.363794,49.739809],[11.372887,49.749742],[11.384435,49.756197],[11.380555,49.77698],[11.366613,49.777692],[11.34817,49.78395],[11.36654,49.798106],[11.366949,49.803397],[11.333744,49.81629],[11.33193,49.806088],[11.311188,49.799958],[11.298496,49.80436],[11.296128,49.810663],[11.263838,49.84417],[11.25791,49.856776],[11.270966,49.863444],[11.261219,49.873146],[11.23811,49.870473],[11.211795,49.878798],[11.193203,49.881528],[11.198237,49.892958],[11.184316,49.908841],[11.202823,49.912957],[11.213264,49.930424],[11.211292,49.943745],[11.195744,49.947936],[11.19697,49.954039],[11.215498,49.962511],[11.218727,49.973248],[11.23549,49.973778],[11.244897,49.97873],[11.246398,49.989563],[11.256807,49.999958],[11.265987,49.992279],[11.284843,49.985894],[11.286009,49.979976],[11.279724,49.967137],[11.316466,49.963136],[11.31985,49.959167],[11.342801,49.952792],[11.348077,49.945982],[11.364367,49.938898],[11.383097,49.934924],[11.397231,49.960713],[11.418488,49.959991],[11.428324,49.964804],[11.415582,49.975155],[11.4187,49.988642],[11.434114,49.991496],[11.447544,49.979757],[11.46492,49.982632],[11.47603,49.994474],[11.487175,49.990612],[11.511477,49.998061],[11.522784,49.999376],[11.528166,50.005511],[11.548496,50.003074],[11.565696,50.012176],[11.576156,50.008725],[11.594635,50.017636],[11.601204,50.027333],[11.613216,50.034538],[11.631012,50.036366],[11.62867,50.041816],[11.651212,50.04496],[11.651241,50.053575],[11.63752,50.058267],[11.6329,50.06816],[11.641453,50.072883],[11.650507,50.069811],[11.658423,50.076618],[11.684682,50.087362],[11.67618,50.096484],[11.678085,50.124602],[11.689082,50.125261],[11.699352,50.132993],[11.710798,50.121909],[11.730773,50.123994],[11.745766,50.117858],[11.775667,50.12545],[11.789114,50.103248]],[[11.655278,49.972026],[11.632856,49.971907],[11.621178,49.967175],[11.582367,49.976373],[11.561262,49.97465],[11.533929,49.960439],[11.497697,49.955873],[11.496559,49.945721],[11.509216,49.945455],[11.525463,49.936899],[11.527763,49.930005],[11.55323,49.91205],[11.554737,49.892659],[11.586968,49.89144],[11.596216,49.894365],[11.61487,49.893116],[11.625507,49.905055],[11.619502,49.914174],[11.624294,49.922041],[11.638532,49.93069],[11.653166,49.935436],[11.65848,49.943449],[11.638724,49.95708],[11.648917,49.961444],[11.655278,49.972026]]]]}},{"type":"Feature","properties":{"NUTS_ID":"DE247","LEVL_CODE":3,"CNTR_CODE":"DE","NAME_LATN":"Coburg, Landkreis","NUTS_NAME":"Coburg, Landkreis","MOUNT_TYPE":4,"URBN_TYPE":2,"COAST_TYPE":3,"FID":"DE247"},"geometry":{"type":"MultiPolygon","coordinates":[[[[11.189943,50.271185],[11.201078,50.25651],[11.194525,50.252042],[11.178346,50.249424],[11.191123,50.242218],[11.191152,50.228222],[11.180759,50.224466],[11.181463,50.210612],[11.169568,50.206449],[11.184144,50.199832],[11.198185,50.202095],[11.180591,50.186017],[11.161092,50.18859],[11.15244,50.197768],[11.138122,50.192952],[11.122777,50.194916],[11.118007,50.202762],[11.102574,50.210439],[11.089461,50.204623],[11.077951,50.209532],[11.064306,50.206362],[11.03178,50.21853],[10.98536,50.211697],[11.009665,50.192979],[11.001103,50.185381],[11.008489,50.179096],[10.980591,50.1731],[10.955814,50.172374],[10.956059,50.162494],[10.950295,50.155535],[10.923312,50.150338],[10.928325,50.138629],[10.947452,50.126401],[10.937457,50.112711],[10.91807,50.119065],[10.909614,50.113269],[10.892396,50.11125],[10.884749,50.105115],[10.884773,50.093142],[10.860116,50.091785],[10.857775,50.105598],[10.869855,50.127581],[10.870515,50.136204],[10.878313,50.143192],[10.851798,50.157517],[10.843076,50.153249],[10.84354,50.145109],[10.819706,50.14877],[10.80325,50.146468],[10.793684,50.141834],[10.78826,50.150534],[10.776641,50.150607],[10.773705,50.169],[10.781024,50.178474],[10.779488,50.19324],[10.764685,50.208288],[10.755928,50.213073],[10.759754,50.222639],[10.729202,50.230005],[10.727224,50.247927],[10.732168,50.251838],[10.74663,50.248007],[10.749934,50.24276],[10.769406,50.241827],[10.781843,50.251284],[10.800188,50.250945],[10.807769,50.240611],[10.825233,50.23761],[10.845547,50.243839],[10.851228,50.251468],[10.850909,50.264167],[10.844454,50.275874],[10.804018,50.280322],[10.802014,50.291687],[10.793247,50.294948],[10.770407,50.293476],[10.742649,50.314858],[10.715655,50.3217],[10.715875,50.332638],[10.727138,50.337629],[10.726423,50.348963],[10.713652,50.347843],[10.715852,50.362982],[10.737482,50.362878],[10.752929,50.358199],[10.764191,50.370471],[10.773774,50.371969],[10.785422,50.385169],[10.800131,50.379515],[10.820536,50.385699],[10.830443,50.392615],[10.857209,50.387828],[10.874108,50.396607],[10.886814,50.392172],[10.892084,50.380795],[10.933548,50.392212],[10.945718,50.386466],[10.962606,50.372573],[10.968875,50.362111],[10.985781,50.34732],[10.998456,50.350257],[10.992575,50.360506],[10.995106,50.365434],[11.035783,50.360204],[11.035028,50.348629],[11.045552,50.34601],[11.073872,50.35314],[11.082827,50.352521],[11.090465,50.36556],[11.115305,50.367007],[11.118851,50.359385],[11.136405,50.353506],[11.137629,50.348506],[11.158028,50.331329],[11.158485,50.324709],[11.135655,50.314401],[11.132092,50.303136],[11.145595,50.285682],[11.182618,50.280559],[11.175487,50.269828],[11.189943,50.271185]],[[10.996595,50.276063],[10.981444,50.280691],[10.9932,50.287772],[10.964582,50.292413],[10.960119,50.297728],[10.947101,50.298201],[10.935426,50.293413],[10.922311,50.294902],[10.896694,50.279078],[10.907306,50.269316],[10.918207,50.266823],[10.916909,50.254926],[10.892912,50.251711],[10.909286,50.241335],[10.960232,50.243674],[10.971507,50.235866],[10.977763,50.221694],[10.984397,50.2226],[10.999307,50.242218],[11.02164,50.250294],[11.02933,50.249266],[11.034787,50.259154],[11.045751,50.2601],[11.061194,50.26831],[11.047905,50.2744],[11.013975,50.266971],[10.996595,50.276063]]]]}},{"type":"Feature","properties":{"NUTS_ID":"DE248","LEVL_CODE":3,"CNTR_CODE":"DE","NAME_LATN":"Forchheim","NUTS_NAME":"Forchheim","MOUNT_TYPE":4,"URBN_TYPE":2,"COAST_TYPE":3,"FID":"DE248"},"geometry":{"type":"MultiPolygon","coordinates":[[[[11.368694,49.666708],[11.354086,49.664709],[11.343753,49.659173],[11.333662,49.646961],[11.331788,49.637573],[11.319667,49.632507],[11.308231,49.63321],[11.297274,49.627368],[11.299564,49.621594],[11.280305,49.604301],[11.262537,49.606081],[11.253892,49.595724],[11.230902,49.598377],[11.219789,49.6089],[11.208627,49.601296],[11.20715,49.594391],[11.179419,49.587735],[11.169281,49.59068],[11.146328,49.588781],[11.109753,49.590929],[11.104217,49.599865],[11.087654,49.600695],[11.077768,49.613632],[11.080072,49.626602],[11.07107,49.628224],[11.058752,49.637495],[11.036278,49.62508],[11.023431,49.63235],[11.032031,49.638129],[11.047518,49.641346],[11.049054,49.651517],[11.06061,49.655867],[11.047221,49.662921],[11.051204,49.682579],[11.033787,49.672378],[11.019275,49.671787],[11.008761,49.684869],[10.975728,49.684312],[10.97242,49.690635],[10.959522,49.691806],[10.93238,49.70134],[10.924285,49.712484],[10.946381,49.713945],[10.950043,49.718512],[10.940724,49.729233],[10.931332,49.72709],[10.919861,49.743015],[10.932274,49.753865],[10.927335,49.76843],[10.935514,49.77882],[10.964657,49.770799],[10.977405,49.775573],[10.982418,49.785591],[11.009366,49.782063],[11.049184,49.794986],[11.063579,49.794843],[11.099373,49.805943],[11.104112,49.822827],[11.104419,49.835705],[11.111372,49.839512],[11.123831,49.837847],[11.142043,49.844269],[11.167477,49.844738],[11.175268,49.833001],[11.190892,49.838421],[11.223322,49.835341],[11.231181,49.837484],[11.226956,49.857394],[11.23811,49.870473],[11.261219,49.873146],[11.270966,49.863444],[11.25791,49.856776],[11.263838,49.84417],[11.296128,49.810663],[11.298496,49.80436],[11.311188,49.799958],[11.33193,49.806088],[11.333744,49.81629],[11.366949,49.803397],[11.36654,49.798106],[11.34817,49.78395],[11.366613,49.777692],[11.380555,49.77698],[11.384435,49.756197],[11.372887,49.749742],[11.363794,49.739809],[11.365546,49.733576],[11.355799,49.723703],[11.366153,49.712484],[11.357863,49.707158],[11.375948,49.693451],[11.375465,49.688689],[11.362219,49.68063],[11.368694,49.666708]]]]}},{"type":"Feature","properties":{"NUTS_ID":"AT125","LEVL_CODE":3,"CNTR_CODE":"AT","NAME_LATN":"Weinviertel","NUTS_NAME":"Weinviertel","MOUNT_TYPE":4,"URBN_TYPE":3,"COAST_TYPE":3,"FID":"AT125"},"geometry":{"type":"MultiPolygon","coordinates":[[[[16.851106,48.438635],[16.836173,48.439764],[16.834624,48.453564],[16.815843,48.456454],[16.809413,48.462681],[16.807725,48.481205],[16.810952,48.496984],[16.793074,48.508744],[16.779686,48.485244],[16.765695,48.479834],[16.761751,48.473315],[16.739288,48.482959],[16.727945,48.466652],[16.671933,48.469103],[16.655778,48.48071],[16.637478,48.465002],[16.613612,48.474184],[16.606588,48.465051],[16.593815,48.470753],[16.574032,48.470825],[16.527369,48.476264],[16.525197,48.491039],[16.509945,48.491408],[16.495736,48.501257],[16.482697,48.496531],[16.47067,48.5056],[16.463187,48.501289],[16.451687,48.504242],[16.442201,48.513555],[16.427126,48.513973],[16.410422,48.509302],[16.398519,48.514932],[16.405447,48.531251],[16.402441,48.538952],[16.381219,48.542548],[16.366174,48.550121],[16.38859,48.565743],[16.395188,48.574699],[16.381166,48.57477],[16.368732,48.580405],[16.365086,48.592193],[16.354786,48.598213],[16.339998,48.597403],[16.341769,48.57872],[16.3219,48.587514],[16.314896,48.586814],[16.30594,48.567711],[16.289346,48.56697],[16.28258,48.554724],[16.265017,48.571476],[16.243437,48.568742],[16.232865,48.570123],[16.221636,48.562931],[16.216758,48.546006],[16.191656,48.541211],[16.181921,48.521717],[16.18998,48.512741],[16.184948,48.497074],[16.169478,48.472788],[16.152589,48.47768],[16.148296,48.469462],[16.131874,48.463411],[16.120529,48.465034],[16.103924,48.474207],[16.096562,48.4651],[16.077408,48.469052],[16.068278,48.474341],[16.070462,48.492898],[16.034641,48.488621],[16.014356,48.496728],[15.999613,48.494967],[15.988782,48.499254],[15.974153,48.489636],[15.962703,48.49105],[15.941687,48.484941],[15.929657,48.478862],[15.910571,48.478307],[15.904538,48.494217],[15.88922,48.49585],[15.871599,48.493535],[15.85807,48.494678],[15.85269,48.484218],[15.84036,48.490874],[15.813333,48.496321],[15.802465,48.486366],[15.783352,48.485303],[15.771713,48.500923],[15.754564,48.507292],[15.750193,48.519736],[15.73561,48.527008],[15.737988,48.539291],[15.762146,48.542036],[15.746837,48.554362],[15.747747,48.564317],[15.739954,48.569842],[15.760442,48.58174],[15.785617,48.581657],[15.798439,48.587064],[15.813702,48.584675],[15.823796,48.591607],[15.815955,48.599566],[15.829541,48.60222],[15.880575,48.604182],[15.907547,48.600331],[15.906476,48.622559],[15.912614,48.637267],[15.911228,48.652095],[15.928482,48.662833],[15.937549,48.663326],[15.940722,48.671738],[15.918777,48.676299],[15.903774,48.677165],[15.842194,48.688309],[15.832431,48.686412],[15.815274,48.692422],[15.814033,48.706099],[15.80781,48.711563],[15.822682,48.716324],[15.821299,48.725195],[15.807973,48.727235],[15.821774,48.74019],[15.853726,48.742912],[15.861632,48.749965],[15.865273,48.764104],[15.883622,48.767694],[15.878777,48.781124],[15.888555,48.785459],[15.867491,48.793424],[15.855076,48.789883],[15.841771,48.792622],[15.820236,48.802678],[15.822786,48.811365],[15.806465,48.81524],[15.802979,48.824598],[15.759272,48.824212],[15.734634,48.828954],[15.753634,48.852178],[15.770508,48.864108],[15.780197,48.874512],[15.827987,48.871459],[15.837971,48.876703],[15.851617,48.86716],[15.843523,48.859578],[15.864711,48.852698],[15.878114,48.858074],[15.884675,48.84411],[15.89566,48.847077],[15.90594,48.83604],[15.917149,48.838746],[15.929397,48.833551],[15.925006,48.824409],[15.952235,48.813917],[15.950033,48.805563],[15.970063,48.795317],[15.99551,48.778991],[16.048596,48.762027],[16.080344,48.7498],[16.102885,48.745396],[16.117974,48.746691],[16.138938,48.742749],[16.156227,48.748031],[16.189001,48.743264],[16.2235,48.740104],[16.248704,48.739627],[16.263055,48.737008],[16.268322,48.741337],[16.301495,48.739544],[16.312303,48.733391],[16.33181,48.731654],[16.340385,48.742551],[16.354403,48.740047],[16.352615,48.733365],[16.361051,48.728302],[16.380815,48.729707],[16.388977,48.738133],[16.395991,48.736993],[16.40898,48.742937],[16.421256,48.760775],[16.434998,48.76563],[16.436216,48.777932],[16.447085,48.790394],[16.448696,48.799379],[16.461892,48.804639],[16.479741,48.802094],[16.514673,48.802367],[16.51937,48.798834],[16.540749,48.814284],[16.565019,48.794239],[16.583167,48.791697],[16.593231,48.782793],[16.628501,48.780583],[16.645052,48.785694],[16.662095,48.781247],[16.675746,48.769658],[16.680119,48.749553],[16.673856,48.740961],[16.682586,48.727792],[16.700361,48.735925],[16.723505,48.737992],[16.736303,48.729977],[16.747371,48.731323],[16.753679,48.721062],[16.775138,48.712462],[16.789511,48.713334],[16.801389,48.707545],[16.806557,48.711734],[16.825906,48.710988],[16.83419,48.71583],[16.842332,48.711802],[16.86832,48.712606],[16.879319,48.722193],[16.887148,48.716334],[16.902164,48.717053],[16.90374,48.710762],[16.915992,48.700358],[16.917743,48.693795],[16.910479,48.678691],[16.923057,48.670187],[16.921297,48.645202],[16.928408,48.638637],[16.920054,48.622389],[16.940278,48.617245],[16.942024,48.606233],[16.934833,48.60224],[16.938855,48.583755],[16.935977,48.573018],[16.944134,48.559908],[16.943753,48.551564],[16.953112,48.543953],[16.942107,48.52186],[16.922542,48.520025],[16.913212,48.509758],[16.916974,48.497908],[16.904753,48.498135],[16.890998,48.492195],[16.895756,48.485942],[16.889236,48.476922],[16.880764,48.477467],[16.873476,48.467595],[16.860481,48.459991],[16.862322,48.452974],[16.850673,48.44878],[16.851106,48.438635]]]]}},{"type":"Feature","properties":{"NUTS_ID":"AT211","LEVL_CODE":3,"CNTR_CODE":"AT","NAME_LATN":"Klagenfurt-Villach","NUTS_NAME":"Klagenfurt-Villach","MOUNT_TYPE":3,"URBN_TYPE":2,"COAST_TYPE":3,"FID":"AT211"},"geometry":{"type":"MultiPolygon","coordinates":[[[[14.234174,46.700437],[14.253556,46.697769],[14.276908,46.70873],[14.301418,46.707268],[14.301034,46.693791],[14.334329,46.705633],[14.342278,46.702686],[14.356577,46.710762],[14.357829,46.723612],[14.374253,46.71858],[14.38257,46.724095],[14.391814,46.71731],[14.407203,46.723328],[14.418317,46.731091],[14.427081,46.732036],[14.436194,46.724787],[14.442922,46.727696],[14.454377,46.716743],[14.452861,46.707348],[14.470298,46.702439],[14.465982,46.688408],[14.485379,46.690771],[14.51475,46.676834],[14.517854,46.671101],[14.540666,46.657286],[14.526624,46.655036],[14.508263,46.645513],[14.527744,46.627128],[14.516296,46.599426],[14.500446,46.587729],[14.48503,46.563243],[14.473384,46.56172],[14.464247,46.567926],[14.456055,46.564977],[14.45757,46.552359],[14.468215,46.542982],[14.455602,46.533716],[14.449848,46.518666],[14.474893,46.514608],[14.485456,46.506957],[14.467048,46.494746],[14.467496,46.478623],[14.462354,46.470208],[14.462498,46.459627],[14.446911,46.454752],[14.4345,46.442943],[14.429098,46.446514],[14.396966,46.443805],[14.382406,46.439387],[14.349702,46.437174],[14.32755,46.43124],[14.308851,46.430853],[14.300785,46.438206],[14.2832,46.443498],[14.257186,46.438669],[14.237186,46.432236],[14.219379,46.442805],[14.205919,46.439647],[14.1911,46.443927],[14.176483,46.433958],[14.153396,46.436779],[14.150935,46.442436],[14.136394,46.449877],[14.135075,46.458034],[14.120138,46.476672],[14.101615,46.479219],[14.094336,46.484672],[14.073832,46.487211],[14.052269,46.492249],[14.038938,46.49242],[14.021388,46.482276],[14.006515,46.48136],[13.990568,46.488444],[13.975636,46.498266],[13.968232,46.497652],[13.941938,46.51157],[13.927777,46.514376],[13.912559,46.520716],[13.901132,46.518972],[13.882606,46.522221],[13.854061,46.513974],[13.831629,46.518285],[13.812539,46.506421],[13.79472,46.506141],[13.777143,46.517083],[13.765874,46.514962],[13.755489,46.517716],[13.733488,46.518673],[13.714185,46.522703],[13.690159,46.521295],[13.673853,46.523263],[13.621895,46.542197],[13.592154,46.545894],[13.581273,46.539369],[13.569756,46.54016],[13.562715,46.551056],[13.545858,46.553399],[13.519894,46.546901],[13.506342,46.556396],[13.504249,46.566304],[13.523858,46.569486],[13.548265,46.5781],[13.562823,46.595805],[13.563715,46.601735],[13.549263,46.612097],[13.543754,46.62259],[13.573183,46.642107],[13.576154,46.652788],[13.540666,46.655834],[13.526096,46.653367],[13.510409,46.65429],[13.478398,46.667729],[13.466784,46.663526],[13.465262,46.656284],[13.432956,46.657486],[13.433029,46.676464],[13.41851,46.685619],[13.418721,46.695795],[13.409166,46.698215],[13.410838,46.705185],[13.431698,46.70294],[13.44015,46.704832],[13.440488,46.713486],[13.423372,46.729251],[13.436349,46.736861],[13.430065,46.749277],[13.444649,46.765429],[13.455049,46.76916],[13.460969,46.757647],[13.493896,46.754258],[13.508869,46.745816],[13.542569,46.755778],[13.567362,46.751977],[13.58772,46.743475],[13.59401,46.749366],[13.604557,46.750867],[13.6166,46.758741],[13.606247,46.767499],[13.620291,46.775679],[13.650937,46.767271],[13.663969,46.781938],[13.684624,46.792709],[13.728123,46.786546],[13.751696,46.789765],[13.76133,46.787266],[13.773749,46.793897],[13.817335,46.787126],[13.831718,46.778154],[13.856696,46.780376],[13.878883,46.761293],[13.903868,46.765535],[13.911557,46.769382],[13.923644,46.763364],[13.924689,46.757415],[13.940436,46.755985],[13.947863,46.746463],[13.946746,46.735961],[13.95527,46.734851],[13.959477,46.71581],[13.953139,46.710001],[13.919595,46.695437],[13.925173,46.687929],[13.937808,46.687642],[13.955693,46.675549],[13.948333,46.657695],[13.966919,46.653501],[13.982735,46.655638],[14.012597,46.665567],[14.048159,46.664219],[14.051468,46.661278],[14.089566,46.676418],[14.096961,46.672754],[14.128802,46.675344],[14.142658,46.686858],[14.159921,46.677308],[14.172147,46.684888],[14.185957,46.700541],[14.195709,46.702564],[14.222353,46.698696],[14.234174,46.700437]]]]}},{"type":"Feature","properties":{"NUTS_ID":"DE133","LEVL_CODE":3,"CNTR_CODE":"DE","NAME_LATN":"Emmendingen","NUTS_NAME":"Emmendingen","MOUNT_TYPE":2,"URBN_TYPE":2,"COAST_TYPE":3,"FID":"DE133"},"geometry":{"type":"MultiPolygon","coordinates":[[[[8.180335,48.18392],[8.167536,48.175162],[8.154626,48.172903],[8.136597,48.163273],[8.141915,48.141443],[8.125374,48.131695],[8.129482,48.122151],[8.141653,48.113706],[8.152621,48.098709],[8.146603,48.084738],[8.155509,48.078192],[8.150445,48.067484],[8.129049,48.073061],[8.109786,48.063248],[8.113738,48.056689],[8.124638,48.052096],[8.127611,48.041146],[8.11732,48.03594],[8.115199,48.027268],[8.136648,48.009147],[8.122431,48.011346],[8.11713,48.021357],[8.098382,48.039179],[8.077734,48.044476],[8.073104,48.057344],[8.065934,48.0626],[8.047603,48.058721],[8.003805,48.059695],[7.994401,48.062803],[7.957226,48.06345],[7.949048,48.057681],[7.921755,48.065155],[7.912613,48.055352],[7.902027,48.057251],[7.8847,48.053159],[7.864879,48.055825],[7.850603,48.052036],[7.83675,48.057234],[7.824708,48.069026],[7.806039,48.075336],[7.789877,48.084143],[7.784094,48.080414],[7.772035,48.086854],[7.754725,48.086359],[7.76274,48.100376],[7.7497,48.113112],[7.733032,48.107824],[7.719164,48.110067],[7.700403,48.106459],[7.698454,48.112391],[7.681593,48.115711],[7.674799,48.111454],[7.648088,48.107828],[7.639741,48.113009],[7.612122,48.106977],[7.590866,48.108724],[7.577291,48.115655],[7.57792,48.121392],[7.597283,48.134299],[7.600365,48.140684],[7.599795,48.155742],[7.629519,48.183705],[7.647228,48.209692],[7.665095,48.220155],[7.680713,48.257267],[7.692916,48.25618],[7.7121,48.259277],[7.730365,48.244443],[7.734295,48.237754],[7.779489,48.240902],[7.815551,48.22506],[7.831202,48.234071],[7.8524,48.231786],[7.872678,48.224519],[7.904835,48.220803],[7.923839,48.209002],[7.935224,48.210402],[7.948891,48.203161],[7.963341,48.206365],[7.981071,48.20257],[8.001931,48.211431],[7.993844,48.223627],[8.017595,48.234155],[8.028288,48.232026],[8.034807,48.223365],[8.051351,48.221707],[8.06539,48.227732],[8.083917,48.221608],[8.092838,48.212899],[8.104309,48.208779],[8.118141,48.211184],[8.125373,48.219467],[8.137193,48.219411],[8.15151,48.228429],[8.163299,48.226955],[8.172921,48.210391],[8.187582,48.202268],[8.18168,48.19618],[8.180335,48.18392]]]]}},{"type":"Feature","properties":{"NUTS_ID":"DE227","LEVL_CODE":3,"CNTR_CODE":"DE","NAME_LATN":"Landshut, Landkreis","NUTS_NAME":"Landshut, Landkreis","MOUNT_TYPE":4,"URBN_TYPE":3,"COAST_TYPE":3,"FID":"DE227"},"geometry":{"type":"MultiPolygon","coordinates":[[[[12.135276,48.765912],[12.16351,48.75992],[12.168288,48.750336],[12.1847,48.745879],[12.197609,48.751016],[12.201165,48.74129],[12.221687,48.736188],[12.228696,48.726429],[12.249112,48.727859],[12.258514,48.721947],[12.269459,48.726363],[12.270889,48.736104],[12.286591,48.744494],[12.300551,48.746335],[12.307884,48.725465],[12.329386,48.721435],[12.328672,48.7155],[12.345621,48.70096],[12.339505,48.690251],[12.357938,48.684227],[12.375569,48.685187],[12.389467,48.674891],[12.384218,48.663092],[12.390659,48.659159],[12.398478,48.645117],[12.370126,48.642082],[12.374305,48.634275],[12.355856,48.6267],[12.360083,48.614349],[12.37378,48.605075],[12.370358,48.600538],[12.354997,48.59855],[12.357882,48.587475],[12.348997,48.580436],[12.348959,48.571834],[12.366571,48.566082],[12.373504,48.56903],[12.399278,48.551606],[12.399535,48.541217],[12.40742,48.53645],[12.419901,48.545996],[12.435055,48.55114],[12.44122,48.557736],[12.476121,48.561217],[12.495425,48.557518],[12.506359,48.547322],[12.484599,48.53301],[12.495592,48.516707],[12.507485,48.514918],[12.508154,48.502975],[12.505142,48.497524],[12.484618,48.492701],[12.470559,48.486381],[12.479979,48.456035],[12.477879,48.4476],[12.483791,48.429675],[12.470809,48.415409],[12.459231,48.416827],[12.451053,48.411241],[12.430853,48.413864],[12.440598,48.398178],[12.438045,48.386941],[12.417968,48.372225],[12.413098,48.361462],[12.399667,48.363578],[12.387646,48.358498],[12.381194,48.34971],[12.362861,48.344391],[12.359741,48.335127],[12.347752,48.330751],[12.330414,48.33951],[12.328463,48.330518],[12.304127,48.317164],[12.302208,48.330304],[12.289394,48.330539],[12.257836,48.327015],[12.250551,48.321946],[12.234203,48.33107],[12.231897,48.349511],[12.218695,48.350728],[12.208979,48.360889],[12.18841,48.371288],[12.195183,48.380813],[12.188089,48.390008],[12.170003,48.398162],[12.171319,48.406653],[12.165018,48.419807],[12.148201,48.425335],[12.130014,48.418123],[12.108527,48.424841],[12.086002,48.42466],[12.071481,48.42725],[12.020771,48.416308],[12.0221,48.425849],[12.017123,48.430676],[12.012643,48.444993],[11.995807,48.458522],[12.008416,48.484917],[12.007721,48.496573],[11.991827,48.492993],[11.974916,48.492386],[11.959152,48.499819],[11.974081,48.51283],[11.961402,48.532323],[11.968511,48.538059],[11.96327,48.546002],[11.972032,48.551233],[11.962244,48.557983],[11.963763,48.568608],[11.956761,48.577979],[11.94097,48.573982],[11.910187,48.585231],[11.906519,48.593635],[11.89667,48.597845],[11.906361,48.606993],[11.894482,48.61445],[11.897745,48.622704],[11.884392,48.628874],[11.889809,48.644504],[11.878649,48.654029],[11.881652,48.665675],[11.89155,48.667381],[11.899542,48.683223],[11.887255,48.690262],[11.890646,48.70008],[11.906896,48.701846],[11.913311,48.711017],[11.927657,48.711895],[11.941831,48.721139],[11.9771,48.735326],[11.988678,48.742695],[11.993059,48.752048],[12.002744,48.750799],[12.019074,48.755142],[12.041352,48.756701],[12.053118,48.751438],[12.063161,48.754217],[12.082245,48.751363],[12.091611,48.770654],[12.097496,48.771992],[12.106789,48.764923],[12.11588,48.76894],[12.135276,48.765912]],[[12.221176,48.583007],[12.210113,48.572421],[12.188338,48.56433],[12.169247,48.55063],[12.138721,48.567399],[12.132452,48.575549],[12.121654,48.572678],[12.125968,48.560872],[12.117865,48.556886],[12.116974,48.546983],[12.104787,48.546204],[12.063535,48.535088],[12.063837,48.529255],[12.039299,48.524271],[12.026023,48.523683],[12.027532,48.514936],[12.058733,48.510807],[12.084163,48.516303],[12.093773,48.514795],[12.118819,48.518653],[12.138995,48.51158],[12.149037,48.511852],[12.169645,48.517504],[12.183017,48.518798],[12.188144,48.53015],[12.209882,48.533835],[12.216103,48.52603],[12.225757,48.531138],[12.218814,48.549747],[12.228258,48.548987],[12.24176,48.558138],[12.251219,48.558309],[12.251234,48.568447],[12.266671,48.580326],[12.27777,48.582099],[12.281682,48.58991],[12.268911,48.595282],[12.245606,48.592527],[12.221176,48.583007]]]]}},{"type":"Feature","properties":{"NUTS_ID":"DE228","LEVL_CODE":3,"CNTR_CODE":"DE","NAME_LATN":"Passau, Landkreis","NUTS_NAME":"Passau, Landkreis","MOUNT_TYPE":4,"URBN_TYPE":3,"COAST_TYPE":3,"FID":"DE228"},"geometry":{"type":"MultiPolygon","coordinates":[[[[13.796107,48.7136],[13.810946,48.708165],[13.813904,48.701505],[13.837341,48.700128],[13.833604,48.6919],[13.81928,48.694461],[13.813842,48.683819],[13.819078,48.674069],[13.81473,48.649607],[13.82306,48.641849],[13.825764,48.618616],[13.815179,48.61331],[13.802269,48.596902],[13.806641,48.585122],[13.800997,48.57369],[13.790481,48.571258],[13.770883,48.554233],[13.756388,48.565189],[13.744282,48.54406],[13.748466,48.538297],[13.744684,48.528212],[13.734236,48.525099],[13.727091,48.513019],[13.705926,48.517699],[13.694189,48.524906],[13.662478,48.535256],[13.653285,48.548906],[13.624901,48.554531],[13.599392,48.569062],[13.590917,48.568576],[13.583136,48.560981],[13.566196,48.562579],[13.528399,48.586507],[13.513369,48.590978],[13.513847,48.601333],[13.503663,48.605784],[13.482352,48.603806],[13.47212,48.59586],[13.454328,48.598647],[13.443874,48.609468],[13.43304,48.606304],[13.416472,48.610476],[13.409036,48.604853],[13.399756,48.609613],[13.381952,48.612548],[13.373743,48.608653],[13.352355,48.609291],[13.350452,48.602208],[13.320701,48.604445],[13.308126,48.608033],[13.303455,48.601446],[13.316961,48.58856],[13.327243,48.58922],[13.337255,48.581698],[13.352276,48.577902],[13.352027,48.567138],[13.366752,48.557674],[13.386012,48.555223],[13.393412,48.545244],[13.406249,48.541074],[13.409689,48.549601],[13.43843,48.548895],[13.449838,48.536775],[13.444932,48.528091],[13.457108,48.511443],[13.42726,48.456553],[13.439803,48.433981],[13.42318,48.407012],[13.417448,48.383861],[13.407838,48.37216],[13.374055,48.35647],[13.34135,48.331692],[13.314484,48.316422],[13.253686,48.293156],[13.195491,48.295464],[13.177043,48.29439],[13.173036,48.310864],[13.151853,48.324737],[13.152396,48.338524],[13.141873,48.339365],[13.122448,48.347046],[13.110241,48.342211],[13.092253,48.354293],[13.090633,48.36515],[13.08166,48.370699],[13.09641,48.387752],[13.123698,48.396466],[13.146482,48.397726],[13.156666,48.412423],[13.168902,48.410661],[13.170525,48.425716],[13.159328,48.426579],[13.15145,48.434637],[13.118365,48.448157],[13.114523,48.476272],[13.115648,48.48726],[13.085388,48.48899],[13.094216,48.508353],[13.095084,48.526791],[13.100555,48.540277],[13.096662,48.547154],[13.077833,48.547692],[13.073318,48.554067],[13.045457,48.550169],[13.025626,48.543462],[13.016189,48.534652],[13.000602,48.533882],[13.000247,48.546366],[13.022739,48.559657],[13.012787,48.583041],[12.994264,48.580063],[12.984014,48.586406],[12.994285,48.600613],[13.005705,48.604579],[13.018663,48.599518],[13.019007,48.609615],[13.027326,48.627748],[13.041408,48.622818],[13.057944,48.626842],[13.061558,48.622213],[13.081608,48.626266],[13.093693,48.622848],[13.0922,48.635386],[13.104857,48.644594],[13.096723,48.656749],[13.101695,48.67169],[13.116275,48.688893],[13.138739,48.694249],[13.148123,48.70535],[13.165787,48.699323],[13.172723,48.700952],[13.20143,48.698115],[13.213535,48.709277],[13.224807,48.714381],[13.248881,48.713648],[13.258705,48.741063],[13.28079,48.736612],[13.289666,48.731442],[13.305619,48.734883],[13.309026,48.741395],[13.321231,48.743601],[13.344917,48.736485],[13.351676,48.742877],[13.356541,48.755616],[13.381952,48.753837],[13.398789,48.757081],[13.425652,48.752214],[13.442523,48.724882],[13.461108,48.713912],[13.473669,48.720325],[13.492394,48.721323],[13.499028,48.728045],[13.521046,48.724896],[13.529622,48.714106],[13.550597,48.709103],[13.554787,48.699687],[13.568082,48.697999],[13.573996,48.69111],[13.587903,48.688179],[13.59024,48.683463],[13.616291,48.683783],[13.626322,48.692382],[13.653312,48.68531],[13.667813,48.684385],[13.676058,48.687493],[13.707901,48.691565],[13.735515,48.689232],[13.72153,48.706162],[13.730308,48.713097],[13.750497,48.716526],[13.761262,48.711935],[13.770689,48.723173],[13.77735,48.724463],[13.796107,48.7136]]]]}},{"type":"Feature","properties":{"NUTS_ID":"DE148","LEVL_CODE":3,"CNTR_CODE":"DE","NAME_LATN":"Ravensburg","NUTS_NAME":"Ravensburg","MOUNT_TYPE":4,"URBN_TYPE":2,"COAST_TYPE":3,"FID":"DE148"},"geometry":{"type":"MultiPolygon","coordinates":[[[[9.604913,48.002284],[9.615198,47.98828],[9.611489,47.983837],[9.622415,47.96708],[9.646775,47.967069],[9.663645,47.975192],[9.684489,47.968628],[9.692888,47.98249],[9.701764,47.982485],[9.712362,47.971784],[9.724727,47.980301],[9.740889,47.973545],[9.74845,47.975485],[9.769352,47.967093],[9.768079,47.957056],[9.778113,47.958086],[9.796249,47.953285],[9.801107,47.960078],[9.825664,47.96052],[9.839675,47.954566],[9.858831,47.964599],[9.87159,47.981624],[9.878542,47.979911],[9.903908,47.984731],[9.920722,47.977229],[9.925601,47.966546],[9.944625,47.96501],[9.956429,47.958834],[9.977158,47.966745],[9.984624,47.974794],[9.991749,47.964545],[10.007778,47.969193],[10.008269,47.952532],[10.033326,47.94631],[10.052211,47.953644],[10.066892,47.973705],[10.088953,47.981664],[10.104207,47.974358],[10.088845,47.969501],[10.085066,47.956804],[10.093783,47.944827],[10.110136,47.93715],[10.105791,47.924776],[10.109488,47.911114],[10.101604,47.903956],[10.10464,47.88288],[10.091494,47.867797],[10.076755,47.867809],[10.083622,47.856365],[10.098011,47.854711],[10.103266,47.84242],[10.131929,47.820087],[10.126001,47.812755],[10.112351,47.807146],[10.115136,47.801244],[10.092139,47.803221],[10.08799,47.797958],[10.066546,47.78529],[10.081134,47.779093],[10.085527,47.770508],[10.115966,47.760734],[10.114645,47.73811],[10.118335,47.733117],[10.11924,47.715143],[10.139438,47.703273],[10.129113,47.690903],[10.129328,47.676931],[10.110801,47.666435],[10.093724,47.670353],[10.093351,47.664172],[10.083057,47.654654],[10.077293,47.639274],[10.07259,47.643297],[10.074366,47.658498],[10.068097,47.664146],[10.059312,47.679813],[10.044785,47.675832],[10.028406,47.67808],[10.029005,47.685712],[9.997936,47.679438],[9.976568,47.665148],[9.975449,47.65742],[9.95906,47.652914],[9.940977,47.657116],[9.932626,47.653955],[9.916105,47.660602],[9.893178,47.663669],[9.879121,47.674071],[9.85992,47.677664],[9.841865,47.677123],[9.831501,47.671475],[9.827687,47.657538],[9.815738,47.650104],[9.799192,47.649688],[9.794685,47.635796],[9.778836,47.63024],[9.766405,47.619373],[9.755491,47.614118],[9.734341,47.616526],[9.72611,47.607248],[9.705906,47.602185],[9.692151,47.610423],[9.683042,47.628116],[9.688591,47.635569],[9.708005,47.631851],[9.731704,47.639358],[9.743378,47.654991],[9.738315,47.666307],[9.730541,47.668101],[9.72878,47.681108],[9.712145,47.686611],[9.695717,47.687561],[9.68336,47.682819],[9.665332,47.68423],[9.652957,47.691201],[9.654718,47.705517],[9.6355,47.704373],[9.624682,47.700308],[9.620087,47.710254],[9.598481,47.725335],[9.588741,47.726257],[9.569183,47.736562],[9.565277,47.732595],[9.541423,47.734705],[9.52584,47.731583],[9.493661,47.737829],[9.499964,47.752784],[9.485113,47.754026],[9.486948,47.760155],[9.467195,47.764677],[9.458285,47.756415],[9.443507,47.763375],[9.434607,47.776342],[9.438408,47.782415],[9.456146,47.791709],[9.461565,47.808335],[9.45549,47.812051],[9.439418,47.812365],[9.446165,47.825446],[9.429746,47.824099],[9.422923,47.818091],[9.409415,47.821605],[9.403901,47.833554],[9.401806,47.848066],[9.396522,47.852526],[9.400986,47.860513],[9.389531,47.861611],[9.379211,47.870929],[9.378019,47.88161],[9.401052,47.901619],[9.403921,47.916318],[9.412451,47.921221],[9.401861,47.931012],[9.406355,47.939884],[9.419794,47.938299],[9.428201,47.952061],[9.425419,47.959853],[9.446406,47.957736],[9.468146,47.962442],[9.480883,47.958728],[9.504356,47.974615],[9.517526,47.989333],[9.532574,47.975785],[9.535433,47.967841],[9.547812,47.964129],[9.552205,47.969533],[9.564294,47.970024],[9.563575,47.983658],[9.554815,47.98579],[9.555556,48.004822],[9.565663,48.001921],[9.567509,47.995407],[9.581297,47.999797],[9.604913,48.002284]]]]}},{"type":"Feature","properties":{"NUTS_ID":"DE149","LEVL_CODE":3,"CNTR_CODE":"DE","NAME_LATN":"Sigmaringen","NUTS_NAME":"Sigmaringen","MOUNT_TYPE":4,"URBN_TYPE":3,"COAST_TYPE":3,"FID":"DE149"},"geometry":{"type":"MultiPolygon","coordinates":[[[[9.347567,48.239501],[9.33678,48.237257],[9.328761,48.227318],[9.307374,48.221837],[9.313615,48.213222],[9.311786,48.202374],[9.318998,48.187167],[9.30316,48.177428],[9.298797,48.163501],[9.287676,48.158956],[9.268519,48.159014],[9.275072,48.149841],[9.291948,48.1381],[9.317244,48.129975],[9.319246,48.120107],[9.32722,48.111949],[9.340403,48.110917],[9.355545,48.104498],[9.352709,48.094867],[9.364939,48.092865],[9.397216,48.09353],[9.395577,48.098849],[9.411704,48.101904],[9.418692,48.092053],[9.429428,48.086873],[9.450319,48.082097],[9.456117,48.076408],[9.480894,48.073843],[9.501271,48.075688],[9.512142,48.063847],[9.5271,48.065052],[9.537156,48.053662],[9.548881,48.047706],[9.568716,48.044412],[9.578483,48.033267],[9.580031,48.023416],[9.590484,48.021551],[9.603665,48.009675],[9.604913,48.002284],[9.581297,47.999797],[9.567509,47.995407],[9.565663,48.001921],[9.555556,48.004822],[9.554815,47.98579],[9.563575,47.983658],[9.564294,47.970024],[9.552205,47.969533],[9.547812,47.964129],[9.535433,47.967841],[9.532574,47.975785],[9.517526,47.989333],[9.504356,47.974615],[9.480883,47.958728],[9.468146,47.962442],[9.446406,47.957736],[9.425419,47.959853],[9.428201,47.952061],[9.419794,47.938299],[9.406355,47.939884],[9.401861,47.931012],[9.412451,47.921221],[9.403921,47.916318],[9.401052,47.901619],[9.378019,47.88161],[9.379211,47.870929],[9.389531,47.861611],[9.400986,47.860513],[9.396522,47.852526],[9.401806,47.848066],[9.403901,47.833554],[9.409415,47.821605],[9.400177,47.818648],[9.378754,47.83129],[9.340403,47.856569],[9.340403,47.860544],[9.321314,47.866738],[9.305063,47.858464],[9.284497,47.864746],[9.276865,47.864538],[9.269541,47.879982],[9.258724,47.881965],[9.238446,47.876522],[9.250167,47.868634],[9.24324,47.864985],[9.237299,47.853342],[9.221289,47.858229],[9.21168,47.854437],[9.203531,47.845502],[9.189574,47.841755],[9.185295,47.84697],[9.170026,47.841197],[9.162581,47.844452],[9.128582,47.846817],[9.121266,47.859687],[9.14474,47.873146],[9.148673,47.882745],[9.147811,47.896926],[9.128855,47.89882],[9.116985,47.904854],[9.105022,47.906297],[9.096895,47.913727],[9.067534,47.916528],[9.069595,47.930516],[9.078009,47.9413],[9.059379,47.939973],[9.04893,47.93589],[9.012045,47.936923],[9.019712,47.94709],[9.01447,47.951307],[9.019372,47.962308],[9.01217,47.97436],[9.020874,47.979718],[9.019432,47.988617],[9.007006,47.999617],[9.013591,48.004526],[9.012365,48.016299],[9.006578,48.025955],[8.977324,48.032552],[8.971929,48.038993],[8.960275,48.035672],[8.953483,48.041907],[8.935526,48.047335],[8.935558,48.057812],[8.949055,48.056011],[8.975688,48.056508],[8.989524,48.061759],[8.996306,48.070804],[8.976729,48.086516],[8.961846,48.092009],[8.953761,48.107279],[8.955352,48.119916],[8.983568,48.124506],[8.988387,48.134253],[9.010753,48.159542],[9.033456,48.165233],[9.065133,48.151734],[9.08948,48.149259],[9.111617,48.156951],[9.12078,48.145756],[9.134663,48.145506],[9.147345,48.141263],[9.16568,48.146954],[9.175952,48.162287],[9.186935,48.171918],[9.177971,48.18153],[9.176056,48.196971],[9.185295,48.210485],[9.159693,48.222063],[9.130669,48.22817],[9.12548,48.234042],[9.111617,48.236454],[9.107458,48.252092],[9.132633,48.2622],[9.148573,48.262384],[9.165061,48.268259],[9.182743,48.269851],[9.187028,48.280836],[9.201184,48.286754],[9.219007,48.279548],[9.221792,48.269148],[9.250245,48.268545],[9.269477,48.279523],[9.269696,48.286959],[9.288648,48.284897],[9.299492,48.269969],[9.311264,48.259589],[9.324561,48.257735],[9.348447,48.242813],[9.347567,48.239501]]]]}},{"type":"Feature","properties":{"NUTS_ID":"DE211","LEVL_CODE":3,"CNTR_CODE":"DE","NAME_LATN":"Ingolstadt, Kreisfreie Stadt","NUTS_NAME":"Ingolstadt, Kreisfreie Stadt","MOUNT_TYPE":4,"URBN_TYPE":2,"COAST_TYPE":3,"FID":"DE211"},"geometry":{"type":"MultiPolygon","coordinates":[[[[11.489323,48.745004],[11.490715,48.736203],[11.486077,48.727236],[11.455381,48.726954],[11.442345,48.721068],[11.433286,48.711417],[11.433112,48.699371],[11.416402,48.694353],[11.399845,48.694062],[11.393637,48.684677],[11.374685,48.689893],[11.367792,48.705238],[11.357373,48.710435],[11.354288,48.719018],[11.357815,48.727919],[11.34839,48.7302],[11.327797,48.721928],[11.315083,48.730258],[11.303665,48.749936],[11.29694,48.750362],[11.273636,48.762659],[11.255916,48.779428],[11.260163,48.789854],[11.273923,48.790803],[11.306141,48.781865],[11.32621,48.786195],[11.341341,48.784354],[11.355547,48.777694],[11.365939,48.78179],[11.385062,48.781576],[11.390566,48.790881],[11.382714,48.79628],[11.390445,48.80336],[11.389335,48.814141],[11.398917,48.822501],[11.407947,48.816899],[11.428628,48.810788],[11.430163,48.805954],[11.447912,48.799449],[11.449939,48.794373],[11.493187,48.787842],[11.499217,48.784398],[11.49514,48.775677],[11.502546,48.761168],[11.489323,48.745004]]]]}},{"type":"Feature","properties":{"NUTS_ID":"DE24A","LEVL_CODE":3,"CNTR_CODE":"DE","NAME_LATN":"Kronach","NUTS_NAME":"Kronach","MOUNT_TYPE":3,"URBN_TYPE":3,"COAST_TYPE":3,"FID":"DE24A"},"geometry":{"type":"MultiPolygon","coordinates":[[[[11.60329,50.398766],[11.609914,50.389808],[11.600385,50.384729],[11.58001,50.384715],[11.568765,50.378813],[11.579417,50.370593],[11.574427,50.362471],[11.541078,50.355478],[11.538183,50.336484],[11.529404,50.328781],[11.56212,50.300053],[11.564661,50.287837],[11.537063,50.275266],[11.541264,50.265412],[11.516822,50.25706],[11.488407,50.25046],[11.475984,50.234092],[11.464039,50.23786],[11.456253,50.229049],[11.441457,50.22253],[11.41978,50.202938],[11.419606,50.197504],[11.434647,50.183395],[11.405647,50.176106],[11.396361,50.176449],[11.376071,50.192314],[11.36449,50.185918],[11.360588,50.166564],[11.342196,50.160312],[11.319481,50.160181],[11.303403,50.16374],[11.282444,50.161147],[11.255422,50.171502],[11.248912,50.183825],[11.239385,50.186762],[11.225079,50.184899],[11.233573,50.200623],[11.22571,50.20376],[11.198185,50.202095],[11.184144,50.199832],[11.169568,50.206449],[11.181463,50.210612],[11.180759,50.224466],[11.191152,50.228222],[11.191123,50.242218],[11.178346,50.249424],[11.194525,50.252042],[11.201078,50.25651],[11.189943,50.271185],[11.190359,50.281076],[11.199192,50.29104],[11.224614,50.277571],[11.247432,50.268289],[11.259778,50.274946],[11.259305,50.287327],[11.254056,50.29863],[11.269472,50.306524],[11.257234,50.322358],[11.261893,50.32589],[11.261329,50.337912],[11.277099,50.335962],[11.267096,50.350581],[11.283522,50.36049],[11.274039,50.383285],[11.26455,50.388302],[11.270869,50.394203],[11.259018,50.399973],[11.26815,50.418404],[11.267825,50.431709],[11.262816,50.442464],[11.24759,50.449329],[11.254893,50.456423],[11.245521,50.470533],[11.24787,50.477773],[11.265938,50.479421],[11.301925,50.488036],[11.318678,50.489319],[11.324712,50.497033],[11.322366,50.50877],[11.344504,50.510798],[11.3452,50.520926],[11.370465,50.522827],[11.387293,50.516221],[11.393409,50.519783],[11.407776,50.515939],[11.423147,50.515898],[11.440998,50.500673],[11.43542,50.492598],[11.419769,50.49355],[11.423415,50.484175],[11.41619,50.468119],[11.422753,50.46181],[11.420631,50.443366],[11.440101,50.438417],[11.449986,50.431565],[11.481568,50.431621],[11.487751,50.415779],[11.478908,50.402439],[11.489851,50.396774],[11.501058,50.399547],[11.517907,50.395021],[11.520428,50.374898],[11.545439,50.383792],[11.559258,50.384092],[11.57322,50.399596],[11.592991,50.402385],[11.60329,50.398766]]]]}},{"type":"Feature","properties":{"NUTS_ID":"DE24B","LEVL_CODE":3,"CNTR_CODE":"DE","NAME_LATN":"Kulmbach","NUTS_NAME":"Kulmbach","MOUNT_TYPE":4,"URBN_TYPE":3,"COAST_TYPE":3,"FID":"DE24B"},"geometry":{"type":"MultiPolygon","coordinates":[[[[11.678085,50.124602],[11.67618,50.096484],[11.684682,50.087362],[11.658423,50.076618],[11.650507,50.069811],[11.641453,50.072883],[11.6329,50.06816],[11.63752,50.058267],[11.651241,50.053575],[11.651212,50.04496],[11.62867,50.041816],[11.631012,50.036366],[11.613216,50.034538],[11.601204,50.027333],[11.594635,50.017636],[11.576156,50.008725],[11.565696,50.012176],[11.548496,50.003074],[11.528166,50.005511],[11.522784,49.999376],[11.511477,49.998061],[11.487175,49.990612],[11.47603,49.994474],[11.46492,49.982632],[11.447544,49.979757],[11.434114,49.991496],[11.4187,49.988642],[11.415582,49.975155],[11.428324,49.964804],[11.418488,49.959991],[11.397231,49.960713],[11.383097,49.934924],[11.364367,49.938898],[11.348077,49.945982],[11.342801,49.952792],[11.31985,49.959167],[11.316466,49.963136],[11.279724,49.967137],[11.286009,49.979976],[11.284843,49.985894],[11.265987,49.992279],[11.256807,49.999958],[11.253746,50.015316],[11.275168,50.019378],[11.302837,50.039268],[11.294997,50.045161],[11.309304,50.058668],[11.299133,50.071023],[11.305079,50.084063],[11.320544,50.084267],[11.310298,50.098455],[11.301529,50.103177],[11.313395,50.113928],[11.32573,50.113294],[11.341698,50.132152],[11.357785,50.135922],[11.350016,50.146642],[11.341011,50.150124],[11.342196,50.160312],[11.360588,50.166564],[11.36449,50.185918],[11.376071,50.192314],[11.396361,50.176449],[11.405647,50.176106],[11.434647,50.183395],[11.419606,50.197504],[11.41978,50.202938],[11.441457,50.22253],[11.456253,50.229049],[11.464039,50.23786],[11.475984,50.234092],[11.488407,50.25046],[11.516822,50.25706],[11.541264,50.265412],[11.580508,50.254849],[11.606217,50.267961],[11.609258,50.260272],[11.610402,50.234203],[11.601027,50.226518],[11.626241,50.226251],[11.632617,50.230688],[11.654214,50.229949],[11.654436,50.203895],[11.669503,50.20362],[11.669626,50.194142],[11.676403,50.191833],[11.674334,50.180688],[11.660559,50.176358],[11.651353,50.162182],[11.669439,50.156621],[11.682796,50.162255],[11.683011,50.152104],[11.673945,50.145692],[11.676796,50.138128],[11.657832,50.141356],[11.647693,50.138796],[11.642785,50.12915],[11.645904,50.121591],[11.656105,50.115693],[11.668342,50.124364],[11.678085,50.124602]]]]}},{"type":"Feature","properties":{"NUTS_ID":"DE24C","LEVL_CODE":3,"CNTR_CODE":"DE","NAME_LATN":"Lichtenfels","NUTS_NAME":"Lichtenfels","MOUNT_TYPE":4,"URBN_TYPE":3,"COAST_TYPE":3,"FID":"DE24C"},"geometry":{"type":"MultiPolygon","coordinates":[[[[11.198185,50.202095],[11.22571,50.20376],[11.233573,50.200623],[11.225079,50.184899],[11.239385,50.186762],[11.248912,50.183825],[11.255422,50.171502],[11.282444,50.161147],[11.303403,50.16374],[11.319481,50.160181],[11.342196,50.160312],[11.341011,50.150124],[11.350016,50.146642],[11.357785,50.135922],[11.341698,50.132152],[11.32573,50.113294],[11.313395,50.113928],[11.301529,50.103177],[11.310298,50.098455],[11.320544,50.084267],[11.305079,50.084063],[11.299133,50.071023],[11.309304,50.058668],[11.294997,50.045161],[11.302837,50.039268],[11.275168,50.019378],[11.253746,50.015316],[11.256807,49.999958],[11.246398,49.989563],[11.220639,50.003851],[11.222554,50.010371],[11.208834,50.015449],[11.192629,50.008673],[11.184293,50.01415],[11.181654,50.024059],[11.168917,50.016693],[11.147399,50.021425],[11.153499,50.03114],[11.171892,50.03367],[11.191427,50.045074],[11.194648,50.051105],[11.178994,50.057906],[11.158416,50.052218],[11.150329,50.043912],[11.123679,50.048387],[11.102865,50.037671],[11.083809,50.037767],[11.061853,50.034672],[11.046233,50.025174],[11.021172,50.028345],[11.011101,50.017549],[10.99939,50.016519],[10.983888,50.020855],[10.992967,50.029271],[10.988941,50.036442],[10.97887,50.040766],[10.96178,50.040143],[10.950234,50.049135],[10.935489,50.045355],[10.931518,50.035257],[10.916713,50.041961],[10.894078,50.036979],[10.902895,50.048851],[10.895064,50.052735],[10.888067,50.063905],[10.891199,50.087445],[10.884773,50.093142],[10.884749,50.105115],[10.892396,50.11125],[10.909614,50.113269],[10.91807,50.119065],[10.937457,50.112711],[10.947452,50.126401],[10.928325,50.138629],[10.923312,50.150338],[10.950295,50.155535],[10.956059,50.162494],[10.955814,50.172374],[10.980591,50.1731],[11.008489,50.179096],[11.001103,50.185381],[11.009665,50.192979],[10.98536,50.211697],[11.03178,50.21853],[11.064306,50.206362],[11.077951,50.209532],[11.089461,50.204623],[11.102574,50.210439],[11.118007,50.202762],[11.122777,50.194916],[11.138122,50.192952],[11.15244,50.197768],[11.161092,50.18859],[11.180591,50.186017],[11.198185,50.202095]]]]}},{"type":"Feature","properties":{"NUTS_ID":"DE25C","LEVL_CODE":3,"CNTR_CODE":"DE","NAME_LATN":"Weißenburg-Gunzenhausen","NUTS_NAME":"Weißenburg-Gunzenhausen","MOUNT_TYPE":4,"URBN_TYPE":3,"COAST_TYPE":3,"FID":"DE25C"},"geometry":{"type":"MultiPolygon","coordinates":[[[[10.837641,49.197751],[10.841965,49.188086],[10.872508,49.187157],[10.867691,49.178949],[10.855851,49.169285],[10.855321,49.161675],[10.871152,49.158909],[10.877197,49.154],[10.894794,49.151108],[10.90641,49.138052],[10.937117,49.131748],[10.942226,49.141492],[10.938872,49.148039],[10.965891,49.151759],[10.985165,49.156437],[10.995508,49.155082],[10.995389,49.144965],[11.012553,49.144532],[11.03575,49.134645],[11.051743,49.125185],[11.065353,49.129713],[11.082377,49.116956],[11.081442,49.106942],[11.095285,49.098544],[11.107999,49.095786],[11.114459,49.089383],[11.15244,49.080936],[11.162378,49.086303],[11.169147,49.072606],[11.181553,49.058381],[11.201364,49.046551],[11.187407,49.036372],[11.179006,49.026074],[11.190023,49.019241],[11.163309,49.013767],[11.162407,48.996881],[11.144242,48.991094],[11.147828,48.983952],[11.141929,48.973785],[11.142375,48.965182],[11.10575,48.966558],[11.084571,48.961146],[11.071428,48.95358],[11.069508,48.948449],[11.051769,48.932303],[11.06549,48.925042],[11.072489,48.912989],[11.060469,48.913155],[11.043672,48.900677],[11.029405,48.894752],[11.021505,48.885103],[11.007734,48.885986],[10.974122,48.878719],[10.964127,48.869045],[10.963721,48.860072],[10.948098,48.864528],[10.936839,48.863276],[10.925776,48.87212],[10.916019,48.873781],[10.905568,48.881981],[10.868746,48.875915],[10.869658,48.88305],[10.853942,48.885319],[10.854059,48.896224],[10.832325,48.898271],[10.824888,48.896207],[10.810674,48.907856],[10.831238,48.917507],[10.825533,48.930279],[10.81386,48.937678],[10.80704,48.948083],[10.788194,48.939252],[10.770778,48.92556],[10.765598,48.916586],[10.754916,48.923936],[10.738145,48.924243],[10.727374,48.904913],[10.713952,48.899838],[10.707082,48.907375],[10.69717,48.907841],[10.678996,48.913998],[10.669295,48.920852],[10.685045,48.930265],[10.692496,48.939227],[10.693911,48.952607],[10.667918,48.983817],[10.657464,48.985641],[10.642493,48.982336],[10.63113,48.992881],[10.638051,48.999283],[10.642255,49.016631],[10.66709,49.017905],[10.678859,49.034342],[10.677882,49.040127],[10.687758,49.047082],[10.681228,49.059497],[10.688235,49.071303],[10.673743,49.073053],[10.672289,49.083089],[10.657688,49.082143],[10.646207,49.089986],[10.64826,49.102295],[10.663422,49.115918],[10.653455,49.121573],[10.655083,49.132642],[10.666918,49.133589],[10.671492,49.1406],[10.693664,49.151849],[10.702944,49.167892],[10.713067,49.169849],[10.709619,49.178177],[10.724255,49.186558],[10.736143,49.188452],[10.740759,49.196344],[10.758494,49.202635],[10.777776,49.204596],[10.799964,49.198254],[10.837641,49.197751]]]]}},{"type":"Feature","properties":{"NUTS_ID":"DE261","LEVL_CODE":3,"CNTR_CODE":"DE","NAME_LATN":"Aschaffenburg, Kreisfreie Stadt","NUTS_NAME":"Aschaffenburg, Kreisfreie Stadt","MOUNT_TYPE":4,"URBN_TYPE":1,"COAST_TYPE":3,"FID":"DE261"},"geometry":{"type":"MultiPolygon","coordinates":[[[[9.237796,49.9348],[9.219165,49.935484],[9.185295,49.926662],[9.168806,49.930835],[9.161293,49.92345],[9.144209,49.920614],[9.136736,49.92941],[9.117335,49.937617],[9.10724,49.930858],[9.083733,49.956206],[9.096009,49.958714],[9.084763,49.969202],[9.106724,49.974433],[9.111563,49.981329],[9.104318,49.989252],[9.086811,49.997557],[9.08046,50.007501],[9.096571,50.015867],[9.108798,50.006595],[9.126971,50.014047],[9.136155,50.003029],[9.159065,49.999608],[9.169817,49.988709],[9.193049,49.979189],[9.19382,49.973909],[9.182886,49.964706],[9.198374,49.954207],[9.211299,49.954188],[9.234787,49.940793],[9.237796,49.9348]]]]}},{"type":"Feature","properties":{"NUTS_ID":"DE262","LEVL_CODE":3,"CNTR_CODE":"DE","NAME_LATN":"Schweinfurt, Kreisfreie Stadt","NUTS_NAME":"Schweinfurt, Kreisfreie Stadt","MOUNT_TYPE":4,"URBN_TYPE":2,"COAST_TYPE":3,"FID":"DE262"},"geometry":{"type":"MultiPolygon","coordinates":[[[[10.234795,50.094841],[10.239328,50.091506],[10.238469,50.079128],[10.247129,50.077723],[10.254745,50.087135],[10.272159,50.055792],[10.254624,50.049304],[10.242492,50.040562],[10.240516,50.023009],[10.232114,50.015065],[10.214478,50.00961],[10.198548,50.012813],[10.181965,50.019966],[10.165329,50.031192],[10.186518,50.043273],[10.17963,50.054221],[10.205437,50.072058],[10.224877,50.066784],[10.228059,50.076123],[10.222398,50.090824],[10.234795,50.094841]]]]}},{"type":"Feature","properties":{"NUTS_ID":"DE263","LEVL_CODE":3,"CNTR_CODE":"DE","NAME_LATN":"Würzburg, Kreisfreie Stadt","NUTS_NAME":"Würzburg, Kreisfreie Stadt","MOUNT_TYPE":4,"URBN_TYPE":2,"COAST_TYPE":3,"FID":"DE263"},"geometry":{"type":"MultiPolygon","coordinates":[[[[9.985632,49.737003],[9.973491,49.730426],[9.98537,49.72162],[9.982376,49.713443],[9.962982,49.710588],[9.938348,49.722045],[9.93469,49.734783],[9.903332,49.746862],[9.886204,49.745183],[9.87766,49.752632],[9.895082,49.767041],[9.877579,49.771955],[9.892428,49.778359],[9.905782,49.779275],[9.896557,49.788133],[9.879394,49.796462],[9.872402,49.822246],[9.884418,49.820993],[9.894229,49.826725],[9.906232,49.825139],[9.909874,49.843382],[9.919928,49.84563],[9.933677,49.836065],[9.947866,49.833778],[9.96477,49.839155],[9.989911,49.834945],[9.988489,49.825774],[10.0037,49.818392],[10.008201,49.79521],[9.999899,49.787557],[9.984606,49.789188],[9.976373,49.782564],[9.979728,49.773062],[9.965376,49.771903],[9.958342,49.765559],[9.976446,49.758275],[9.984003,49.747374],[9.985632,49.737003]]]]}},{"type":"Feature","properties":{"NUTS_ID":"DE138","LEVL_CODE":3,"CNTR_CODE":"DE","NAME_LATN":"Konstanz","NUTS_NAME":"Konstanz","MOUNT_TYPE":4,"URBN_TYPE":2,"COAST_TYPE":3,"FID":"DE138"},"geometry":{"type":"MultiPolygon","coordinates":[[[[9.128582,47.846817],[9.119998,47.841822],[9.103436,47.841617],[9.078311,47.858746],[9.067134,47.856583],[9.071043,47.838273],[9.081193,47.827562],[9.077215,47.820479],[9.082191,47.815037],[9.070526,47.807303],[9.062787,47.814109],[9.040749,47.817088],[9.031101,47.805625],[9.047492,47.795676],[9.067559,47.77923],[9.087829,47.768598],[9.107597,47.76257],[9.135477,47.747687],[9.148892,47.748105],[9.157278,47.741182],[9.172912,47.734118],[9.177912,47.724878],[9.180156,47.705317],[9.188062,47.697853],[9.20839,47.685711],[9.216807,47.66682],[9.20839,47.663338],[9.179423,47.666491],[9.182192,47.65589],[9.170799,47.655284],[9.157212,47.665738],[9.141593,47.664686],[9.119424,47.668141],[9.095087,47.678706],[9.073706,47.67901],[9.057666,47.684062],[9.021567,47.686435],[8.980924,47.673981],[8.963493,47.664813],[8.943053,47.657228],[8.900336,47.648435],[8.874888,47.65467],[8.873687,47.669187],[8.864076,47.678477],[8.851556,47.680921],[8.856704,47.69207],[8.874962,47.695459],[8.871377,47.70496],[8.848522,47.703492],[8.843798,47.711746],[8.823007,47.711614],[8.812594,47.7234],[8.806439,47.738307],[8.771006,47.718436],[8.769497,47.706723],[8.79339,47.704385],[8.798434,47.697796],[8.795708,47.675595],[8.7849,47.676814],[8.757429,47.689258],[8.727982,47.69268],[8.72708,47.698123],[8.736294,47.716151],[8.718163,47.721429],[8.711911,47.730176],[8.714959,47.738393],[8.723686,47.745109],[8.739704,47.74703],[8.740105,47.752789],[8.72668,47.762114],[8.714211,47.76501],[8.695446,47.756415],[8.688414,47.759304],[8.680132,47.786013],[8.658732,47.791853],[8.645948,47.787188],[8.651928,47.772869],[8.645487,47.765025],[8.628227,47.75944],[8.619895,47.767336],[8.622475,47.776495],[8.615593,47.785711],[8.62155,47.79372],[8.613831,47.801079],[8.623542,47.817942],[8.629163,47.840201],[8.640146,47.854812],[8.64792,47.854746],[8.656396,47.846794],[8.69008,47.852615],[8.697504,47.869465],[8.690848,47.882353],[8.69605,47.887506],[8.70798,47.880502],[8.724977,47.899501],[8.73554,47.885451],[8.778155,47.894798],[8.800762,47.888801],[8.798886,47.897899],[8.803301,47.907297],[8.80094,47.914828],[8.820529,47.927452],[8.823905,47.918264],[8.819382,47.909407],[8.818477,47.887072],[8.826071,47.881815],[8.845327,47.87798],[8.852186,47.882423],[8.864933,47.899354],[8.879601,47.911735],[8.901076,47.915644],[8.906114,47.919493],[8.932099,47.92469],[8.952906,47.934107],[8.96484,47.924197],[8.984993,47.937378],[8.995171,47.932628],[9.012045,47.936923],[9.04893,47.93589],[9.059379,47.939973],[9.078009,47.9413],[9.069595,47.930516],[9.067534,47.916528],[9.096895,47.913727],[9.105022,47.906297],[9.116985,47.904854],[9.128855,47.89882],[9.147811,47.896926],[9.148673,47.882745],[9.14474,47.873146],[9.121266,47.859687],[9.128582,47.846817]]],[[[8.71772,47.690742],[8.709229,47.689688],[8.689851,47.694938],[8.670461,47.684862],[8.663354,47.685892],[8.6759,47.698808],[8.66642,47.708107],[8.678927,47.712653],[8.685502,47.708967],[8.705038,47.712523],[8.711748,47.696696],[8.71772,47.690742]]]]}},{"type":"Feature","properties":{"NUTS_ID":"DE265","LEVL_CODE":3,"CNTR_CODE":"DE","NAME_LATN":"Bad Kissingen","NUTS_NAME":"Bad Kissingen","MOUNT_TYPE":4,"URBN_TYPE":3,"COAST_TYPE":3,"FID":"DE265"},"geometry":{"type":"MultiPolygon","coordinates":[[[[9.935655,50.419606],[9.942699,50.409602],[9.934271,50.40263],[9.933506,50.393316],[9.923529,50.383235],[9.954722,50.383116],[9.951966,50.363863],[9.938109,50.353456],[9.928473,50.350865],[9.939512,50.336403],[9.954533,50.336575],[9.969895,50.324809],[9.972773,50.317572],[9.985263,50.313603],[10.002544,50.326755],[10.012422,50.326464],[10.025939,50.310292],[10.063833,50.295841],[10.073583,50.303009],[10.105938,50.303247],[10.116459,50.29972],[10.128003,50.289599],[10.11807,50.278973],[10.106331,50.282708],[10.096151,50.276328],[10.111049,50.269278],[10.128289,50.270462],[10.138763,50.267819],[10.15381,50.273535],[10.167639,50.262286],[10.186338,50.26676],[10.212497,50.268068],[10.228749,50.264006],[10.250638,50.265308],[10.264435,50.28355],[10.270858,50.288335],[10.288532,50.286212],[10.286432,50.299343],[10.298979,50.303997],[10.316288,50.298537],[10.343534,50.286208],[10.332491,50.273442],[10.345665,50.266262],[10.345949,50.245062],[10.370134,50.229162],[10.34505,50.210514],[10.323377,50.210391],[10.331288,50.203435],[10.333294,50.192935],[10.342147,50.186713],[10.340427,50.173286],[10.318794,50.172067],[10.317414,50.161707],[10.328379,50.148104],[10.320303,50.147304],[10.307192,50.154424],[10.302596,50.161223],[10.277849,50.155949],[10.275223,50.150519],[10.260396,50.144473],[10.248212,50.153855],[10.234485,50.154951],[10.219112,50.149804],[10.189472,50.149332],[10.179863,50.153876],[10.165629,50.146185],[10.153702,50.145981],[10.153965,50.138268],[10.139313,50.115422],[10.114597,50.105731],[10.098482,50.109955],[10.090422,50.10515],[10.074003,50.106366],[10.064347,50.099105],[10.044577,50.106212],[10.012775,50.108578],[10.001234,50.097253],[9.989597,50.095724],[9.981518,50.084906],[9.969591,50.084533],[9.967346,50.073812],[9.958227,50.070606],[9.964013,50.054717],[9.95071,50.034176],[9.939629,50.035708],[9.925676,50.029752],[9.913609,50.044271],[9.900638,50.053038],[9.886625,50.046261],[9.880621,50.036681],[9.870352,50.03447],[9.847822,50.037433],[9.80785,50.048458],[9.807141,50.055127],[9.817917,50.064423],[9.816953,50.074541],[9.827997,50.079239],[9.823847,50.087776],[9.806216,50.092494],[9.800061,50.105843],[9.80121,50.114315],[9.788615,50.115139],[9.770879,50.131206],[9.747586,50.127666],[9.75088,50.144378],[9.749069,50.150535],[9.733349,50.155278],[9.72449,50.166386],[9.715119,50.170356],[9.698894,50.183075],[9.699089,50.193703],[9.693677,50.210159],[9.682,50.216785],[9.678271,50.226835],[9.641053,50.225413],[9.623151,50.22904],[9.637363,50.235091],[9.656488,50.232421],[9.667228,50.239366],[9.639073,50.248843],[9.652061,50.26875],[9.681989,50.278042],[9.703422,50.280752],[9.713088,50.291281],[9.727706,50.295063],[9.745811,50.310602],[9.744447,50.329843],[9.746891,50.341328],[9.732914,50.356149],[9.744685,50.364103],[9.74508,50.372092],[9.75399,50.386136],[9.75882,50.402763],[9.751878,50.41303],[9.76263,50.425378],[9.779532,50.419469],[9.790932,50.425047],[9.80676,50.422147],[9.813424,50.412354],[9.823722,50.406154],[9.83774,50.405392],[9.84823,50.399681],[9.862564,50.399758],[9.870352,50.409299],[9.88398,50.399587],[9.920073,50.411251],[9.935655,50.419606]]]]}},{"type":"Feature","properties":{"NUTS_ID":"DE21N","LEVL_CODE":3,"CNTR_CODE":"DE","NAME_LATN":"Weilheim-Schongau","NUTS_NAME":"Weilheim-Schongau","MOUNT_TYPE":4,"URBN_TYPE":2,"COAST_TYPE":3,"FID":"DE21N"},"geometry":{"type":"MultiPolygon","coordinates":[[[[11.329171,47.821091],[11.329083,47.811651],[11.339869,47.802841],[11.372048,47.794783],[11.376653,47.799553],[11.390945,47.79707],[11.401194,47.785498],[11.399108,47.7783],[11.404259,47.765509],[11.4141,47.755566],[11.409635,47.741278],[11.393621,47.732336],[11.373644,47.729025],[11.366085,47.718418],[11.370392,47.705943],[11.34408,47.693697],[11.321825,47.70362],[11.322295,47.714564],[11.299238,47.7089],[11.288268,47.714454],[11.249301,47.717172],[11.243132,47.720968],[11.214749,47.725038],[11.200581,47.732818],[11.186643,47.718889],[11.175013,47.714764],[11.167069,47.723911],[11.141277,47.735243],[11.122864,47.735965],[11.103323,47.727528],[11.093763,47.733031],[11.074351,47.728157],[11.066424,47.730211],[11.051899,47.723513],[11.040196,47.704935],[11.028383,47.710134],[11.008222,47.708656],[10.993942,47.713199],[10.979936,47.71409],[10.964978,47.697791],[10.974039,47.694367],[10.973659,47.687127],[10.99109,47.673805],[10.983346,47.659036],[10.986286,47.652534],[10.966066,47.644125],[10.967753,47.632416],[10.962052,47.621494],[10.952786,47.616265],[10.935924,47.617107],[10.925141,47.630008],[10.904514,47.637188],[10.916812,47.654829],[10.915152,47.660592],[10.877117,47.655845],[10.857668,47.66181],[10.851964,47.666245],[10.822083,47.657295],[10.797503,47.65657],[10.778099,47.662223],[10.790044,47.674814],[10.800096,47.693615],[10.803155,47.707339],[10.815955,47.709284],[10.828636,47.719465],[10.829104,47.727796],[10.80793,47.724696],[10.794824,47.718849],[10.787474,47.706825],[10.75693,47.695478],[10.755021,47.688286],[10.736301,47.685333],[10.736105,47.69526],[10.723638,47.698795],[10.717214,47.706557],[10.730925,47.71386],[10.733816,47.743686],[10.745561,47.757777],[10.738092,47.763191],[10.756518,47.768458],[10.777233,47.766828],[10.780074,47.780337],[10.752594,47.791787],[10.749486,47.810459],[10.762822,47.82954],[10.76709,47.843793],[10.778872,47.842778],[10.793076,47.853258],[10.817005,47.851935],[10.838139,47.856511],[10.855623,47.868131],[10.880734,47.871474],[10.900355,47.860645],[10.915886,47.858356],[10.920261,47.869882],[10.940802,47.880073],[10.944794,47.871847],[10.959263,47.863022],[10.96913,47.862796],[10.983323,47.868935],[10.973979,47.873766],[10.976809,47.883664],[10.986816,47.893866],[10.999077,47.896989],[11.004414,47.903887],[11.026934,47.906164],[11.033278,47.899262],[11.049115,47.901331],[11.071375,47.90027],[11.082654,47.9064],[11.073391,47.920274],[11.086027,47.923305],[11.115416,47.926411],[11.122415,47.934914],[11.145159,47.936851],[11.149818,47.942151],[11.149588,47.953412],[11.166784,47.953446],[11.181025,47.94889],[11.19329,47.933973],[11.207935,47.93114],[11.214418,47.934026],[11.231469,47.918938],[11.206358,47.910889],[11.19224,47.902],[11.186172,47.888426],[11.188645,47.88398],[11.210611,47.887176],[11.220773,47.880943],[11.25191,47.882552],[11.26024,47.875767],[11.284954,47.886352],[11.28981,47.872898],[11.301329,47.861174],[11.29344,47.850854],[11.290317,47.833769],[11.313768,47.821588],[11.329171,47.821091]]]]}},{"type":"Feature","properties":{"NUTS_ID":"DE221","LEVL_CODE":3,"CNTR_CODE":"DE","NAME_LATN":"Landshut, Kreisfreie Stadt","NUTS_NAME":"Landshut, Kreisfreie Stadt","MOUNT_TYPE":4,"URBN_TYPE":3,"COAST_TYPE":3,"FID":"DE221"},"geometry":{"type":"MultiPolygon","coordinates":[[[[12.221176,48.583007],[12.245606,48.592527],[12.268911,48.595282],[12.281682,48.58991],[12.27777,48.582099],[12.266671,48.580326],[12.251234,48.568447],[12.251219,48.558309],[12.24176,48.558138],[12.228258,48.548987],[12.218814,48.549747],[12.225757,48.531138],[12.216103,48.52603],[12.209882,48.533835],[12.188144,48.53015],[12.183017,48.518798],[12.169645,48.517504],[12.149037,48.511852],[12.138995,48.51158],[12.118819,48.518653],[12.093773,48.514795],[12.084163,48.516303],[12.058733,48.510807],[12.027532,48.514936],[12.026023,48.523683],[12.039299,48.524271],[12.063837,48.529255],[12.063535,48.535088],[12.104787,48.546204],[12.116974,48.546983],[12.117865,48.556886],[12.125968,48.560872],[12.121654,48.572678],[12.132452,48.575549],[12.138721,48.567399],[12.169247,48.55063],[12.188338,48.56433],[12.210113,48.572421],[12.221176,48.583007]]]]}},{"type":"Feature","properties":{"NUTS_ID":"DE222","LEVL_CODE":3,"CNTR_CODE":"DE","NAME_LATN":"Passau, Kreisfreie Stadt","NUTS_NAME":"Passau, Kreisfreie Stadt","MOUNT_TYPE":4,"URBN_TYPE":3,"COAST_TYPE":3,"FID":"DE222"},"geometry":{"type":"MultiPolygon","coordinates":[[[[13.513369,48.590978],[13.503117,48.583692],[13.504166,48.573012],[13.47508,48.555986],[13.463269,48.554442],[13.449461,48.563224],[13.438253,48.55729],[13.43843,48.548895],[13.409689,48.549601],[13.406249,48.541074],[13.393412,48.545244],[13.386012,48.555223],[13.366752,48.557674],[13.352027,48.567138],[13.352276,48.577902],[13.337255,48.581698],[13.327243,48.58922],[13.316961,48.58856],[13.303455,48.601446],[13.308126,48.608033],[13.320701,48.604445],[13.350452,48.602208],[13.352355,48.609291],[13.373743,48.608653],[13.381952,48.612548],[13.399756,48.609613],[13.409036,48.604853],[13.416472,48.610476],[13.43304,48.606304],[13.443874,48.609468],[13.454328,48.598647],[13.47212,48.59586],[13.482352,48.603806],[13.503663,48.605784],[13.513847,48.601333],[13.513369,48.590978]]]]}},{"type":"Feature","properties":{"NUTS_ID":"DE223","LEVL_CODE":3,"CNTR_CODE":"DE","NAME_LATN":"Straubing, Kreisfreie Stadt","NUTS_NAME":"Straubing, Kreisfreie Stadt","MOUNT_TYPE":4,"URBN_TYPE":3,"COAST_TYPE":3,"FID":"DE223"},"geometry":{"type":"MultiPolygon","coordinates":[[[[12.531258,48.847382],[12.510028,48.852984],[12.49025,48.855734],[12.480593,48.864521],[12.480275,48.870402],[12.506627,48.87307],[12.523227,48.8791],[12.526107,48.886131],[12.516277,48.890831],[12.526117,48.900341],[12.524048,48.910471],[12.534102,48.921612],[12.543934,48.923558],[12.553939,48.918894],[12.56988,48.917985],[12.587633,48.908773],[12.590712,48.900918],[12.602955,48.901454],[12.619786,48.897875],[12.629307,48.907331],[12.641145,48.904129],[12.664375,48.904479],[12.658174,48.897333],[12.658681,48.878861],[12.646964,48.864269],[12.634164,48.871485],[12.623417,48.867981],[12.617169,48.86064],[12.605057,48.860246],[12.597785,48.852542],[12.573869,48.851195],[12.566467,48.844638],[12.554044,48.84937],[12.540963,48.842225],[12.531258,48.847382]]]]}},{"type":"Feature","properties":{"NUTS_ID":"DE224","LEVL_CODE":3,"CNTR_CODE":"DE","NAME_LATN":"Deggendorf","NUTS_NAME":"Deggendorf","MOUNT_TYPE":4,"URBN_TYPE":3,"COAST_TYPE":3,"FID":"DE224"},"geometry":{"type":"MultiPolygon","coordinates":[[[[13.195464,48.862773],[13.188962,48.861868],[13.205318,48.844221],[13.197977,48.836663],[13.197975,48.828402],[13.181214,48.827379],[13.191069,48.817895],[13.203068,48.820918],[13.223057,48.813468],[13.238383,48.810591],[13.244651,48.804261],[13.240423,48.790166],[13.222566,48.782466],[13.227117,48.772829],[13.253989,48.763749],[13.245078,48.753464],[13.258705,48.741063],[13.248881,48.713648],[13.224807,48.714381],[13.213535,48.709277],[13.20143,48.698115],[13.172723,48.700952],[13.165787,48.699323],[13.148123,48.70535],[13.138739,48.694249],[13.116275,48.688893],[13.101695,48.67169],[13.096723,48.656749],[13.104857,48.644594],[13.0922,48.635386],[13.093693,48.622848],[13.081608,48.626266],[13.061558,48.622213],[13.057944,48.626842],[13.041408,48.622818],[13.027326,48.627748],[13.019007,48.609615],[13.018663,48.599518],[13.005705,48.604579],[12.994285,48.600613],[12.985809,48.6093],[12.967381,48.611265],[12.94511,48.623985],[12.950125,48.640941],[12.944523,48.652546],[12.933511,48.650119],[12.924505,48.657583],[12.917506,48.65312],[12.906643,48.65472],[12.905147,48.661092],[12.886516,48.661027],[12.872452,48.667388],[12.855619,48.661888],[12.854411,48.673681],[12.84645,48.682007],[12.83277,48.678113],[12.821045,48.694934],[12.812009,48.699931],[12.795852,48.715529],[12.796872,48.721425],[12.813352,48.725699],[12.808201,48.738442],[12.779778,48.745794],[12.770914,48.77386],[12.779439,48.781257],[12.766319,48.787453],[12.764001,48.797912],[12.768906,48.80519],[12.749636,48.818564],[12.766834,48.831166],[12.780344,48.830122],[12.803648,48.823087],[12.820227,48.823621],[12.835438,48.82891],[12.848789,48.839722],[12.847384,48.856437],[12.838573,48.86703],[12.847965,48.873137],[12.837096,48.888755],[12.845195,48.897208],[12.861016,48.898005],[12.874965,48.911229],[12.864328,48.918366],[12.861444,48.928512],[12.867686,48.937663],[12.864492,48.943511],[12.882756,48.948816],[12.891427,48.954471],[12.912744,48.936355],[12.930074,48.936483],[12.945961,48.941197],[12.958231,48.9304],[12.962054,48.946626],[12.977258,48.950987],[13.008947,48.948939],[13.024382,48.942166],[13.027367,48.923273],[13.014952,48.919387],[13.02817,48.905868],[13.041598,48.901287],[13.060284,48.883123],[13.08422,48.880244],[13.114053,48.882201],[13.120625,48.887822],[13.163936,48.871758],[13.170661,48.866536],[13.192431,48.871917],[13.195464,48.862773]]]]}},{"type":"Feature","properties":{"NUTS_ID":"DE225","LEVL_CODE":3,"CNTR_CODE":"DE","NAME_LATN":"Freyung-Grafenau","NUTS_NAME":"Freyung-Grafenau","MOUNT_TYPE":3,"URBN_TYPE":3,"COAST_TYPE":3,"FID":"DE225"},"geometry":{"type":"MultiPolygon","coordinates":[[[[13.416652,48.980035],[13.442914,48.965988],[13.459986,48.962584],[13.469614,48.954633],[13.4962,48.941634],[13.508258,48.942166],[13.506031,48.959998],[13.508612,48.968823],[13.531067,48.973891],[13.545145,48.967859],[13.563865,48.970102],[13.571714,48.966522],[13.583038,48.969674],[13.591954,48.961714],[13.591666,48.951982],[13.607632,48.941331],[13.621532,48.948698],[13.623038,48.938851],[13.636569,48.9269],[13.638537,48.918966],[13.654388,48.895598],[13.667628,48.890953],[13.673853,48.879851],[13.689605,48.87868],[13.70026,48.881246],[13.716579,48.878548],[13.730595,48.886454],[13.750122,48.866769],[13.749998,48.859215],[13.765419,48.834427],[13.770588,48.831584],[13.791678,48.83023],[13.789088,48.825616],[13.797025,48.813921],[13.815319,48.7969],[13.807891,48.783087],[13.815294,48.773379],[13.839507,48.771605],[13.838005,48.764733],[13.82172,48.754453],[13.818309,48.73238],[13.809876,48.727915],[13.796107,48.7136],[13.77735,48.724463],[13.770689,48.723173],[13.761262,48.711935],[13.750497,48.716526],[13.730308,48.713097],[13.72153,48.706162],[13.735515,48.689232],[13.707901,48.691565],[13.676058,48.687493],[13.667813,48.684385],[13.653312,48.68531],[13.626322,48.692382],[13.616291,48.683783],[13.59024,48.683463],[13.587903,48.688179],[13.573996,48.69111],[13.568082,48.697999],[13.554787,48.699687],[13.550597,48.709103],[13.529622,48.714106],[13.521046,48.724896],[13.499028,48.728045],[13.492394,48.721323],[13.473669,48.720325],[13.461108,48.713912],[13.442523,48.724882],[13.425652,48.752214],[13.398789,48.757081],[13.381952,48.753837],[13.356541,48.755616],[13.351676,48.742877],[13.344917,48.736485],[13.321231,48.743601],[13.309026,48.741395],[13.305619,48.734883],[13.289666,48.731442],[13.28079,48.736612],[13.258705,48.741063],[13.245078,48.753464],[13.253989,48.763749],[13.227117,48.772829],[13.222566,48.782466],[13.240423,48.790166],[13.244651,48.804261],[13.238383,48.810591],[13.223057,48.813468],[13.203068,48.820918],[13.191069,48.817895],[13.181214,48.827379],[13.197975,48.828402],[13.197977,48.836663],[13.205318,48.844221],[13.188962,48.861868],[13.195464,48.862773],[13.205718,48.864149],[13.220448,48.857643],[13.248054,48.862732],[13.250794,48.876342],[13.27987,48.873236],[13.286669,48.884117],[13.279305,48.893982],[13.285396,48.902301],[13.281142,48.91225],[13.293437,48.923045],[13.294397,48.928858],[13.282862,48.935621],[13.28612,48.943975],[13.2794,48.95118],[13.283489,48.95736],[13.299519,48.958216],[13.309927,48.949531],[13.331263,48.947368],[13.345661,48.96033],[13.358966,48.966746],[13.366136,48.981085],[13.372084,48.982924],[13.416652,48.980035]]]]}},{"type":"Feature","properties":{"NUTS_ID":"AT213","LEVL_CODE":3,"CNTR_CODE":"AT","NAME_LATN":"Unterkärnten","NUTS_NAME":"Unterkärnten","MOUNT_TYPE":3,"URBN_TYPE":3,"COAST_TYPE":3,"FID":"AT213"},"geometry":{"type":"MultiPolygon","coordinates":[[[[14.842056,47.048613],[14.84051,47.04069],[14.856988,47.025587],[14.873605,47.021992],[14.886385,47.011298],[14.90665,46.999178],[14.938748,46.993219],[14.950553,46.992748],[14.960311,46.987585],[14.978419,46.963783],[14.993083,46.937304],[14.998225,46.931515],[15.017912,46.920377],[15.02666,46.909209],[15.016783,46.885814],[15.008143,46.879895],[15.007325,46.85768],[15.017523,46.844442],[15.012775,46.833308],[14.996564,46.827647],[14.987106,46.81104],[14.979596,46.804102],[14.976329,46.784973],[14.996381,46.780845],[15.027993,46.770644],[15.026596,46.759094],[15.03136,46.746085],[15.042573,46.73394],[15.036802,46.72791],[15.043997,46.714462],[15.035775,46.705992],[15.029791,46.679377],[15.02257,46.671873],[15.034879,46.666393],[15.048649,46.66936],[15.062654,46.65919],[15.06512,46.652112],[15.03957,46.650394],[15.015989,46.640211],[14.995461,46.621743],[14.994781,46.61381],[14.979315,46.601397],[14.969414,46.625636],[14.955677,46.632728],[14.941955,46.620937],[14.931786,46.615983],[14.922679,46.620016],[14.922469,46.603712],[14.906095,46.605565],[14.900039,46.611321],[14.884301,46.611744],[14.868171,46.605205],[14.864772,46.593302],[14.858465,46.592698],[14.851769,46.581405],[14.841673,46.573815],[14.835322,46.564129],[14.837163,46.557403],[14.823367,46.544116],[14.818424,46.521765],[14.818606,46.509383],[14.805795,46.507253],[14.786624,46.500167],[14.776379,46.504059],[14.759093,46.504442],[14.748335,46.497599],[14.741475,46.504591],[14.729601,46.492462],[14.715,46.499159],[14.709226,46.481793],[14.698507,46.474951],[14.700885,46.465615],[14.682769,46.466961],[14.676756,46.46174],[14.67458,46.450687],[14.659776,46.444849],[14.629541,46.439348],[14.613709,46.439648],[14.597496,46.436665],[14.587302,46.429546],[14.583572,46.417533],[14.589076,46.411785],[14.586942,46.395053],[14.578872,46.37821],[14.565176,46.372453],[14.557007,46.377142],[14.553202,46.392104],[14.542629,46.403466],[14.539336,46.411678],[14.530737,46.415907],[14.521087,46.426419],[14.505781,46.423943],[14.491323,46.413507],[14.479567,46.414145],[14.468592,46.421373],[14.447197,46.421966],[14.430992,46.435378],[14.4345,46.442943],[14.446911,46.454752],[14.462498,46.459627],[14.462354,46.470208],[14.467496,46.478623],[14.467048,46.494746],[14.485456,46.506957],[14.474893,46.514608],[14.449848,46.518666],[14.455602,46.533716],[14.468215,46.542982],[14.45757,46.552359],[14.456055,46.564977],[14.464247,46.567926],[14.473384,46.56172],[14.48503,46.563243],[14.500446,46.587729],[14.516296,46.599426],[14.527744,46.627128],[14.508263,46.645513],[14.526624,46.655036],[14.540666,46.657286],[14.517854,46.671101],[14.51475,46.676834],[14.485379,46.690771],[14.465982,46.688408],[14.470298,46.702439],[14.452861,46.707348],[14.454377,46.716743],[14.442922,46.727696],[14.436194,46.724787],[14.427081,46.732036],[14.418317,46.731091],[14.407203,46.723328],[14.391814,46.71731],[14.38257,46.724095],[14.374253,46.71858],[14.357829,46.723612],[14.356577,46.710762],[14.342278,46.702686],[14.334329,46.705633],[14.301034,46.693791],[14.301418,46.707268],[14.276908,46.70873],[14.253556,46.697769],[14.234174,46.700437],[14.23778,46.712702],[14.249749,46.720354],[14.249711,46.726135],[14.260459,46.729404],[14.259271,46.73677],[14.251112,46.741078],[14.226015,46.740356],[14.204411,46.737076],[14.202577,46.750242],[14.188571,46.749646],[14.186456,46.759943],[14.204201,46.762885],[14.207236,46.77844],[14.195904,46.785936],[14.180376,46.77761],[14.156598,46.788674],[14.166457,46.797375],[14.156924,46.807742],[14.139541,46.811131],[14.135003,46.804032],[14.108424,46.811365],[14.117551,46.817238],[14.12882,46.837753],[14.118416,46.843651],[14.105799,46.834123],[14.085947,46.844247],[14.073832,46.844967],[14.050088,46.850601],[14.031304,46.848257],[14.002328,46.863273],[13.995406,46.887416],[13.997299,46.89789],[13.994681,46.909235],[13.981604,46.917186],[13.95791,46.918274],[13.948085,46.920762],[13.942026,46.934459],[13.946626,46.941619],[13.955609,46.957006],[13.979697,46.965853],[13.992618,46.966211],[14.00645,46.97105],[14.006105,46.978966],[14.017627,46.988331],[14.014532,47.003849],[14.028645,47.007201],[14.049238,47.004289],[14.070229,47.011626],[14.078656,47.022011],[14.103743,47.038101],[14.122023,47.043123],[14.12522,47.056941],[14.132936,47.062106],[14.162904,47.052977],[14.176587,47.06307],[14.2022,47.075865],[14.215441,47.06233],[14.221833,47.050271],[14.223927,47.038195],[14.23502,47.025882],[14.249923,47.034387],[14.261983,47.027218],[14.289709,47.026452],[14.32995,47.028977],[14.338405,47.024818],[14.364286,47.024622],[14.3813,47.015215],[14.377312,46.994893],[14.386505,46.981056],[14.398055,46.981224],[14.404571,46.987625],[14.429689,46.996712],[14.454402,46.995347],[14.459012,46.998818],[14.458576,47.011837],[14.469968,47.01077],[14.478171,47.0191],[14.499313,47.026085],[14.503842,47.018691],[14.517421,47.009402],[14.545687,47.012812],[14.585912,47.012253],[14.592643,47.002085],[14.615376,46.998214],[14.629254,47.013274],[14.649365,47.014538],[14.665857,47.018077],[14.697526,47.017404],[14.710645,47.020063],[14.728009,47.017143],[14.730839,47.025544],[14.772502,47.039136],[14.794808,47.03721],[14.81172,47.040608],[14.828831,47.048868],[14.842056,47.048613]]]]}},{"type":"Feature","properties":{"NUTS_ID":"AT221","LEVL_CODE":3,"CNTR_CODE":"AT","NAME_LATN":"Graz","NUTS_NAME":"Graz","MOUNT_TYPE":3,"URBN_TYPE":2,"COAST_TYPE":3,"FID":"AT221"},"geometry":{"type":"MultiPolygon","coordinates":[[[[15.396247,47.311837],[15.407063,47.300499],[15.419717,47.272479],[15.439259,47.265751],[15.451256,47.257712],[15.437687,47.247134],[15.441273,47.224292],[15.464827,47.198686],[15.472929,47.208941],[15.502674,47.196259],[15.510905,47.189786],[15.519847,47.1981],[15.529295,47.199836],[15.56496,47.195177],[15.57053,47.18739],[15.586114,47.186597],[15.589841,47.175436],[15.585512,47.168855],[15.607956,47.15196],[15.625083,47.142625],[15.643466,47.128621],[15.657272,47.124548],[15.651265,47.110237],[15.632911,47.089167],[15.638462,47.068172],[15.671284,47.056063],[15.677077,47.057941],[15.686771,47.047505],[15.68681,47.030181],[15.696008,47.025629],[15.725464,47.025871],[15.729099,47.005844],[15.712017,47.000668],[15.717769,46.991293],[15.693014,46.989043],[15.681219,46.986016],[15.682459,46.980308],[15.666616,46.978597],[15.649365,46.983669],[15.644671,46.995594],[15.633424,47.000252],[15.61618,47.002716],[15.607275,47.015909],[15.587453,47.018932],[15.584519,47.009826],[15.57423,46.995259],[15.558726,46.994506],[15.540702,46.987781],[15.54593,46.977226],[15.52798,46.947421],[15.521458,46.945528],[15.52684,46.932969],[15.516468,46.925893],[15.513229,46.916307],[15.496777,46.911014],[15.49235,46.904716],[15.47856,46.913475],[15.463936,46.911124],[15.44986,46.905073],[15.442145,46.893766],[15.424856,46.886696],[15.420198,46.879189],[15.404221,46.877282],[15.3921,46.883617],[15.384987,46.903469],[15.371356,46.908714],[15.371579,46.915915],[15.362859,46.918802],[15.357894,46.927137],[15.3469,46.926994],[15.339022,46.936743],[15.347788,46.946382],[15.348435,46.954053],[15.333274,46.965407],[15.322952,46.966927],[15.30138,46.976347],[15.297073,46.981951],[15.307236,46.991561],[15.306442,47.004597],[15.299213,47.008302],[15.295716,47.017484],[15.284766,47.009161],[15.266093,47.017055],[15.260478,47.026304],[15.263149,47.034184],[15.254312,47.038081],[15.258406,47.063075],[15.245635,47.078817],[15.232382,47.085653],[15.218779,47.08493],[15.210488,47.089441],[15.207428,47.0992],[15.172569,47.133079],[15.170767,47.138524],[15.179851,47.151893],[15.176687,47.162248],[15.184339,47.170339],[15.171406,47.18908],[15.162648,47.195319],[15.159872,47.203162],[15.147351,47.201615],[15.134679,47.210391],[15.111731,47.206845],[15.103818,47.211257],[15.079676,47.213095],[15.067494,47.210573],[15.052809,47.211955],[15.048163,47.226933],[15.060561,47.231067],[15.066623,47.240279],[15.081986,47.242423],[15.09765,47.261299],[15.115618,47.264709],[15.127005,47.275698],[15.153025,47.280232],[15.187619,47.300016],[15.198379,47.32231],[15.206485,47.327623],[15.230779,47.334951],[15.243012,47.343321],[15.263361,47.340668],[15.283588,47.342237],[15.308535,47.332117],[15.321055,47.320691],[15.337426,47.313038],[15.368486,47.31874],[15.391121,47.308234],[15.396247,47.311837]]]]}},{"type":"Feature","properties":{"NUTS_ID":"AT222","LEVL_CODE":3,"CNTR_CODE":"AT","NAME_LATN":"Liezen","NUTS_NAME":"Liezen","MOUNT_TYPE":3,"URBN_TYPE":3,"COAST_TYPE":3,"FID":"AT222"},"geometry":{"type":"MultiPolygon","coordinates":[[[[15.088096,47.740818],[15.104769,47.740022],[15.137761,47.742086],[15.139453,47.734906],[15.123351,47.729998],[15.099753,47.719074],[15.087444,47.71049],[15.075378,47.686775],[15.081617,47.671885],[15.081018,47.665557],[15.066552,47.6491],[15.074485,47.64165],[15.074375,47.632749],[15.066665,47.627684],[15.067291,47.61406],[15.054866,47.606914],[15.034455,47.606113],[15.013044,47.602556],[15.000516,47.603259],[14.966305,47.59741],[14.952682,47.59862],[14.960262,47.610088],[14.942989,47.60965],[14.925607,47.613432],[14.913497,47.613146],[14.906416,47.60371],[14.877043,47.599235],[14.86249,47.59179],[14.845535,47.594464],[14.832276,47.59028],[14.826792,47.578614],[14.815376,47.569877],[14.812662,47.550553],[14.800241,47.556835],[14.789008,47.570035],[14.765915,47.585114],[14.760705,47.580251],[14.72412,47.555743],[14.707615,47.539136],[14.693847,47.534897],[14.683395,47.526649],[14.681535,47.518186],[14.665636,47.497647],[14.643798,47.496865],[14.636064,47.493426],[14.640097,47.47515],[14.6345,47.451352],[14.628644,47.444073],[14.615626,47.442291],[14.603485,47.43221],[14.604293,47.427069],[14.574973,47.426128],[14.569083,47.440094],[14.556227,47.444747],[14.553895,47.453221],[14.542663,47.45369],[14.51229,47.462066],[14.502959,47.45452],[14.490601,47.455856],[14.476788,47.466958],[14.467729,47.459047],[14.457647,47.462247],[14.4275,47.459911],[14.408081,47.452006],[14.402787,47.443479],[14.391368,47.434911],[14.384438,47.42454],[14.330558,47.405626],[14.321489,47.399682],[14.304376,47.398145],[14.286128,47.384324],[14.241227,47.375475],[14.225413,47.357342],[14.22798,47.329365],[14.224422,47.32374],[14.21073,47.317619],[14.197496,47.306154],[14.170506,47.307096],[14.157058,47.297323],[14.140181,47.296912],[14.111479,47.267839],[14.098089,47.262877],[14.083966,47.270959],[14.062826,47.274038],[14.044491,47.288],[14.03037,47.274933],[14.016505,47.271963],[14.012968,47.262356],[14.001438,47.267269],[13.96888,47.270321],[13.956915,47.266794],[13.954282,47.257218],[13.939759,47.254515],[13.931183,47.249334],[13.917195,47.250414],[13.908394,47.259406],[13.864373,47.251693],[13.822533,47.269069],[13.825938,47.274638],[13.823428,47.289245],[13.816637,47.29566],[13.790529,47.287961],[13.78606,47.277075],[13.760662,47.265767],[13.746438,47.277389],[13.724821,47.277671],[13.713418,47.269043],[13.711365,47.260383],[13.696332,47.260212],[13.692035,47.265835],[13.673853,47.273654],[13.652336,47.275801],[13.631755,47.274441],[13.620267,47.282945],[13.60684,47.283295],[13.598519,47.293561],[13.602252,47.310454],[13.595015,47.315332],[13.602749,47.33139],[13.583055,47.367474],[13.580996,47.382079],[13.571435,47.393678],[13.573884,47.404019],[13.564158,47.41673],[13.573191,47.42672],[13.576578,47.437267],[13.585015,47.447426],[13.591259,47.460672],[13.585585,47.473993],[13.609285,47.47488],[13.633085,47.466368],[13.667876,47.462964],[13.724656,47.463009],[13.718309,47.473097],[13.720141,47.481736],[13.729293,47.491133],[13.748962,47.50166],[13.760394,47.519554],[13.751358,47.525864],[13.746185,47.54077],[13.755413,47.551889],[13.735701,47.576146],[13.713188,47.575734],[13.693034,47.587952],[13.698717,47.602417],[13.692853,47.621917],[13.707116,47.656232],[13.706629,47.663331],[13.721609,47.67209],[13.736,47.674375],[13.735018,47.684627],[13.749392,47.687955],[13.755241,47.699038],[13.763913,47.70366],[13.779566,47.718086],[13.793007,47.712755],[13.835109,47.718362],[13.850275,47.715113],[13.860894,47.727382],[13.903424,47.717211],[13.918281,47.706183],[13.950985,47.709182],[13.981215,47.698292],[14.001046,47.703027],[14.010663,47.700511],[14.036003,47.679829],[14.04522,47.676015],[14.054717,47.665782],[14.046101,47.627889],[14.0511,47.617663],[14.073832,47.6175],[14.093417,47.619945],[14.109808,47.626723],[14.131812,47.629947],[14.145646,47.636702],[14.168346,47.639118],[14.177558,47.637732],[14.205851,47.65204],[14.231701,47.650838],[14.224483,47.64042],[14.234002,47.629257],[14.264852,47.610829],[14.280602,47.613855],[14.295642,47.608593],[14.326195,47.607546],[14.338368,47.619969],[14.361097,47.628927],[14.392484,47.635906],[14.393105,47.6491],[14.399627,47.653023],[14.419575,47.656345],[14.432178,47.652702],[14.443312,47.655632],[14.450187,47.663697],[14.470021,47.669887],[14.488623,47.681141],[14.506273,47.677846],[14.518598,47.682449],[14.527661,47.694179],[14.521242,47.703931],[14.53334,47.712474],[14.554397,47.719638],[14.567192,47.716478],[14.582404,47.7175],[14.601436,47.727131],[14.615936,47.730546],[14.645688,47.725101],[14.652932,47.737732],[14.672306,47.741771],[14.697896,47.764703],[14.715538,47.759607],[14.738545,47.747426],[14.740171,47.740852],[14.761851,47.732794],[14.76695,47.726507],[14.821523,47.744689],[14.83205,47.743227],[14.838916,47.734284],[14.859156,47.741153],[14.87072,47.73304],[14.877798,47.715632],[14.914986,47.707813],[14.927829,47.710804],[14.951883,47.732226],[14.97344,47.74238],[14.996077,47.741333],[15.015247,47.745586],[15.033794,47.75267],[15.056764,47.740491],[15.088096,47.740818]]]]}},{"type":"Feature","properties":{"NUTS_ID":"AT130","LEVL_CODE":3,"CNTR_CODE":"AT","NAME_LATN":"Wien","NUTS_NAME":"Wien","MOUNT_TYPE":4,"URBN_TYPE":1,"COAST_TYPE":3,"FID":"AT130"},"geometry":{"type":"MultiPolygon","coordinates":[[[[16.185773,48.172397],[16.202378,48.189042],[16.207527,48.201602],[16.206445,48.209905],[16.196352,48.220865],[16.196435,48.245494],[16.208525,48.262583],[16.238599,48.247874],[16.239347,48.240519],[16.255522,48.239927],[16.268171,48.250925],[16.265437,48.255115],[16.289566,48.2628],[16.29001,48.27082],[16.306833,48.273064],[16.31954,48.278659],[16.346821,48.284372],[16.367813,48.283896],[16.376982,48.288978],[16.376563,48.296403],[16.384554,48.301689],[16.380465,48.314843],[16.394428,48.321741],[16.400067,48.317679],[16.417082,48.32185],[16.43767,48.3157],[16.441185,48.291669],[16.477049,48.274059],[16.48341,48.279233],[16.481711,48.293704],[16.502065,48.290359],[16.514538,48.285484],[16.507985,48.274534],[16.51387,48.268052],[16.530365,48.262576],[16.546824,48.26308],[16.541876,48.244788],[16.551967,48.238797],[16.545641,48.215263],[16.53675,48.201419],[16.539503,48.193568],[16.536689,48.177861],[16.548815,48.176418],[16.552444,48.163156],[16.572251,48.161289],[16.578036,48.143312],[16.575963,48.136328],[16.545968,48.142754],[16.529168,48.153308],[16.515726,48.158434],[16.478703,48.156159],[16.453829,48.139652],[16.433946,48.137369],[16.436604,48.120152],[16.42429,48.122444],[16.411856,48.119439],[16.387275,48.125667],[16.364931,48.12867],[16.325957,48.13753],[16.312129,48.11975],[16.296231,48.1289],[16.269144,48.133334],[16.243946,48.130564],[16.220128,48.124263],[16.221582,48.135995],[16.210987,48.148359],[16.198825,48.155643],[16.195217,48.164652],[16.185773,48.172397]]]]}},{"type":"Feature","properties":{"NUTS_ID":"DE279","LEVL_CODE":3,"CNTR_CODE":"DE","NAME_LATN":"Neu-Ulm","NUTS_NAME":"Neu-Ulm","MOUNT_TYPE":4,"URBN_TYPE":2,"COAST_TYPE":3,"FID":"DE279"},"geometry":{"type":"MultiPolygon","coordinates":[[[[10.133896,48.454871],[10.141878,48.444638],[10.166302,48.443439],[10.17815,48.44564],[10.18198,48.428441],[10.167802,48.421622],[10.172038,48.410438],[10.165014,48.405302],[10.167505,48.389298],[10.182921,48.387939],[10.181929,48.377584],[10.190984,48.369773],[10.217427,48.363074],[10.227703,48.357416],[10.23527,48.345685],[10.268681,48.338093],[10.278523,48.304519],[10.298763,48.300857],[10.29361,48.288478],[10.302908,48.269908],[10.291988,48.266021],[10.282089,48.253432],[10.284446,48.243916],[10.272815,48.239149],[10.271434,48.229654],[10.266857,48.222671],[10.255471,48.218136],[10.257087,48.204893],[10.241484,48.193105],[10.22591,48.191855],[10.233983,48.181447],[10.221477,48.179159],[10.20991,48.162909],[10.207476,48.152892],[10.213908,48.143336],[10.196713,48.133031],[10.192711,48.123436],[10.179929,48.123729],[10.150766,48.117827],[10.136457,48.108459],[10.108,48.130547],[10.095358,48.164015],[10.085919,48.182773],[10.083362,48.208963],[10.077563,48.221095],[10.061415,48.240665],[10.067122,48.254509],[10.062409,48.272642],[10.065229,48.281811],[10.043479,48.293874],[10.042352,48.300071],[10.023199,48.323201],[10.011793,48.331553],[10.010195,48.341687],[9.997606,48.350118],[9.999038,48.363075],[9.987842,48.370027],[9.976788,48.363625],[9.968165,48.372875],[9.970641,48.379146],[9.984113,48.385856],[9.990552,48.393692],[10.013701,48.403338],[10.019155,48.418208],[10.042414,48.429732],[10.028457,48.437719],[10.03726,48.44501],[10.032695,48.457196],[10.070613,48.458446],[10.085528,48.463179],[10.106491,48.477084],[10.116542,48.475048],[10.123282,48.461577],[10.133896,48.454871]]]]}},{"type":"Feature","properties":{"NUTS_ID":"DE266","LEVL_CODE":3,"CNTR_CODE":"DE","NAME_LATN":"Rhön-Grabfeld","NUTS_NAME":"Rhön-Grabfeld","MOUNT_TYPE":4,"URBN_TYPE":3,"COAST_TYPE":3,"FID":"DE266"},"geometry":{"type":"MultiPolygon","coordinates":[[[[10.610115,50.227995],[10.592678,50.221092],[10.586951,50.208868],[10.574926,50.205],[10.558657,50.208008],[10.548344,50.223247],[10.533428,50.231694],[10.515463,50.23569],[10.51388,50.229599],[10.503219,50.224937],[10.497453,50.212537],[10.474948,50.208638],[10.452425,50.201145],[10.450537,50.196708],[10.441351,50.203497],[10.433626,50.221164],[10.422753,50.224423],[10.39936,50.222834],[10.391027,50.228214],[10.370134,50.229162],[10.345949,50.245062],[10.345665,50.266262],[10.332491,50.273442],[10.343534,50.286208],[10.316288,50.298537],[10.298979,50.303997],[10.286432,50.299343],[10.288532,50.286212],[10.270858,50.288335],[10.264435,50.28355],[10.250638,50.265308],[10.228749,50.264006],[10.212497,50.268068],[10.186338,50.26676],[10.167639,50.262286],[10.15381,50.273535],[10.138763,50.267819],[10.128289,50.270462],[10.111049,50.269278],[10.096151,50.276328],[10.106331,50.282708],[10.11807,50.278973],[10.128003,50.289599],[10.116459,50.29972],[10.105938,50.303247],[10.073583,50.303009],[10.063833,50.295841],[10.025939,50.310292],[10.012422,50.326464],[10.002544,50.326755],[9.985263,50.313603],[9.972773,50.317572],[9.969895,50.324809],[9.954533,50.336575],[9.939512,50.336403],[9.928473,50.350865],[9.938109,50.353456],[9.951966,50.363863],[9.954722,50.383116],[9.923529,50.383235],[9.933506,50.393316],[9.934271,50.40263],[9.942699,50.409602],[9.935655,50.419606],[9.958475,50.423805],[9.966598,50.434005],[9.988394,50.445721],[9.99746,50.460985],[10.018308,50.466455],[10.022022,50.475468],[10.030295,50.4801],[10.040453,50.494695],[10.041339,50.516469],[10.051764,50.519389],[10.069349,50.530635],[10.076379,50.540576],[10.088704,50.544561],[10.107094,50.563733],[10.119409,50.564224],[10.121945,50.555644],[10.138162,50.54363],[10.150268,50.551887],[10.174663,50.543643],[10.177893,50.55168],[10.203255,50.5541],[10.209573,50.540639],[10.22155,50.53818],[10.23109,50.530424],[10.226443,50.518836],[10.232057,50.511976],[10.256368,50.512215],[10.266388,50.505098],[10.2752,50.505222],[10.301924,50.493466],[10.330064,50.493765],[10.340641,50.482656],[10.336657,50.466585],[10.348189,50.462557],[10.372422,50.432459],[10.390302,50.429844],[10.402538,50.424581],[10.384076,50.40613],[10.396258,50.396376],[10.424846,50.392919],[10.437898,50.395483],[10.446294,50.402971],[10.463351,50.377078],[10.474538,50.372788],[10.487219,50.374507],[10.494629,50.367699],[10.492303,50.355996],[10.514625,50.349896],[10.532553,50.364586],[10.544481,50.363427],[10.553879,50.356492],[10.550631,50.348571],[10.561826,50.337611],[10.582936,50.332824],[10.600551,50.333688],[10.592994,50.308219],[10.604661,50.293872],[10.60155,50.282671],[10.591041,50.271784],[10.604195,50.270647],[10.599559,50.262738],[10.61139,50.251216],[10.60007,50.244536],[10.610115,50.227995]]]]}},{"type":"Feature","properties":{"NUTS_ID":"DE267","LEVL_CODE":3,"CNTR_CODE":"DE","NAME_LATN":"Haßberge","NUTS_NAME":"Haßberge","MOUNT_TYPE":4,"URBN_TYPE":3,"COAST_TYPE":3,"FID":"DE267"},"geometry":{"type":"MultiPolygon","coordinates":[[[[10.610115,50.227995],[10.61344,50.224248],[10.631594,50.222924],[10.658716,50.23022],[10.657479,50.223675],[10.670038,50.221368],[10.685161,50.224276],[10.695458,50.212514],[10.718955,50.20525],[10.730593,50.212631],[10.729202,50.230005],[10.759754,50.222639],[10.755928,50.213073],[10.764685,50.208288],[10.779488,50.19324],[10.781024,50.178474],[10.773705,50.169],[10.776641,50.150607],[10.78826,50.150534],[10.793684,50.141834],[10.80325,50.146468],[10.819706,50.14877],[10.84354,50.145109],[10.843076,50.153249],[10.851798,50.157517],[10.878313,50.143192],[10.870515,50.136204],[10.869855,50.127581],[10.857775,50.105598],[10.860116,50.091785],[10.862596,50.083168],[10.859067,50.074432],[10.83689,50.072468],[10.836783,50.060775],[10.823064,50.040011],[10.810858,50.037638],[10.79719,50.045023],[10.783971,50.046594],[10.776703,50.043041],[10.774499,50.030663],[10.76803,50.023324],[10.751062,50.020493],[10.753144,50.012787],[10.764694,50.01198],[10.76483,50.000416],[10.747733,49.987025],[10.760029,49.973408],[10.752677,49.962326],[10.730635,49.961627],[10.726672,49.956507],[10.741625,49.948474],[10.736634,49.938794],[10.718153,49.932713],[10.714203,49.923112],[10.692501,49.913671],[10.702943,49.904374],[10.687676,49.897407],[10.693088,49.890321],[10.682508,49.882712],[10.663103,49.891131],[10.654447,49.882916],[10.632721,49.873696],[10.626207,49.862874],[10.605146,49.855248],[10.595861,49.859266],[10.605719,49.871249],[10.59338,49.871826],[10.586327,49.859355],[10.560702,49.866954],[10.550087,49.881649],[10.543477,49.875945],[10.505249,49.876682],[10.490325,49.884762],[10.466185,49.888716],[10.470961,49.896157],[10.499498,49.895969],[10.506955,49.899744],[10.521435,49.898633],[10.5102,49.911549],[10.507205,49.925256],[10.514161,49.932426],[10.491145,49.938907],[10.477884,49.940259],[10.466687,49.947368],[10.464242,49.953681],[10.445169,49.959317],[10.442739,49.978684],[10.430289,49.984003],[10.408976,49.986955],[10.388633,49.997961],[10.398265,50.009564],[10.393163,50.013419],[10.360266,50.016616],[10.328317,50.022311],[10.320344,50.029544],[10.344244,50.034008],[10.355459,50.032819],[10.365176,50.025207],[10.376891,50.032752],[10.372985,50.039543],[10.378979,50.044966],[10.396825,50.043224],[10.406522,50.056316],[10.404656,50.064409],[10.415602,50.066589],[10.4312,50.077106],[10.431346,50.082271],[10.395244,50.091756],[10.378739,50.091941],[10.379705,50.102138],[10.393512,50.105746],[10.402998,50.115212],[10.405742,50.12588],[10.394319,50.141158],[10.40972,50.146882],[10.422616,50.15605],[10.429704,50.167961],[10.441001,50.17652],[10.43894,50.186363],[10.450537,50.196708],[10.452425,50.201145],[10.474948,50.208638],[10.497453,50.212537],[10.503219,50.224937],[10.51388,50.229599],[10.515463,50.23569],[10.533428,50.231694],[10.548344,50.223247],[10.558657,50.208008],[10.574926,50.205],[10.586951,50.208868],[10.592678,50.221092],[10.610115,50.227995]]]]}},{"type":"Feature","properties":{"NUTS_ID":"DE134","LEVL_CODE":3,"CNTR_CODE":"DE","NAME_LATN":"Ortenaukreis","NUTS_NAME":"Ortenaukreis","MOUNT_TYPE":2,"URBN_TYPE":2,"COAST_TYPE":3,"FID":"DE134"},"geometry":{"type":"MultiPolygon","coordinates":[[[[8.222007,48.603227],[8.221405,48.586339],[8.236528,48.576799],[8.227315,48.563897],[8.212681,48.558278],[8.217023,48.551423],[8.212794,48.523623],[8.221526,48.515675],[8.21913,48.507948],[8.227269,48.49884],[8.241368,48.492188],[8.255448,48.493554],[8.266747,48.490644],[8.275435,48.477856],[8.268455,48.47667],[8.264359,48.461119],[8.268269,48.448239],[8.264,48.436098],[8.254164,48.43282],[8.258605,48.422169],[8.253865,48.414087],[8.242962,48.412179],[8.233007,48.401404],[8.246958,48.394739],[8.249522,48.383648],[8.263003,48.378845],[8.254502,48.370581],[8.26938,48.359774],[8.275662,48.362379],[8.29188,48.356904],[8.303992,48.349094],[8.321929,48.330361],[8.324078,48.311478],[8.329007,48.299517],[8.321429,48.292353],[8.305881,48.29372],[8.293716,48.289897],[8.286792,48.282205],[8.290958,48.267524],[8.297522,48.258588],[8.288278,48.247601],[8.299901,48.240737],[8.293265,48.231981],[8.29907,48.217888],[8.311833,48.213418],[8.308903,48.190912],[8.292633,48.182794],[8.282726,48.17167],[8.261708,48.177309],[8.24229,48.185672],[8.24192,48.174285],[8.225078,48.15866],[8.214848,48.15974],[8.206892,48.171787],[8.180335,48.18392],[8.18168,48.19618],[8.187582,48.202268],[8.172921,48.210391],[8.163299,48.226955],[8.15151,48.228429],[8.137193,48.219411],[8.125373,48.219467],[8.118141,48.211184],[8.104309,48.208779],[8.092838,48.212899],[8.083917,48.221608],[8.06539,48.227732],[8.051351,48.221707],[8.034807,48.223365],[8.028288,48.232026],[8.017595,48.234155],[7.993844,48.223627],[8.001931,48.211431],[7.981071,48.20257],[7.963341,48.206365],[7.948891,48.203161],[7.935224,48.210402],[7.923839,48.209002],[7.904835,48.220803],[7.872678,48.224519],[7.8524,48.231786],[7.831202,48.234071],[7.815551,48.22506],[7.779489,48.240902],[7.734295,48.237754],[7.730365,48.244443],[7.7121,48.259277],[7.692916,48.25618],[7.680713,48.257267],[7.693549,48.301509],[7.704977,48.309507],[7.73708,48.31961],[7.743449,48.325466],[7.745174,48.335108],[7.731039,48.383001],[7.733689,48.398712],[7.76167,48.448499],[7.766024,48.460463],[7.766948,48.48713],[7.771469,48.49246],[7.791531,48.49998],[7.801326,48.507854],[7.806197,48.517949],[7.803266,48.537174],[7.805343,48.56006],[7.800859,48.58545],[7.83011,48.619814],[7.83804,48.638859],[7.848096,48.646911],[7.861735,48.650592],[7.889976,48.662598],[7.959631,48.718581],[7.976296,48.714635],[7.988738,48.700697],[7.97606,48.696547],[7.980593,48.687529],[8.001793,48.686918],[8.018912,48.680627],[8.030094,48.682505],[8.062881,48.671677],[8.068713,48.673876],[8.084513,48.663414],[8.114387,48.650213],[8.126189,48.654363],[8.139053,48.65426],[8.163807,48.645219],[8.163349,48.640131],[8.181172,48.639391],[8.199714,48.628372],[8.241122,48.629232],[8.240101,48.617271],[8.222007,48.603227]]],[[[8.057247,48.706527],[8.050581,48.693267],[8.042927,48.695315],[8.057247,48.706527]]]]}},{"type":"Feature","properties":{"NUTS_ID":"CH051","LEVL_CODE":3,"CNTR_CODE":"CH","NAME_LATN":"Glarus","NUTS_NAME":"Glarus","MOUNT_TYPE":3,"URBN_TYPE":2,"COAST_TYPE":3,"FID":"CH051"},"geometry":{"type":"MultiPolygon","coordinates":[[[[9.24888,46.916261],[9.239762,46.908253],[9.224559,46.901527],[9.199768,46.880506],[9.188272,46.876454],[9.177322,46.879059],[9.152977,46.879786],[9.140441,46.861781],[9.113809,46.852394],[9.103608,46.859696],[9.094924,46.871167],[9.065632,46.874746],[9.045174,46.864976],[9.045953,46.850201],[9.039714,46.847256],[9.019965,46.817327],[9.009012,46.811181],[8.965648,46.806514],[8.928275,46.796472],[8.914515,46.801077],[8.914856,46.811149],[8.898389,46.814231],[8.877168,46.813123],[8.881476,46.829378],[8.87119,46.842069],[8.896507,46.850728],[8.908551,46.861505],[8.918002,46.860808],[8.956018,46.875362],[8.957342,46.887904],[8.952819,46.898301],[8.943588,46.90616],[8.935079,46.920208],[8.963453,46.928015],[8.955608,46.939001],[8.968259,46.958906],[8.944681,46.96837],[8.933101,46.981392],[8.936149,46.987865],[8.9276,46.997908],[8.911659,47.009458],[8.909618,47.017095],[8.895072,47.021136],[8.902751,47.027539],[8.902324,47.037658],[8.922071,47.038663],[8.948134,47.049356],[8.954474,47.065503],[8.965919,47.08177],[8.954179,47.09417],[8.971039,47.10377],[8.973748,47.11507],[8.965136,47.121779],[8.973453,47.140384],[8.990816,47.161128],[9.004565,47.173145],[9.008513,47.172143],[9.066801,47.13055],[9.101584,47.133264],[9.136084,47.131959],[9.147589,47.128928],[9.189855,47.123721],[9.186571,47.097579],[9.190292,47.089912],[9.190776,47.071346],[9.182063,47.058441],[9.167971,47.050061],[9.153344,47.047129],[9.138161,47.039187],[9.167673,47.02698],[9.181493,47.026637],[9.20839,47.035803],[9.222333,47.033078],[9.242872,47.014618],[9.242772,47.006926],[9.249911,46.995162],[9.245372,46.991572],[9.246531,46.978741],[9.243292,46.966475],[9.245712,46.957943],[9.236755,46.954566],[9.236298,46.944837],[9.249651,46.935602],[9.253228,46.927187],[9.24888,46.916261]]]]}},{"type":"Feature","properties":{"NUTS_ID":"DE229","LEVL_CODE":3,"CNTR_CODE":"DE","NAME_LATN":"Regen","NUTS_NAME":"Regen","MOUNT_TYPE":3,"URBN_TYPE":3,"COAST_TYPE":3,"FID":"DE229"},"geometry":{"type":"MultiPolygon","coordinates":[[[[13.416652,48.980035],[13.372084,48.982924],[13.366136,48.981085],[13.358966,48.966746],[13.345661,48.96033],[13.331263,48.947368],[13.309927,48.949531],[13.299519,48.958216],[13.283489,48.95736],[13.2794,48.95118],[13.28612,48.943975],[13.282862,48.935621],[13.294397,48.928858],[13.293437,48.923045],[13.281142,48.91225],[13.285396,48.902301],[13.279305,48.893982],[13.286669,48.884117],[13.27987,48.873236],[13.250794,48.876342],[13.248054,48.862732],[13.220448,48.857643],[13.205718,48.864149],[13.195464,48.862773],[13.192431,48.871917],[13.170661,48.866536],[13.163936,48.871758],[13.120625,48.887822],[13.114053,48.882201],[13.08422,48.880244],[13.060284,48.883123],[13.041598,48.901287],[13.02817,48.905868],[13.014952,48.919387],[13.027367,48.923273],[13.024382,48.942166],[13.008947,48.948939],[12.977258,48.950987],[12.962054,48.946626],[12.958231,48.9304],[12.945961,48.941197],[12.930074,48.936483],[12.912744,48.936355],[12.891427,48.954471],[12.877735,48.967821],[12.880497,48.9765],[12.872816,48.989492],[12.857987,48.998816],[12.844421,49.01086],[12.837733,49.009722],[12.822348,49.024676],[12.823073,49.031859],[12.809106,49.039167],[12.810809,49.046663],[12.806119,49.056492],[12.798368,49.061287],[12.796164,49.080049],[12.786874,49.09592],[12.776662,49.103447],[12.776133,49.111486],[12.768203,49.114761],[12.766458,49.12517],[12.778398,49.127373],[12.785889,49.134228],[12.794871,49.122493],[12.818381,49.128745],[12.82831,49.125106],[12.840122,49.135149],[12.863517,49.129492],[12.879506,49.136845],[12.894921,49.127527],[12.924209,49.133522],[12.915428,49.139114],[12.916874,49.148102],[12.944829,49.140406],[12.959665,49.152915],[12.975097,49.161724],[12.990941,49.158202],[13.005421,49.160898],[13.04505,49.154998],[13.064213,49.146936],[13.069076,49.129568],[13.099487,49.11987],[13.109593,49.113681],[13.133487,49.111751],[13.134969,49.126988],[13.142712,49.135081],[13.158476,49.140271],[13.163945,49.146971],[13.160224,49.158771],[13.170908,49.173579],[13.176709,49.163497],[13.171723,49.143312],[13.183102,49.13432],[13.204349,49.122903],[13.235948,49.113731],[13.281601,49.120449],[13.290637,49.117623],[13.312292,49.104287],[13.32364,49.100292],[13.343785,49.088624],[13.347652,49.08172],[13.370128,49.067512],[13.376812,49.05818],[13.396825,49.050854],[13.393052,49.041394],[13.399542,49.036095],[13.405567,49.023266],[13.400399,49.016409],[13.408974,49.004165],[13.403015,48.988166],[13.416652,48.980035]]]]}},{"type":"Feature","properties":{"NUTS_ID":"DE135","LEVL_CODE":3,"CNTR_CODE":"DE","NAME_LATN":"Rottweil","NUTS_NAME":"Rottweil","MOUNT_TYPE":4,"URBN_TYPE":3,"COAST_TYPE":3,"FID":"DE135"},"geometry":{"type":"MultiPolygon","coordinates":[[[[8.737187,48.377977],[8.735409,48.360578],[8.744235,48.357721],[8.742846,48.350297],[8.732978,48.343815],[8.717298,48.341062],[8.710522,48.333291],[8.693341,48.328496],[8.717993,48.321457],[8.718634,48.31558],[8.68665,48.304626],[8.668565,48.304477],[8.661133,48.29549],[8.648845,48.293214],[8.659422,48.283826],[8.677715,48.283811],[8.683044,48.278838],[8.666217,48.268785],[8.68447,48.266789],[8.697843,48.258395],[8.70578,48.258126],[8.698599,48.24343],[8.703403,48.226995],[8.714221,48.209362],[8.72551,48.203959],[8.743164,48.200763],[8.739021,48.190404],[8.719246,48.18157],[8.725277,48.171922],[8.746119,48.166776],[8.751237,48.15954],[8.743615,48.144257],[8.733897,48.140891],[8.707552,48.140065],[8.687857,48.127788],[8.681308,48.117826],[8.6606,48.120274],[8.643464,48.111454],[8.637269,48.101564],[8.613638,48.096044],[8.599725,48.085777],[8.604284,48.074715],[8.583622,48.07241],[8.568512,48.079996],[8.577102,48.088654],[8.570873,48.099438],[8.563144,48.099161],[8.548197,48.107984],[8.543969,48.115021],[8.550944,48.1226],[8.549356,48.133647],[8.537363,48.136692],[8.515458,48.166785],[8.48093,48.16879],[8.475021,48.178754],[8.453241,48.178301],[8.436422,48.181822],[8.443589,48.171143],[8.429682,48.159698],[8.422857,48.167928],[8.38446,48.17376],[8.367448,48.170805],[8.32972,48.159452],[8.307419,48.172175],[8.298198,48.166373],[8.282726,48.17167],[8.292633,48.182794],[8.308903,48.190912],[8.311833,48.213418],[8.29907,48.217888],[8.293265,48.231981],[8.299901,48.240737],[8.288278,48.247601],[8.297522,48.258588],[8.290958,48.267524],[8.286792,48.282205],[8.293716,48.289897],[8.305881,48.29372],[8.321429,48.292353],[8.329007,48.299517],[8.324078,48.311478],[8.321929,48.330361],[8.303992,48.349094],[8.319316,48.357828],[8.315696,48.36896],[8.32856,48.386954],[8.345917,48.384041],[8.358682,48.377808],[8.356385,48.366277],[8.35989,48.339068],[8.386014,48.326345],[8.40358,48.321909],[8.414997,48.324095],[8.431177,48.322744],[8.438476,48.304945],[8.444734,48.301116],[8.460327,48.313016],[8.481289,48.315474],[8.494052,48.314437],[8.50015,48.331486],[8.487185,48.332934],[8.484306,48.341801],[8.470392,48.346931],[8.488874,48.351402],[8.498833,48.357582],[8.496123,48.364655],[8.486449,48.367722],[8.485042,48.381551],[8.518658,48.391933],[8.530123,48.400875],[8.545986,48.405586],[8.556784,48.399853],[8.594975,48.408328],[8.607923,48.39673],[8.637725,48.401868],[8.65416,48.394962],[8.676134,48.399865],[8.68833,48.394172],[8.69055,48.387834],[8.707013,48.384255],[8.717875,48.378504],[8.737187,48.377977]]]]}},{"type":"Feature","properties":{"NUTS_ID":"DE136","LEVL_CODE":3,"CNTR_CODE":"DE","NAME_LATN":"Schwarzwald-Baar-Kreis","NUTS_NAME":"Schwarzwald-Baar-Kreis","MOUNT_TYPE":4,"URBN_TYPE":2,"COAST_TYPE":3,"FID":"DE136"},"geometry":{"type":"MultiPolygon","coordinates":[[[[8.604284,48.074715],[8.635577,48.050146],[8.631895,48.043978],[8.643969,48.03387],[8.630197,48.014879],[8.642554,48.004478],[8.663062,47.999628],[8.653586,47.990928],[8.660275,47.972866],[8.650957,47.972884],[8.637725,47.959857],[8.631948,47.948066],[8.606273,47.95124],[8.588483,47.944916],[8.58781,47.925672],[8.59589,47.915601],[8.591251,47.904195],[8.59714,47.898454],[8.610951,47.895744],[8.619683,47.889468],[8.608484,47.877275],[8.624946,47.868368],[8.640146,47.854812],[8.629163,47.840201],[8.623542,47.817942],[8.613831,47.801079],[8.601605,47.802693],[8.576573,47.800103],[8.563044,47.803485],[8.56206,47.793622],[8.57406,47.789293],[8.577099,47.781546],[8.566208,47.777982],[8.552022,47.784173],[8.526254,47.777568],[8.520132,47.770493],[8.510115,47.77619],[8.527308,47.785649],[8.526592,47.791323],[8.509859,47.797257],[8.495841,47.798044],[8.512439,47.811545],[8.506454,47.827686],[8.488349,47.831431],[8.472637,47.829336],[8.47331,47.842241],[8.462586,47.850349],[8.443721,47.856568],[8.439034,47.853638],[8.435511,47.859711],[8.439399,47.874945],[8.422514,47.88268],[8.420869,47.890453],[8.406548,47.895605],[8.409724,47.904164],[8.382813,47.913215],[8.345048,47.935804],[8.313985,47.943382],[8.313644,47.951438],[8.28242,47.951087],[8.27634,47.959019],[8.305885,47.964659],[8.313308,47.970156],[8.320639,47.984452],[8.3103,47.992717],[8.28406,47.987144],[8.269927,47.992825],[8.256818,47.991813],[8.222674,47.997463],[8.213379,47.989124],[8.196534,47.983768],[8.191008,47.993661],[8.163834,47.993128],[8.161157,47.999286],[8.146115,48.002389],[8.136648,48.009147],[8.115199,48.027268],[8.11732,48.03594],[8.127611,48.041146],[8.124638,48.052096],[8.113738,48.056689],[8.109786,48.063248],[8.129049,48.073061],[8.150445,48.067484],[8.155509,48.078192],[8.146603,48.084738],[8.152621,48.098709],[8.141653,48.113706],[8.129482,48.122151],[8.125374,48.131695],[8.141915,48.141443],[8.136597,48.163273],[8.154626,48.172903],[8.167536,48.175162],[8.180335,48.18392],[8.206892,48.171787],[8.214848,48.15974],[8.225078,48.15866],[8.24192,48.174285],[8.24229,48.185672],[8.261708,48.177309],[8.282726,48.17167],[8.298198,48.166373],[8.307419,48.172175],[8.32972,48.159452],[8.367448,48.170805],[8.38446,48.17376],[8.422857,48.167928],[8.429682,48.159698],[8.443589,48.171143],[8.436422,48.181822],[8.453241,48.178301],[8.475021,48.178754],[8.48093,48.16879],[8.515458,48.166785],[8.537363,48.136692],[8.549356,48.133647],[8.550944,48.1226],[8.543969,48.115021],[8.548197,48.107984],[8.563144,48.099161],[8.570873,48.099438],[8.577102,48.088654],[8.568512,48.079996],[8.583622,48.07241],[8.604284,48.074715]]]]}},{"type":"Feature","properties":{"NUTS_ID":"DE214","LEVL_CODE":3,"CNTR_CODE":"DE","NAME_LATN":"Altötting","NUTS_NAME":"Altötting","MOUNT_TYPE":4,"URBN_TYPE":2,"COAST_TYPE":3,"FID":"DE214"},"geometry":{"type":"MultiPolygon","coordinates":[[[[12.607291,48.353632],[12.613198,48.347031],[12.638201,48.346721],[12.643296,48.339097],[12.662586,48.334154],[12.673874,48.340891],[12.690382,48.344286],[12.70222,48.331026],[12.715909,48.330605],[12.733278,48.321745],[12.746755,48.321265],[12.761442,48.325112],[12.769487,48.32223],[12.779044,48.327687],[12.805639,48.321235],[12.810216,48.313171],[12.822942,48.315325],[12.82371,48.30163],[12.844886,48.294378],[12.855564,48.285981],[12.855837,48.280005],[12.877271,48.26532],[12.894982,48.265736],[12.901993,48.249185],[12.891852,48.236502],[12.924859,48.212089],[12.944684,48.206692],[12.916622,48.206415],[12.871244,48.201769],[12.84806,48.167862],[12.836334,48.164629],[12.827681,48.153348],[12.811583,48.151329],[12.799899,48.146642],[12.793155,48.132449],[12.784728,48.12353],[12.768749,48.128477],[12.759206,48.127061],[12.758437,48.118749],[12.751555,48.11281],[12.742608,48.112354],[12.724189,48.102103],[12.715551,48.110144],[12.701327,48.104613],[12.706297,48.072462],[12.709243,48.068499],[12.682374,48.054221],[12.681648,48.045992],[12.651277,48.049176],[12.632796,48.048982],[12.616402,48.045041],[12.613658,48.05689],[12.616325,48.06417],[12.596189,48.067966],[12.583893,48.067662],[12.5804,48.077155],[12.566042,48.098673],[12.573225,48.106445],[12.564991,48.123899],[12.548849,48.125491],[12.543056,48.139065],[12.566205,48.158885],[12.572479,48.168667],[12.586039,48.18029],[12.58046,48.184801],[12.578666,48.202615],[12.587111,48.207128],[12.57888,48.214507],[12.581589,48.225113],[12.595494,48.22767],[12.60096,48.232725],[12.585389,48.238852],[12.564707,48.242448],[12.561164,48.247442],[12.569384,48.263881],[12.575366,48.267615],[12.599674,48.269554],[12.599734,48.282775],[12.591848,48.283774],[12.588646,48.293594],[12.558744,48.302547],[12.577296,48.318201],[12.566605,48.333457],[12.578225,48.341527],[12.597909,48.336327],[12.598131,48.351678],[12.607291,48.353632]]]]}},{"type":"Feature","properties":{"NUTS_ID":"DE254","LEVL_CODE":3,"CNTR_CODE":"DE","NAME_LATN":"Nürnberg, Kreisfreie Stadt","NUTS_NAME":"Nürnberg, Kreisfreie Stadt","MOUNT_TYPE":4,"URBN_TYPE":1,"COAST_TYPE":3,"FID":"DE254"},"geometry":{"type":"MultiPolygon","coordinates":[[[[11.25663,49.431056],[11.25185,49.440029],[11.264545,49.440468],[11.279136,49.417103],[11.263634,49.416093],[11.25663,49.431056]]],[[[11.178176,49.474089],[11.181742,49.468665],[11.172468,49.46187],[11.143781,49.456954],[11.151943,49.453061],[11.149427,49.443065],[11.134578,49.444748],[11.135851,49.43298],[11.176644,49.417832],[11.180543,49.428426],[11.192867,49.42807],[11.20577,49.419781],[11.185556,49.414557],[11.181797,49.395831],[11.188311,49.389635],[11.169249,49.388472],[11.158357,49.387568],[11.130207,49.390719],[11.111447,49.388024],[11.10653,49.369879],[11.118615,49.361796],[11.090587,49.342671],[11.07981,49.339275],[11.064334,49.33842],[11.054574,49.341812],[11.045606,49.351485],[11.044686,49.361148],[11.033276,49.371123],[11.015106,49.369804],[10.997796,49.375885],[10.992715,49.381493],[11.022627,49.394203],[11.0245,49.404101],[10.990453,49.43654],[10.998519,49.442737],[10.99577,49.449638],[11.007205,49.453705],[11.011051,49.46567],[11.025153,49.472784],[11.025948,49.480611],[11.01506,49.494309],[11.02312,49.498238],[11.027443,49.508422],[11.011736,49.508394],[11.000601,49.512915],[11.003258,49.522542],[10.995599,49.526297],[10.987928,49.536785],[10.99272,49.540152],[11.030211,49.535371],[11.052618,49.529958],[11.069748,49.522555],[11.06285,49.505042],[11.095378,49.501274],[11.096681,49.507606],[11.108032,49.512669],[11.119695,49.512256],[11.123178,49.492226],[11.147439,49.483795],[11.151323,49.472074],[11.178176,49.474089]]]]}},{"type":"Feature","properties":{"NUTS_ID":"DE255","LEVL_CODE":3,"CNTR_CODE":"DE","NAME_LATN":"Schwabach, Kreisfreie Stadt","NUTS_NAME":"Schwabach, Kreisfreie Stadt","MOUNT_TYPE":4,"URBN_TYPE":1,"COAST_TYPE":3,"FID":"DE255"},"geometry":{"type":"MultiPolygon","coordinates":[[[[11.07981,49.339275],[11.086869,49.314195],[11.074612,49.31835],[11.052346,49.31539],[11.039597,49.299407],[11.024674,49.293898],[11.010113,49.297814],[10.994392,49.320613],[10.981904,49.319277],[10.976629,49.325322],[10.992612,49.336763],[10.978976,49.346024],[10.970993,49.357925],[10.983026,49.362029],[10.997796,49.375885],[11.015106,49.369804],[11.033276,49.371123],[11.044686,49.361148],[11.045606,49.351485],[11.054574,49.341812],[11.064334,49.33842],[11.07981,49.339275]]]]}},{"type":"Feature","properties":{"NUTS_ID":"DE264","LEVL_CODE":3,"CNTR_CODE":"DE","NAME_LATN":"Aschaffenburg, Landkreis","NUTS_NAME":"Aschaffenburg, Landkreis","MOUNT_TYPE":4,"URBN_TYPE":1,"COAST_TYPE":3,"FID":"DE264"},"geometry":{"type":"MultiPolygon","coordinates":[[[[9.404984,50.087734],[9.39631,50.083665],[9.408241,50.069212],[9.392003,50.070775],[9.386163,50.055],[9.398127,50.049369],[9.410994,50.054409],[9.404292,50.03668],[9.407165,50.023271],[9.42218,50.017142],[9.411092,50.012472],[9.409143,49.998576],[9.417349,49.991724],[9.430416,49.991003],[9.44419,49.974134],[9.441105,49.963596],[9.448686,49.951348],[9.466355,49.949377],[9.475966,49.945369],[9.468537,49.93626],[9.464682,49.917419],[9.453698,49.92721],[9.442055,49.920315],[9.426059,49.916558],[9.431199,49.910288],[9.427574,49.899706],[9.4347,49.890654],[9.433143,49.884205],[9.422738,49.881138],[9.410333,49.878521],[9.394845,49.864525],[9.367642,49.853579],[9.366312,49.83291],[9.354437,49.83612],[9.329267,49.837881],[9.318614,49.833158],[9.313836,49.842661],[9.288714,49.866796],[9.262896,49.86472],[9.258817,49.85277],[9.246816,49.858571],[9.245266,49.865786],[9.259683,49.870988],[9.280874,49.900591],[9.280292,49.91103],[9.273622,49.914488],[9.26611,49.927831],[9.247192,49.926869],[9.237796,49.9348],[9.234787,49.940793],[9.211299,49.954188],[9.198374,49.954207],[9.182886,49.964706],[9.19382,49.973909],[9.193049,49.979189],[9.169817,49.988709],[9.159065,49.999608],[9.136155,50.003029],[9.126971,50.014047],[9.108798,50.006595],[9.096571,50.015867],[9.08046,50.007501],[9.086811,49.997557],[9.104318,49.989252],[9.111563,49.981329],[9.106724,49.974433],[9.084763,49.969202],[9.096009,49.958714],[9.083733,49.956206],[9.10724,49.930858],[9.111021,49.925275],[9.103076,49.916436],[9.108381,49.902323],[9.094356,49.890494],[9.0998,49.881649],[9.087463,49.879074],[9.07333,49.881195],[9.054834,49.86697],[9.05008,49.866315],[9.038919,49.876282],[9.036138,49.896646],[9.024288,49.910561],[9.031653,49.924561],[9.025221,49.944653],[9.026372,49.955091],[9.016089,49.99134],[9.022754,49.996429],[9.032321,49.990401],[9.047333,49.9912],[9.036165,50.001988],[9.039817,50.010373],[9.031025,50.020132],[9.031687,50.03803],[9.023861,50.043401],[9.010078,50.045842],[8.990261,50.041868],[8.976236,50.04934],[8.99056,50.067119],[8.998846,50.070069],[8.997794,50.091316],[9.016594,50.110458],[9.037018,50.114371],[9.064562,50.117125],[9.087951,50.117014],[9.099123,50.126103],[9.117314,50.126482],[9.15572,50.110566],[9.144543,50.098267],[9.149971,50.09144],[9.173818,50.114025],[9.174349,50.118561],[9.191611,50.128072],[9.183691,50.137986],[9.194686,50.139418],[9.222256,50.148803],[9.260355,50.138538],[9.273307,50.142343],[9.291135,50.140173],[9.307771,50.133891],[9.327429,50.141059],[9.341584,50.131282],[9.369242,50.131442],[9.382747,50.119175],[9.394463,50.097486],[9.404984,50.087734]]]]}},{"type":"Feature","properties":{"NUTS_ID":"DE212","LEVL_CODE":3,"CNTR_CODE":"DE","NAME_LATN":"München, Kreisfreie Stadt","NUTS_NAME":"München, Kreisfreie Stadt","MOUNT_TYPE":4,"URBN_TYPE":1,"COAST_TYPE":3,"FID":"DE212"},"geometry":{"type":"MultiPolygon","coordinates":[[[[11.412451,48.127115],[11.397462,48.125355],[11.389225,48.128616],[11.388643,48.147139],[11.369847,48.158285],[11.360877,48.158089],[11.369879,48.175811],[11.391269,48.182803],[11.392991,48.200513],[11.402939,48.20312],[11.426054,48.20421],[11.432647,48.207473],[11.455486,48.208818],[11.463663,48.216056],[11.487664,48.222559],[11.491105,48.244886],[11.499818,48.248146],[11.524932,48.241356],[11.530797,48.23251],[11.548224,48.228272],[11.581194,48.229253],[11.586626,48.213921],[11.600421,48.213794],[11.610946,48.219451],[11.616592,48.228853],[11.635895,48.226515],[11.650369,48.217329],[11.639253,48.20387],[11.629241,48.184943],[11.63543,48.175529],[11.646234,48.173816],[11.663178,48.176396],[11.663827,48.181721],[11.685424,48.180273],[11.686438,48.170798],[11.67517,48.157017],[11.67838,48.145862],[11.708673,48.14867],[11.713463,48.140567],[11.711005,48.123931],[11.695177,48.123369],[11.694534,48.118519],[11.70938,48.114688],[11.713126,48.105028],[11.683162,48.09138],[11.685725,48.077503],[11.6628,48.078583],[11.620262,48.088071],[11.591349,48.08431],[11.584154,48.092417],[11.5568,48.084007],[11.541782,48.07709],[11.534514,48.077419],[11.52703,48.068924],[11.508732,48.061554],[11.501807,48.070098],[11.471018,48.083128],[11.472329,48.098471],[11.463024,48.105233],[11.464364,48.128113],[11.45819,48.132124],[11.429873,48.137147],[11.412451,48.127115]]]]}},{"type":"Feature","properties":{"NUTS_ID":"DE213","LEVL_CODE":3,"CNTR_CODE":"DE","NAME_LATN":"Rosenheim, Kreisfreie Stadt","NUTS_NAME":"Rosenheim, Kreisfreie Stadt","MOUNT_TYPE":4,"URBN_TYPE":2,"COAST_TYPE":3,"FID":"DE213"},"geometry":{"type":"MultiPolygon","coordinates":[[[[12.138233,47.88675],[12.133684,47.873068],[12.134429,47.863086],[12.150597,47.84706],[12.151501,47.839405],[12.144669,47.828356],[12.128776,47.813885],[12.115681,47.816979],[12.10665,47.810721],[12.054313,47.81771],[12.059067,47.827724],[12.073958,47.832536],[12.08137,47.849429],[12.07698,47.861182],[12.084199,47.867634],[12.098495,47.872076],[12.103204,47.884726],[12.119588,47.885313],[12.129085,47.882591],[12.138233,47.88675]]]]}},{"type":"Feature","properties":{"NUTS_ID":"CH052","LEVL_CODE":3,"CNTR_CODE":"CH","NAME_LATN":"Schaffhausen","NUTS_NAME":"Schaffhausen","MOUNT_TYPE":3,"URBN_TYPE":2,"COAST_TYPE":3,"FID":"CH052"},"geometry":{"type":"MultiPolygon","coordinates":[[[[8.874888,47.65467],[8.863032,47.655022],[8.856726,47.650001],[8.846365,47.653523],[8.853324,47.660659],[8.841844,47.664679],[8.836808,47.671279],[8.818225,47.677282],[8.795708,47.675595],[8.798434,47.697796],[8.79339,47.704385],[8.769497,47.706723],[8.771006,47.718436],[8.806439,47.738307],[8.812594,47.7234],[8.823007,47.711614],[8.843798,47.711746],[8.848522,47.703492],[8.871377,47.70496],[8.874962,47.695459],[8.856704,47.69207],[8.851556,47.680921],[8.864076,47.678477],[8.873687,47.669187],[8.874888,47.65467]]],[[[8.613831,47.801079],[8.62155,47.79372],[8.615593,47.785711],[8.622475,47.776495],[8.619895,47.767336],[8.628227,47.75944],[8.645487,47.765025],[8.651928,47.772869],[8.645948,47.787188],[8.658732,47.791853],[8.680132,47.786013],[8.688414,47.759304],[8.695446,47.756415],[8.714211,47.76501],[8.72668,47.762114],[8.740105,47.752789],[8.739704,47.74703],[8.723686,47.745109],[8.714959,47.738393],[8.711911,47.730176],[8.718163,47.721429],[8.736294,47.716151],[8.72708,47.698123],[8.727982,47.69268],[8.71772,47.690742],[8.711748,47.696696],[8.705038,47.712523],[8.685502,47.708967],[8.678927,47.712653],[8.66642,47.708107],[8.6759,47.698808],[8.663354,47.685892],[8.644557,47.69411],[8.625237,47.691595],[8.62713,47.680363],[8.613558,47.677086],[8.606369,47.669005],[8.593964,47.667833],[8.577082,47.662069],[8.563654,47.669944],[8.547159,47.66706],[8.527009,47.660395],[8.532582,47.650649],[8.527189,47.645453],[8.495007,47.646748],[8.490723,47.642812],[8.465067,47.645421],[8.45767,47.653313],[8.444729,47.654341],[8.424052,47.666326],[8.41156,47.667423],[8.406412,47.675476],[8.420668,47.683865],[8.405148,47.697829],[8.416828,47.710006],[8.425989,47.711357],[8.456984,47.729164],[8.450232,47.738714],[8.457252,47.74918],[8.473545,47.764208],[8.487544,47.772169],[8.496219,47.77116],[8.510115,47.77619],[8.520132,47.770493],[8.526254,47.777568],[8.552022,47.784173],[8.566208,47.777982],[8.577099,47.781546],[8.57406,47.789293],[8.56206,47.793622],[8.563044,47.803485],[8.576573,47.800103],[8.601605,47.802693],[8.613831,47.801079]]],[[[8.562841,47.599432],[8.581735,47.596558],[8.595602,47.605544],[8.594241,47.596459],[8.578198,47.588029],[8.579627,47.577362],[8.572,47.574282],[8.56763,47.562568],[8.554668,47.552818],[8.5359,47.575746],[8.538056,47.587902],[8.556281,47.594141],[8.562841,47.599432]]]]}},{"type":"Feature","properties":{"NUTS_ID":"DE238","LEVL_CODE":3,"CNTR_CODE":"DE","NAME_LATN":"Regensburg, Landkreis","NUTS_NAME":"Regensburg, Landkreis","MOUNT_TYPE":4,"URBN_TYPE":2,"COAST_TYPE":3,"FID":"DE238"},"geometry":{"type":"MultiPolygon","coordinates":[[[[12.311049,49.152472],[12.312484,49.143971],[12.323439,49.133462],[12.311559,49.126888],[12.314411,49.119251],[12.324005,49.111366],[12.335693,49.113662],[12.344644,49.10462],[12.322901,49.096971],[12.329013,49.087948],[12.343071,49.090617],[12.369621,49.088038],[12.388044,49.095079],[12.396993,49.101793],[12.425313,49.092667],[12.425647,49.06855],[12.437329,49.05917],[12.423032,49.053614],[12.427366,49.046726],[12.447177,49.041766],[12.448241,49.035732],[12.479026,49.031986],[12.480316,49.025359],[12.490588,49.017517],[12.484119,49.00114],[12.487017,48.979283],[12.476824,48.975193],[12.452613,48.982374],[12.44293,48.981964],[12.437945,48.971973],[12.45261,48.963649],[12.441216,48.953428],[12.447369,48.925949],[12.45744,48.920215],[12.443332,48.915724],[12.435501,48.903513],[12.427466,48.898456],[12.424749,48.886752],[12.431317,48.87832],[12.417997,48.874736],[12.388044,48.856816],[12.383181,48.850103],[12.361854,48.847169],[12.343591,48.859137],[12.335679,48.855118],[12.322059,48.862457],[12.30148,48.854679],[12.295496,48.8446],[12.259287,48.856686],[12.254836,48.8502],[12.256739,48.836663],[12.23351,48.826632],[12.226988,48.817053],[12.233163,48.811153],[12.195725,48.805169],[12.190479,48.794125],[12.171978,48.798301],[12.164137,48.788884],[12.131185,48.779243],[12.12897,48.772005],[12.135276,48.765912],[12.11588,48.76894],[12.106789,48.764923],[12.097496,48.771992],[12.097794,48.79038],[12.108287,48.803352],[12.102495,48.825086],[12.107132,48.8315],[12.100893,48.843276],[12.106911,48.858383],[12.120758,48.864319],[12.129893,48.862828],[12.133692,48.876794],[12.128013,48.88489],[12.11663,48.881749],[12.120336,48.89753],[12.109228,48.896755],[12.108708,48.906186],[12.080376,48.904613],[12.085561,48.919264],[12.077064,48.931556],[12.080371,48.936695],[12.066321,48.943156],[12.04979,48.943759],[12.034746,48.94783],[12.029252,48.961492],[12.014275,48.954042],[11.98764,48.953164],[11.991827,48.961339],[11.968511,48.964548],[11.960159,48.954507],[11.94873,48.953116],[11.946432,48.947205],[11.927818,48.946358],[11.930657,48.964196],[11.921153,48.971033],[11.910498,48.969792],[11.903481,48.976724],[11.917416,48.980965],[11.89684,49.001533],[11.891065,49.011862],[11.87821,49.009193],[11.865546,49.014685],[11.869344,49.020406],[11.828297,49.022586],[11.809672,49.018558],[11.793287,49.0067],[11.783164,48.989753],[11.765363,48.981985],[11.762781,48.987612],[11.741401,48.990564],[11.729979,48.995837],[11.724044,49.010369],[11.712552,49.014643],[11.699169,49.01352],[11.69048,49.021096],[11.68294,49.016193],[11.659785,49.016129],[11.660692,49.028977],[11.674952,49.051053],[11.689166,49.057454],[11.674937,49.072355],[11.676203,49.078355],[11.690838,49.077631],[11.700845,49.094621],[11.734388,49.1002],[11.749911,49.105024],[11.746823,49.120244],[11.762912,49.125119],[11.763778,49.131408],[11.784819,49.14164],[11.787714,49.152247],[11.795078,49.155133],[11.798104,49.167889],[11.811467,49.173729],[11.82352,49.160441],[11.844093,49.151676],[11.85913,49.161397],[11.86199,49.169754],[11.880771,49.170014],[11.891727,49.175217],[11.905862,49.173783],[11.923117,49.187611],[11.935772,49.188278],[11.935903,49.19507],[11.948451,49.193463],[11.960894,49.184529],[11.991827,49.184995],[12.011558,49.17402],[11.999482,49.162147],[12.007359,49.159763],[12.032217,49.160526],[12.045135,49.170074],[12.060634,49.168249],[12.058082,49.159174],[12.074076,49.149503],[12.097036,49.143637],[12.104427,49.158518],[12.125819,49.160274],[12.119409,49.168308],[12.134238,49.174762],[12.143305,49.175124],[12.156065,49.18225],[12.147726,49.206832],[12.160036,49.208749],[12.171677,49.221298],[12.178216,49.222234],[12.188325,49.205948],[12.187761,49.197175],[12.194684,49.185979],[12.204479,49.179946],[12.225761,49.178247],[12.231525,49.167619],[12.229479,49.161177],[12.2399,49.151782],[12.250348,49.157902],[12.27197,49.157278],[12.285878,49.165954],[12.311049,49.152472]],[[12.107551,48.967359],[12.116711,48.975067],[12.130916,48.967215],[12.152931,48.978005],[12.164211,48.972464],[12.175445,48.972847],[12.188487,48.989546],[12.186966,49.00362],[12.180548,49.009557],[12.160071,49.019326],[12.164396,49.04852],[12.147509,49.047194],[12.135474,49.057874],[12.138998,49.068257],[12.117104,49.068135],[12.095025,49.063241],[12.098914,49.043347],[12.088957,49.035796],[12.077795,49.033215],[12.061629,49.035535],[12.052545,49.049817],[12.036454,49.041142],[12.034723,49.033413],[12.044813,49.025394],[12.029902,49.009811],[12.038239,49.001846],[12.052974,49.002776],[12.065329,48.997655],[12.067596,48.985132],[12.07775,48.970116],[12.096063,48.97234],[12.107551,48.967359]]]]}},{"type":"Feature","properties":{"NUTS_ID":"DE239","LEVL_CODE":3,"CNTR_CODE":"DE","NAME_LATN":"Schwandorf","NUTS_NAME":"Schwandorf","MOUNT_TYPE":4,"URBN_TYPE":3,"COAST_TYPE":3,"FID":"DE239"},"geometry":{"type":"MultiPolygon","coordinates":[[[[12.593779,49.542191],[12.589878,49.538052],[12.621688,49.526659],[12.635105,49.53155],[12.644176,49.523057],[12.640178,49.500498],[12.643767,49.485666],[12.633763,49.476195],[12.63283,49.488627],[12.614846,49.48816],[12.609445,49.476707],[12.591948,49.477132],[12.589825,49.466872],[12.545855,49.460817],[12.5403,49.453095],[12.527572,49.447327],[12.541267,49.439621],[12.543291,49.430829],[12.554894,49.418989],[12.535651,49.409772],[12.527818,49.411117],[12.512772,49.405583],[12.500302,49.407952],[12.486311,49.393947],[12.490215,49.386233],[12.501821,49.378283],[12.49328,49.366799],[12.481682,49.359501],[12.481749,49.341728],[12.488768,49.331181],[12.482934,49.319396],[12.510248,49.315861],[12.49693,49.302727],[12.479881,49.295441],[12.487252,49.286682],[12.477002,49.271213],[12.458222,49.271155],[12.436871,49.27634],[12.422544,49.274322],[12.421394,49.263147],[12.400061,49.261456],[12.383743,49.263685],[12.372198,49.253458],[12.375018,49.239507],[12.394083,49.239281],[12.385533,49.228461],[12.359913,49.22874],[12.363107,49.217698],[12.351929,49.21787],[12.348674,49.20461],[12.338832,49.200505],[12.334087,49.189276],[12.325521,49.186705],[12.328741,49.177511],[12.32025,49.161117],[12.311049,49.152472],[12.285878,49.165954],[12.27197,49.157278],[12.250348,49.157902],[12.2399,49.151782],[12.229479,49.161177],[12.231525,49.167619],[12.225761,49.178247],[12.204479,49.179946],[12.194684,49.185979],[12.187761,49.197175],[12.188325,49.205948],[12.178216,49.222234],[12.171677,49.221298],[12.160036,49.208749],[12.147726,49.206832],[12.156065,49.18225],[12.143305,49.175124],[12.134238,49.174762],[12.119409,49.168308],[12.125819,49.160274],[12.104427,49.158518],[12.097036,49.143637],[12.074076,49.149503],[12.058082,49.159174],[12.060634,49.168249],[12.045135,49.170074],[12.032217,49.160526],[12.007359,49.159763],[11.999482,49.162147],[12.011558,49.17402],[11.991827,49.184995],[11.960894,49.184529],[11.948451,49.193463],[11.935903,49.19507],[11.941831,49.204099],[11.940121,49.21479],[11.93422,49.221074],[11.943918,49.21493],[11.95078,49.2213],[11.942417,49.227724],[11.941919,49.235272],[11.949384,49.241914],[11.98277,49.252343],[11.968511,49.257265],[11.964081,49.26498],[11.945272,49.268608],[11.945165,49.278666],[11.978622,49.279837],[11.973515,49.285913],[11.967046,49.303301],[11.977006,49.315608],[11.991827,49.318693],[11.999197,49.326247],[11.999524,49.335239],[12.009247,49.340689],[12.021018,49.353534],[12.04899,49.351514],[12.055597,49.357651],[12.063937,49.380132],[12.051945,49.380284],[12.048169,49.393392],[12.022919,49.39636],[12.009239,49.392145],[12.000662,49.39796],[12.005586,49.406075],[11.97713,49.42218],[11.987206,49.427307],[11.981007,49.434346],[12.006966,49.431541],[12.01877,49.433466],[12.032832,49.429714],[12.038923,49.451362],[12.03422,49.466178],[12.033335,49.479677],[12.037982,49.485085],[12.033291,49.493682],[12.047556,49.494484],[12.069071,49.49206],[12.068794,49.483979],[12.081257,49.484138],[12.089714,49.489676],[12.094995,49.499953],[12.085484,49.511768],[12.07419,49.518037],[12.072825,49.528706],[12.086611,49.534026],[12.08859,49.542599],[12.11549,49.547955],[12.13158,49.550515],[12.129045,49.560743],[12.147436,49.567865],[12.159958,49.566024],[12.182934,49.570078],[12.18954,49.588912],[12.197669,49.593428],[12.208537,49.587371],[12.232369,49.582778],[12.244696,49.574983],[12.236812,49.563744],[12.245887,49.551461],[12.260904,49.547861],[12.261899,49.539398],[12.27783,49.543527],[12.283997,49.53747],[12.300786,49.536147],[12.291464,49.519926],[12.31891,49.513306],[12.33637,49.510993],[12.342056,49.505262],[12.352623,49.50531],[12.349521,49.517101],[12.36543,49.513611],[12.374073,49.521259],[12.395782,49.520226],[12.403643,49.532317],[12.42911,49.529228],[12.426498,49.521714],[12.443436,49.522774],[12.45215,49.531314],[12.449807,49.537864],[12.468252,49.541111],[12.473377,49.549885],[12.486579,49.546204],[12.503392,49.547339],[12.525111,49.536393],[12.53179,49.535702],[12.545492,49.542974],[12.566798,49.550669],[12.583345,49.542464],[12.593779,49.542191]]]]}},{"type":"Feature","properties":{"NUTS_ID":"DE268","LEVL_CODE":3,"CNTR_CODE":"DE","NAME_LATN":"Kitzingen","NUTS_NAME":"Kitzingen","MOUNT_TYPE":4,"URBN_TYPE":3,"COAST_TYPE":3,"FID":"DE268"},"geometry":{"type":"MultiPolygon","coordinates":[[[[10.448965,49.822177],[10.460731,49.810014],[10.483105,49.805187],[10.468275,49.792248],[10.472839,49.786412],[10.489541,49.787101],[10.516403,49.802997],[10.519281,49.796741],[10.535549,49.792944],[10.527098,49.78535],[10.535717,49.781929],[10.539871,49.772294],[10.553901,49.769071],[10.551436,49.755772],[10.539603,49.753207],[10.525167,49.755052],[10.496687,49.752911],[10.491365,49.742865],[10.47959,49.744482],[10.46328,49.741899],[10.435505,49.750044],[10.419364,49.741082],[10.37547,49.722174],[10.368188,49.710761],[10.34452,49.700732],[10.368984,49.690391],[10.382699,49.694043],[10.383558,49.68507],[10.368963,49.686195],[10.359548,49.677716],[10.367393,49.672203],[10.364624,49.664864],[10.37917,49.6499],[10.388013,49.634258],[10.364976,49.631413],[10.348491,49.622682],[10.326748,49.623191],[10.313949,49.625935],[10.293072,49.625659],[10.281707,49.619658],[10.269725,49.625173],[10.250133,49.625375],[10.220728,49.632471],[10.199657,49.624217],[10.199735,49.603647],[10.178325,49.598684],[10.16869,49.590548],[10.15736,49.594957],[10.147877,49.611554],[10.132241,49.611772],[10.117815,49.622135],[10.110316,49.621408],[10.084331,49.634586],[10.083013,49.647632],[10.09318,49.660557],[10.102264,49.660398],[10.110312,49.669055],[10.133415,49.668222],[10.124434,49.682708],[10.12767,49.686808],[10.100799,49.704772],[10.096663,49.718716],[10.06735,49.719164],[10.051289,49.72932],[10.049184,49.743325],[10.04051,49.746613],[10.060741,49.758398],[10.052545,49.773552],[10.061268,49.778626],[10.056999,49.799038],[10.062739,49.808912],[10.06531,49.825352],[10.083188,49.832421],[10.086624,49.837307],[10.106877,49.836395],[10.121291,49.838207],[10.120618,49.845716],[10.130699,49.849171],[10.141927,49.846372],[10.164585,49.848198],[10.165442,49.869458],[10.162587,49.876147],[10.171203,49.884374],[10.181656,49.884925],[10.189162,49.892056],[10.201806,49.892295],[10.21044,49.898298],[10.209981,49.911625],[10.226538,49.915044],[10.234367,49.908952],[10.23596,49.890325],[10.247018,49.882473],[10.283363,49.891609],[10.290666,49.890129],[10.290996,49.871126],[10.301018,49.862473],[10.32109,49.855145],[10.328641,49.856166],[10.339215,49.865427],[10.364991,49.859607],[10.374687,49.865418],[10.390474,49.863824],[10.387454,49.857657],[10.390878,49.8434],[10.388168,49.837508],[10.420541,49.825001],[10.443112,49.820726],[10.448965,49.822177]]]]}},{"type":"Feature","properties":{"NUTS_ID":"CH053","LEVL_CODE":3,"CNTR_CODE":"CH","NAME_LATN":"Appenzell Ausserrhoden","NUTS_NAME":"Appenzell Ausserrhoden","MOUNT_TYPE":3,"URBN_TYPE":2,"COAST_TYPE":3,"FID":"CH053"},"geometry":{"type":"MultiPolygon","coordinates":[[[[9.617908,47.437168],[9.575245,47.433869],[9.565983,47.438885],[9.558543,47.43165],[9.582288,47.419832],[9.582882,47.409769],[9.555321,47.396628],[9.550374,47.40947],[9.56967,47.406409],[9.573876,47.415349],[9.557723,47.419131],[9.553879,47.42641],[9.542778,47.431326],[9.526495,47.423182],[9.524049,47.413664],[9.531512,47.41035],[9.510757,47.402376],[9.509009,47.394552],[9.504704,47.387967],[9.504011,47.374046],[9.499404,47.361291],[9.502979,47.34737],[9.487296,47.350223],[9.465367,47.347292],[9.44664,47.355878],[9.437909,47.357211],[9.430407,47.366332],[9.411974,47.369204],[9.393946,47.379645],[9.386378,47.377999],[9.376465,47.38638],[9.349839,47.383117],[9.358104,47.377537],[9.357542,47.370547],[9.364158,47.35874],[9.343619,47.352162],[9.346235,47.344993],[9.334119,47.340959],[9.328357,47.331009],[9.312716,47.325394],[9.317699,47.30979],[9.313497,47.29197],[9.332735,47.270153],[9.342937,47.249337],[9.32333,47.246762],[9.308845,47.254861],[9.296768,47.258058],[9.2741,47.269368],[9.257588,47.26391],[9.234729,47.265463],[9.206248,47.276508],[9.22351,47.292845],[9.216658,47.301118],[9.217788,47.307819],[9.209799,47.320961],[9.233456,47.331985],[9.223835,47.342475],[9.20839,47.340096],[9.198694,47.347707],[9.191515,47.362439],[9.20839,47.362654],[9.221435,47.373394],[9.218729,47.384774],[9.231471,47.388087],[9.236632,47.39675],[9.252662,47.400743],[9.273185,47.400618],[9.305218,47.395523],[9.325696,47.400473],[9.339717,47.399784],[9.371729,47.407237],[9.397724,47.401067],[9.425805,47.407152],[9.432195,47.413747],[9.434888,47.434499],[9.451759,47.431094],[9.467935,47.438081],[9.490092,47.441549],[9.509194,47.449094],[9.529812,47.454726],[9.525884,47.461683],[9.532521,47.467843],[9.545838,47.464038],[9.576641,47.462969],[9.595387,47.458306],[9.611799,47.449605],[9.628499,47.444635],[9.617908,47.437168]]]]}},{"type":"Feature","properties":{"NUTS_ID":"CH054","LEVL_CODE":3,"CNTR_CODE":"CH","NAME_LATN":"Appenzell Innerrhoden","NUTS_NAME":"Appenzell Innerrhoden","MOUNT_TYPE":3,"URBN_TYPE":2,"COAST_TYPE":3,"FID":"CH054"},"geometry":{"type":"MultiPolygon","coordinates":[[[[9.617908,47.437168],[9.588893,47.424991],[9.604786,47.414192],[9.582882,47.409769],[9.582288,47.419832],[9.558543,47.43165],[9.565983,47.438885],[9.575245,47.433869],[9.617908,47.437168]]],[[[9.555321,47.396628],[9.542607,47.400144],[9.509009,47.394552],[9.510757,47.402376],[9.531512,47.41035],[9.524049,47.413664],[9.526495,47.423182],[9.542778,47.431326],[9.553879,47.42641],[9.557723,47.419131],[9.573876,47.415349],[9.56967,47.406409],[9.550374,47.40947],[9.555321,47.396628]]],[[[9.502979,47.34737],[9.498429,47.319575],[9.493306,47.312947],[9.484821,47.283686],[9.460669,47.263968],[9.437347,47.251105],[9.415068,47.246342],[9.402417,47.237622],[9.382086,47.233999],[9.363779,47.243574],[9.35008,47.244729],[9.342937,47.249337],[9.332735,47.270153],[9.313497,47.29197],[9.317699,47.30979],[9.312716,47.325394],[9.328357,47.331009],[9.334119,47.340959],[9.346235,47.344993],[9.343619,47.352162],[9.364158,47.35874],[9.357542,47.370547],[9.358104,47.377537],[9.349839,47.383117],[9.376465,47.38638],[9.386378,47.377999],[9.393946,47.379645],[9.411974,47.369204],[9.430407,47.366332],[9.437909,47.357211],[9.44664,47.355878],[9.465367,47.347292],[9.487296,47.350223],[9.502979,47.34737]]]]}},{"type":"Feature","properties":{"NUTS_ID":"DE111","LEVL_CODE":3,"CNTR_CODE":"DE","NAME_LATN":"Stuttgart, Stadtkreis","NUTS_NAME":"Stuttgart, Stadtkreis","MOUNT_TYPE":4,"URBN_TYPE":1,"COAST_TYPE":3,"FID":"DE111"},"geometry":{"type":"MultiPolygon","coordinates":[[[[9.24417,48.847008],[9.238973,48.841859],[9.244136,48.834538],[9.244295,48.823043],[9.253389,48.81865],[9.256686,48.810919],[9.249431,48.794081],[9.259922,48.796034],[9.276774,48.79012],[9.290061,48.791063],[9.298051,48.779549],[9.313649,48.774483],[9.301327,48.775318],[9.288092,48.769132],[9.275929,48.769263],[9.275029,48.757692],[9.255956,48.741878],[9.243726,48.742996],[9.23895,48.737781],[9.213445,48.728748],[9.229247,48.711038],[9.238983,48.710097],[9.239415,48.699974],[9.245221,48.694629],[9.217117,48.690305],[9.202246,48.69015],[9.166324,48.705206],[9.141609,48.707958],[9.12197,48.707015],[9.104721,48.709079],[9.088106,48.713477],[9.076749,48.724325],[9.056773,48.733565],[9.04484,48.746376],[9.063573,48.747802],[9.064847,48.755577],[9.076627,48.754855],[9.076703,48.76669],[9.085043,48.772765],[9.085787,48.782708],[9.075534,48.789421],[9.083924,48.797776],[9.086263,48.8073],[9.077027,48.813966],[9.083571,48.820361],[9.085844,48.832964],[9.099761,48.829598],[9.112803,48.822533],[9.137198,48.82823],[9.133736,48.842714],[9.14088,48.84707],[9.133687,48.857483],[9.153553,48.861241],[9.166873,48.850954],[9.189582,48.848242],[9.205631,48.852461],[9.206961,48.861309],[9.220619,48.866593],[9.229437,48.862322],[9.234554,48.849202],[9.24417,48.847008]]]]}},{"type":"Feature","properties":{"NUTS_ID":"DE215","LEVL_CODE":3,"CNTR_CODE":"DE","NAME_LATN":"Berchtesgadener Land","NUTS_NAME":"Berchtesgadener Land","MOUNT_TYPE":3,"URBN_TYPE":2,"COAST_TYPE":3,"FID":"DE215"},"geometry":{"type":"MultiPolygon","coordinates":[[[[13.046055,47.520502],[13.046473,47.492136],[13.027637,47.486276],[13.017868,47.474677],[13.002373,47.464094],[12.988499,47.47829],[12.976892,47.484437],[12.969139,47.474597],[12.908724,47.496989],[12.88447,47.512755],[12.881415,47.521099],[12.856776,47.527667],[12.852061,47.531136],[12.846639,47.545895],[12.817784,47.545216],[12.795034,47.556627],[12.779256,47.579285],[12.794308,47.592331],[12.791327,47.598367],[12.807423,47.610076],[12.823785,47.611586],[12.78969,47.632769],[12.779565,47.633613],[12.759405,47.653614],[12.77704,47.660427],[12.77287,47.666476],[12.75738,47.664143],[12.746048,47.674714],[12.733134,47.678988],[12.715019,47.676732],[12.695796,47.682223],[12.702627,47.683831],[12.716186,47.697947],[12.711988,47.709727],[12.71509,47.7264],[12.719456,47.734421],[12.735531,47.733288],[12.760155,47.74003],[12.767505,47.737353],[12.787144,47.754197],[12.797874,47.756428],[12.822169,47.753056],[12.848619,47.754919],[12.836135,47.766157],[12.831492,47.783202],[12.798032,47.786445],[12.789675,47.790096],[12.772726,47.788508],[12.767352,47.791942],[12.763987,47.804324],[12.748198,47.805008],[12.732812,47.826529],[12.728452,47.83982],[12.740242,47.858494],[12.73839,47.870818],[12.771494,47.891523],[12.791816,47.886369],[12.800493,47.889441],[12.820291,47.882397],[12.830184,47.887361],[12.875799,47.877484],[12.876184,47.88448],[12.88438,47.889658],[12.871944,47.898325],[12.862734,47.897176],[12.853788,47.903198],[12.850033,47.91133],[12.851856,47.923486],[12.8606,47.938844],[12.874418,47.937058],[12.878874,47.957306],[12.875785,47.962609],[12.885299,47.959397],[12.912967,47.956471],[12.920688,47.950882],[12.92098,47.940465],[12.936865,47.943309],[12.947066,47.921114],[12.966457,47.900665],[12.987598,47.869191],[13.00139,47.854394],[13.002633,47.842494],[12.989066,47.831963],[12.962119,47.798328],[12.947355,47.786964],[12.93955,47.784503],[12.934713,47.771566],[12.943465,47.762905],[12.936667,47.758357],[12.93515,47.748759],[12.919791,47.743184],[12.905275,47.724336],[12.929859,47.709686],[12.945667,47.711989],[12.956181,47.708188],[12.987198,47.707411],[13.016771,47.722634],[13.028498,47.71671],[13.045941,47.712698],[13.061962,47.696795],[13.079589,47.687494],[13.076948,47.673059],[13.079813,47.663715],[13.096233,47.640942],[13.09599,47.628725],[13.081038,47.618983],[13.070213,47.605799],[13.062736,47.60123],[13.071508,47.589898],[13.068999,47.586521],[13.044244,47.582777],[13.042626,47.57445],[13.054724,47.556873],[13.038349,47.543142],[13.031544,47.533124],[13.046055,47.520502]]]]}},{"type":"Feature","properties":{"NUTS_ID":"DE216","LEVL_CODE":3,"CNTR_CODE":"DE","NAME_LATN":"Bad Tölz-Wolfratshausen","NUTS_NAME":"Bad Tölz-Wolfratshausen","MOUNT_TYPE":2,"URBN_TYPE":2,"COAST_TYPE":3,"FID":"DE216"},"geometry":{"type":"MultiPolygon","coordinates":[[[[11.623462,47.920328],[11.629667,47.911085],[11.6438,47.909047],[11.654794,47.901361],[11.649819,47.886422],[11.663859,47.889001],[11.648071,47.868736],[11.636839,47.864624],[11.634601,47.851886],[11.618935,47.843342],[11.610385,47.831546],[11.627436,47.827969],[11.632773,47.822453],[11.651169,47.822683],[11.65572,47.819203],[11.665079,47.800635],[11.654191,47.793631],[11.638731,47.793615],[11.640276,47.77715],[11.655285,47.762963],[11.652977,47.759053],[11.662105,47.745609],[11.655165,47.739582],[11.62915,47.731514],[11.626122,47.721905],[11.640829,47.719216],[11.658996,47.726931],[11.664711,47.704681],[11.672815,47.698854],[11.671227,47.689997],[11.652869,47.68727],[11.643159,47.672992],[11.670418,47.654895],[11.670391,47.645309],[11.679264,47.641597],[11.67532,47.629635],[11.609267,47.610684],[11.598619,47.591331],[11.601728,47.58758],[11.620599,47.593389],[11.632883,47.592446],[11.633013,47.581084],[11.620891,47.584098],[11.606968,47.58099],[11.600652,47.567858],[11.587833,47.555383],[11.585887,47.543975],[11.587518,47.525727],[11.571787,47.514587],[11.549561,47.512816],[11.535397,47.509077],[11.518658,47.510408],[11.507026,47.505201],[11.484128,47.509082],[11.449323,47.507231],[11.44024,47.516799],[11.42294,47.506684],[11.410219,47.495324],[11.386262,47.499961],[11.375499,47.513509],[11.364187,47.513388],[11.354494,47.522782],[11.341894,47.525824],[11.323638,47.534685],[11.321783,47.546214],[11.310618,47.552641],[11.289732,47.554049],[11.294928,47.568519],[11.290788,47.572628],[11.262696,47.580361],[11.270614,47.603103],[11.287845,47.609906],[11.28111,47.613594],[11.271074,47.642472],[11.28063,47.660911],[11.286265,47.664884],[11.302569,47.663985],[11.312179,47.66655],[11.319873,47.675948],[11.347963,47.674768],[11.34408,47.693697],[11.370392,47.705943],[11.366085,47.718418],[11.373644,47.729025],[11.393621,47.732336],[11.409635,47.741278],[11.4141,47.755566],[11.404259,47.765509],[11.399108,47.7783],[11.401194,47.785498],[11.390945,47.79707],[11.376653,47.799553],[11.372048,47.794783],[11.339869,47.802841],[11.329083,47.811651],[11.329171,47.821091],[11.336432,47.826077],[11.338041,47.838466],[11.332408,47.871817],[11.333774,47.906499],[11.330634,47.919513],[11.334017,47.933598],[11.343758,47.9268],[11.37021,47.930206],[11.381495,47.921445],[11.393948,47.92017],[11.40471,47.931462],[11.398305,47.940522],[11.428582,47.978543],[11.451613,47.972985],[11.46701,47.96204],[11.474727,47.971454],[11.495061,47.972917],[11.500208,47.967869],[11.516794,47.961945],[11.516307,47.950067],[11.54477,47.949929],[11.564915,47.958119],[11.581703,47.949705],[11.604583,47.933705],[11.603488,47.923952],[11.623462,47.920328]]]]}},{"type":"Feature","properties":{"NUTS_ID":"DE217","LEVL_CODE":3,"CNTR_CODE":"DE","NAME_LATN":"Dachau","NUTS_NAME":"Dachau","MOUNT_TYPE":4,"URBN_TYPE":2,"COAST_TYPE":3,"FID":"DE217"},"geometry":{"type":"MultiPolygon","coordinates":[[[[11.493183,48.440511],[11.508116,48.430037],[11.500034,48.418706],[11.515239,48.402934],[11.525908,48.40084],[11.530419,48.391354],[11.512437,48.391455],[11.503947,48.377067],[11.523182,48.363031],[11.509505,48.359467],[11.50967,48.354468],[11.533173,48.346398],[11.564927,48.339053],[11.572904,48.335202],[11.573485,48.309821],[11.578699,48.299546],[11.564876,48.291604],[11.555695,48.293054],[11.530749,48.282187],[11.518529,48.278975],[11.515051,48.268447],[11.49981,48.262374],[11.499818,48.248146],[11.491105,48.244886],[11.487664,48.222559],[11.463663,48.216056],[11.455486,48.208818],[11.432647,48.207473],[11.426054,48.20421],[11.402939,48.20312],[11.403922,48.219308],[11.397359,48.226509],[11.384588,48.227479],[11.378637,48.234642],[11.35915,48.235155],[11.343477,48.228275],[11.336614,48.232939],[11.32491,48.227435],[11.310544,48.233128],[11.294491,48.259128],[11.276462,48.263437],[11.252376,48.262154],[11.245889,48.270001],[11.232437,48.274519],[11.226347,48.281653],[11.202319,48.2792],[11.194798,48.288259],[11.177334,48.296684],[11.152159,48.288491],[11.149062,48.27054],[11.116769,48.268478],[11.120627,48.27452],[11.111279,48.297712],[11.122154,48.298938],[11.118219,48.309225],[11.129851,48.323608],[11.156502,48.323478],[11.171489,48.334464],[11.162825,48.347533],[11.171308,48.355749],[11.167802,48.365368],[11.18281,48.366474],[11.187208,48.375973],[11.197767,48.387676],[11.197378,48.394614],[11.17825,48.417466],[11.199083,48.420997],[11.214343,48.430537],[11.238361,48.43119],[11.248064,48.440015],[11.26562,48.446776],[11.272388,48.444328],[11.295511,48.444198],[11.311675,48.452273],[11.32559,48.448632],[11.336455,48.454923],[11.356986,48.449702],[11.358143,48.443783],[11.37887,48.440506],[11.387923,48.435778],[11.380903,48.424056],[11.405978,48.421481],[11.402249,48.4141],[11.41458,48.406502],[11.428339,48.416454],[11.44101,48.414337],[11.437917,48.426977],[11.461081,48.433993],[11.473885,48.44053],[11.493183,48.440511]]]]}},{"type":"Feature","properties":{"NUTS_ID":"DE21G","LEVL_CODE":3,"CNTR_CODE":"DE","NAME_LATN":"Mühldorf a. Inn","NUTS_NAME":"Mühldorf a. Inn","MOUNT_TYPE":4,"URBN_TYPE":3,"COAST_TYPE":3,"FID":"DE21G"},"geometry":{"type":"MultiPolygon","coordinates":[[[[12.607291,48.353632],[12.598131,48.351678],[12.597909,48.336327],[12.578225,48.341527],[12.566605,48.333457],[12.577296,48.318201],[12.558744,48.302547],[12.588646,48.293594],[12.591848,48.283774],[12.599734,48.282775],[12.599674,48.269554],[12.575366,48.267615],[12.569384,48.263881],[12.561164,48.247442],[12.564707,48.242448],[12.585389,48.238852],[12.60096,48.232725],[12.595494,48.22767],[12.581589,48.225113],[12.57888,48.214507],[12.587111,48.207128],[12.578666,48.202615],[12.58046,48.184801],[12.586039,48.18029],[12.572479,48.168667],[12.566205,48.158885],[12.5555,48.163897],[12.531307,48.152662],[12.529585,48.145311],[12.492123,48.155074],[12.480709,48.14715],[12.494487,48.144951],[12.488001,48.136625],[12.480115,48.135453],[12.473582,48.126015],[12.458783,48.11603],[12.440837,48.1111],[12.42402,48.130866],[12.398904,48.116942],[12.387556,48.11738],[12.379048,48.117986],[12.36922,48.127732],[12.350951,48.125752],[12.342462,48.113936],[12.327307,48.105603],[12.306061,48.109403],[12.288881,48.106174],[12.283713,48.11589],[12.270337,48.11467],[12.250868,48.135192],[12.242568,48.127222],[12.209099,48.143177],[12.20816,48.127787],[12.193329,48.117729],[12.18982,48.106588],[12.17866,48.104688],[12.181886,48.093183],[12.164221,48.083515],[12.15081,48.087844],[12.136281,48.098495],[12.144847,48.111454],[12.133883,48.130527],[12.127098,48.131232],[12.113463,48.123731],[12.098368,48.125155],[12.085656,48.122344],[12.083232,48.125718],[12.049808,48.129392],[12.043185,48.141674],[12.033545,48.159697],[12.04943,48.15436],[12.057,48.163748],[12.082219,48.164462],[12.102339,48.16964],[12.106371,48.181349],[12.132231,48.183965],[12.137624,48.193791],[12.152189,48.192482],[12.157539,48.199904],[12.171857,48.201401],[12.187807,48.217254],[12.200775,48.2178],[12.207037,48.204105],[12.219295,48.200042],[12.227785,48.205869],[12.231075,48.214682],[12.222202,48.218853],[12.224974,48.227559],[12.215085,48.229788],[12.22037,48.243415],[12.233995,48.25127],[12.222184,48.26162],[12.227595,48.276393],[12.241215,48.277978],[12.239865,48.286116],[12.253671,48.289038],[12.254764,48.307022],[12.250551,48.321946],[12.257836,48.327015],[12.289394,48.330539],[12.302208,48.330304],[12.304127,48.317164],[12.328463,48.330518],[12.330414,48.33951],[12.347752,48.330751],[12.359741,48.335127],[12.362861,48.344391],[12.381194,48.34971],[12.387646,48.358498],[12.399667,48.363578],[12.413098,48.361462],[12.417968,48.372225],[12.438045,48.386941],[12.440598,48.398178],[12.430853,48.413864],[12.451053,48.411241],[12.459231,48.416827],[12.470809,48.415409],[12.483791,48.429675],[12.515775,48.423469],[12.521812,48.416495],[12.535657,48.415551],[12.543094,48.40032],[12.56611,48.403656],[12.565925,48.397565],[12.579932,48.386831],[12.591122,48.386157],[12.5938,48.374056],[12.600177,48.371916],[12.607291,48.353632]]]]}},{"type":"Feature","properties":{"NUTS_ID":"CH056","LEVL_CODE":3,"CNTR_CODE":"CH","NAME_LATN":"Graubünden","NUTS_NAME":"Graubünden","MOUNT_TYPE":3,"URBN_TYPE":3,"COAST_TYPE":3,"FID":"CH056"},"geometry":{"type":"MultiPolygon","coordinates":[[[[9.607078,47.060774],[9.619111,47.053254],[9.636565,47.051705],[9.646775,47.059237],[9.658804,47.058441],[9.681011,47.061579],[9.686421,47.056345],[9.718136,47.043971],[9.742045,47.042112],[9.749284,47.037112],[9.783335,47.038458],[9.810681,47.022609],[9.83663,47.013198],[9.852894,47.016803],[9.86043,47.022657],[9.876259,47.020901],[9.872971,47.007342],[9.888799,47.000733],[9.891673,46.989478],[9.875577,46.972833],[9.87201,46.963115],[9.878295,46.955969],[9.876149,46.934635],[9.894615,46.931411],[9.913028,46.925376],[9.921929,46.918807],[9.938454,46.913257],[9.957924,46.915614],[9.966689,46.912449],[9.977887,46.91589],[9.982676,46.906876],[10.004704,46.899212],[10.017795,46.900844],[10.033125,46.888018],[10.05166,46.87595],[10.053912,46.862488],[10.087482,46.860652],[10.092583,46.852091],[10.10517,46.84091],[10.122157,46.847975],[10.139097,46.847565],[10.144974,46.851009],[10.157808,46.848575],[10.180485,46.855171],[10.194751,46.866264],[10.206291,46.864746],[10.230905,46.866442],[10.234603,46.884029],[10.226442,46.895735],[10.233326,46.902583],[10.24161,46.919063],[10.241699,46.931635],[10.257511,46.929778],[10.293612,46.921812],[10.316069,46.925184],[10.316577,46.93093],[10.306922,46.939851],[10.311138,46.950518],[10.327457,46.954157],[10.330891,46.965853],[10.348979,46.990611],[10.371388,46.991083],[10.389318,47.000524],[10.397947,46.996963],[10.411196,46.983937],[10.425554,46.976395],[10.422795,46.96046],[10.427822,46.956822],[10.456758,46.951408],[10.477376,46.940891],[10.489351,46.93779],[10.485552,46.915175],[10.478848,46.910029],[10.474599,46.894105],[10.465608,46.88487],[10.471011,46.873611],[10.469652,46.854909],[10.471081,46.849148],[10.465868,46.835982],[10.457576,46.830435],[10.459531,46.824716],[10.451635,46.805844],[10.444669,46.799972],[10.428937,46.795993],[10.422719,46.788243],[10.440909,46.772845],[10.443812,46.761754],[10.441707,46.752107],[10.434379,46.751826],[10.401189,46.733578],[10.418266,46.718342],[10.414053,46.708183],[10.402981,46.704611],[10.393742,46.690152],[10.382582,46.685132],[10.391778,46.671973],[10.391464,46.657772],[10.403213,46.636694],[10.447543,46.640492],[10.462424,46.633073],[10.48582,46.616676],[10.48714,46.588232],[10.484005,46.577064],[10.474713,46.565383],[10.477136,46.55657],[10.47159,46.543989],[10.459729,46.540795],[10.452801,46.530683],[10.437734,46.537096],[10.418313,46.550631],[10.396776,46.544424],[10.361864,46.555457],[10.352248,46.555092],[10.339814,46.543265],[10.325451,46.551081],[10.3116,46.547254],[10.297072,46.549717],[10.295303,46.558092],[10.28596,46.569932],[10.267277,46.577213],[10.253709,46.571852],[10.24643,46.574601],[10.241563,46.591571],[10.257951,46.610434],[10.244875,46.622092],[10.238169,46.634675],[10.224318,46.628953],[10.21514,46.617604],[10.189741,46.625657],[10.162837,46.616059],[10.138654,46.610582],[10.129339,46.605863],[10.102128,46.610741],[10.097488,46.594589],[10.10063,46.584439],[10.096009,46.578561],[10.079385,46.574597],[10.084154,46.566458],[10.072015,46.558995],[10.061344,46.546246],[10.046767,46.544044],[10.044183,46.53798],[10.052145,46.53202],[10.051112,46.513421],[10.042649,46.508658],[10.048079,46.499618],[10.043541,46.481328],[10.053332,46.463265],[10.042636,46.452984],[10.042331,46.442366],[10.056374,46.440096],[10.061274,46.427875],[10.076571,46.427957],[10.082181,46.421233],[10.09906,46.42147],[10.10792,46.427606],[10.116745,46.426591],[10.130932,46.431499],[10.142828,46.4277],[10.14973,46.41363],[10.159631,46.415397],[10.165535,46.408848],[10.163372,46.390377],[10.158954,46.385749],[10.143784,46.386283],[10.128804,46.378336],[10.128858,46.361546],[10.109434,46.352139],[10.105076,46.333311],[10.116108,46.315011],[10.138353,46.304616],[10.137526,46.301086],[10.153496,46.292864],[10.163414,46.274439],[10.176525,46.258276],[10.173625,46.253883],[10.151602,46.239923],[10.145536,46.230657],[10.123197,46.224237],[10.101428,46.227781],[10.08339,46.226206],[10.070593,46.217118],[10.044623,46.230538],[10.052609,46.235308],[10.060568,46.248229],[10.053595,46.266546],[10.029369,46.277174],[10.000578,46.282931],[9.992358,46.295129],[9.999875,46.302378],[9.999714,46.312253],[9.981078,46.32368],[9.986133,46.334288],[9.995503,46.342607],[9.995907,46.350657],[9.985602,46.352319],[9.964442,46.36422],[9.952126,46.378829],[9.936785,46.375479],[9.92573,46.366601],[9.907832,46.380506],[9.884457,46.372948],[9.86957,46.363218],[9.849923,46.36408],[9.832073,46.360988],[9.821302,46.3519],[9.802361,46.344521],[9.770273,46.335985],[9.74316,46.351187],[9.735846,46.349878],[9.723928,46.340488],[9.726473,46.333299],[9.717798,46.324005],[9.725589,46.313084],[9.717711,46.304334],[9.714149,46.292708],[9.702515,46.291237],[9.688211,46.294267],[9.676306,46.302428],[9.638206,46.286361],[9.618854,46.287913],[9.609229,46.294313],[9.583035,46.294285],[9.5587,46.305978],[9.549575,46.302338],[9.534497,46.311719],[9.519615,46.326176],[9.511965,46.337246],[9.507861,46.351093],[9.495418,46.364159],[9.461712,46.376057],[9.467863,46.389533],[9.461309,46.411533],[9.454626,46.422137],[9.460322,46.442836],[9.459076,46.460407],[9.465038,46.469451],[9.461037,46.484844],[9.461471,46.504548],[9.459013,46.508112],[9.434064,46.49748],[9.425639,46.488778],[9.423646,46.47642],[9.410788,46.466791],[9.390522,46.473269],[9.385794,46.481308],[9.371115,46.49019],[9.373433,46.503551],[9.362347,46.509505],[9.35473,46.504816],[9.313222,46.504251],[9.282739,46.496695],[9.275172,46.483737],[9.276332,46.459922],[9.268319,46.452928],[9.24742,46.445805],[9.249791,46.431403],[9.265197,46.419998],[9.274534,46.418845],[9.281713,46.406659],[9.276155,46.393808],[9.283519,46.386295],[9.276073,46.367811],[9.283208,46.358103],[9.296675,46.354529],[9.299384,46.343376],[9.29268,46.334983],[9.300141,46.326456],[9.294097,46.317425],[9.282296,46.308779],[9.284598,46.297346],[9.26001,46.278528],[9.252117,46.267392],[9.248358,46.247533],[9.248531,46.233768],[9.235531,46.233416],[9.220907,46.228893],[9.217987,46.213881],[9.202173,46.208306],[9.195174,46.192873],[9.198089,46.18701],[9.193406,46.178465],[9.183523,46.17053],[9.159378,46.169601],[9.152949,46.170381],[9.131765,46.183828],[9.131077,46.1884],[9.111222,46.204991],[9.087722,46.213407],[9.076169,46.239645],[9.077251,46.260636],[9.057665,46.28225],[9.053912,46.29221],[9.075107,46.314606],[9.063719,46.327205],[9.071147,46.343591],[9.088428,46.34963],[9.095223,46.373024],[9.087253,46.388832],[9.095269,46.399587],[9.091356,46.406338],[9.10185,46.412089],[9.089303,46.432181],[9.087008,46.443694],[9.095081,46.460393],[9.073559,46.480284],[9.060545,46.476304],[9.045352,46.481298],[9.04506,46.488158],[9.032672,46.502333],[9.023538,46.508102],[9.020196,46.527988],[9.019242,46.547544],[9.026694,46.565984],[9.035393,46.57521],[9.042803,46.5888],[9.020792,46.603252],[9.0053,46.61103],[8.983734,46.608818],[8.973089,46.602664],[8.962201,46.602648],[8.962508,46.61837],[8.957378,46.630325],[8.941217,46.619177],[8.923299,46.622418],[8.90712,46.614915],[8.907198,46.606205],[8.917067,46.596648],[8.908377,46.586711],[8.876371,46.575118],[8.854493,46.570183],[8.843188,46.563368],[8.8318,46.563877],[8.829645,46.571353],[8.800597,46.563257],[8.761956,46.574257],[8.750744,46.576222],[8.739049,46.572191],[8.727934,46.577095],[8.717511,46.571113],[8.705298,46.573795],[8.698396,46.58106],[8.678729,46.579189],[8.681436,46.588361],[8.677759,46.599342],[8.678737,46.615995],[8.65796,46.62616],[8.651197,46.63558],[8.657643,46.641656],[8.654865,46.649971],[8.678591,46.664263],[8.673714,46.67101],[8.674683,46.692326],[8.686691,46.694909],[8.692584,46.701851],[8.710207,46.700059],[8.719083,46.706264],[8.745845,46.717497],[8.747552,46.7354],[8.768971,46.744039],[8.781985,46.728309],[8.799518,46.731448],[8.812974,46.737315],[8.809868,46.74383],[8.817614,46.762153],[8.833946,46.766957],[8.827898,46.779203],[8.827933,46.791735],[8.834455,46.795219],[8.84807,46.79435],[8.859884,46.805701],[8.87393,46.808639],[8.877168,46.813123],[8.898389,46.814231],[8.914856,46.811149],[8.914515,46.801077],[8.928275,46.796472],[8.965648,46.806514],[9.009012,46.811181],[9.019965,46.817327],[9.039714,46.847256],[9.045953,46.850201],[9.045174,46.864976],[9.065632,46.874746],[9.094924,46.871167],[9.103608,46.859696],[9.113809,46.852394],[9.140441,46.861781],[9.152977,46.879786],[9.177322,46.879059],[9.188272,46.876454],[9.199768,46.880506],[9.224559,46.901527],[9.239762,46.908253],[9.24888,46.916261],[9.266627,46.903697],[9.275341,46.907067],[9.30993,46.905768],[9.321893,46.900596],[9.338642,46.902038],[9.343131,46.898283],[9.381707,46.897511],[9.412214,46.891283],[9.432747,46.884384],[9.448866,46.872881],[9.455936,46.881215],[9.46719,46.887173],[9.467282,46.899839],[9.487987,46.912292],[9.47857,46.915682],[9.486522,46.935525],[9.493712,46.937718],[9.504568,46.953549],[9.518467,46.955781],[9.520256,46.971432],[9.545718,46.976735],[9.510205,47.010757],[9.50684,47.018322],[9.481984,47.043716],[9.476048,47.051797],[9.484695,47.050561],[9.492333,47.056546],[9.511717,47.057583],[9.539751,47.065144],[9.552006,47.057869],[9.556852,47.049326],[9.587708,47.055177],[9.607078,47.060774]]]]}},{"type":"Feature","properties":{"NUTS_ID":"CH055","LEVL_CODE":3,"CNTR_CODE":"CH","NAME_LATN":"St. Gallen","NUTS_NAME":"St. Gallen","MOUNT_TYPE":3,"URBN_TYPE":2,"COAST_TYPE":3,"FID":"CH055"},"geometry":{"type":"MultiPolygon","coordinates":[[[[9.530749,47.270581],[9.521243,47.245908],[9.501345,47.219966],[9.499111,47.210649],[9.490224,47.198247],[9.486204,47.178325],[9.495433,47.156944],[9.509579,47.139024],[9.52005,47.10343],[9.512247,47.085359],[9.474911,47.06589],[9.476048,47.051797],[9.481984,47.043716],[9.50684,47.018322],[9.510205,47.010757],[9.545718,46.976735],[9.520256,46.971432],[9.518467,46.955781],[9.504568,46.953549],[9.493712,46.937718],[9.486522,46.935525],[9.47857,46.915682],[9.487987,46.912292],[9.467282,46.899839],[9.46719,46.887173],[9.455936,46.881215],[9.448866,46.872881],[9.432747,46.884384],[9.412214,46.891283],[9.381707,46.897511],[9.343131,46.898283],[9.338642,46.902038],[9.321893,46.900596],[9.30993,46.905768],[9.275341,46.907067],[9.266627,46.903697],[9.24888,46.916261],[9.253228,46.927187],[9.249651,46.935602],[9.236298,46.944837],[9.236755,46.954566],[9.245712,46.957943],[9.243292,46.966475],[9.246531,46.978741],[9.245372,46.991572],[9.249911,46.995162],[9.242772,47.006926],[9.242872,47.014618],[9.222333,47.033078],[9.20839,47.035803],[9.181493,47.026637],[9.167673,47.02698],[9.138161,47.039187],[9.153344,47.047129],[9.167971,47.050061],[9.182063,47.058441],[9.190776,47.071346],[9.190292,47.089912],[9.186571,47.097579],[9.189855,47.123721],[9.147589,47.128928],[9.136084,47.131959],[9.101584,47.133264],[9.066801,47.13055],[9.008513,47.172143],[9.004565,47.173145],[8.983613,47.18262],[8.962834,47.179992],[8.957753,47.19931],[8.964945,47.198324],[8.971228,47.216445],[8.941184,47.218437],[8.8406,47.208083],[8.821071,47.211963],[8.807784,47.22056],[8.795751,47.239108],[8.80333,47.246546],[8.828606,47.250438],[8.840568,47.247413],[8.850486,47.249726],[8.856726,47.244608],[8.870178,47.245296],[8.873477,47.251552],[8.906114,47.25596],[8.91312,47.255326],[8.9353,47.260841],[8.947032,47.279057],[8.935995,47.288348],[8.948336,47.29308],[8.958577,47.304275],[8.974653,47.306969],[8.985038,47.31938],[8.977717,47.327194],[8.978524,47.336986],[8.972513,47.350994],[8.961297,47.354536],[8.950362,47.372459],[8.943636,47.375837],[8.957775,47.385694],[8.971548,47.391248],[8.975417,47.40827],[8.989344,47.412238],[8.990266,47.429072],[9.003299,47.434094],[9.027802,47.436827],[9.062616,47.446446],[9.027429,47.457622],[9.028716,47.467127],[9.010895,47.472622],[9.005866,47.481712],[9.01207,47.48947],[9.020141,47.488235],[9.042766,47.496029],[9.056852,47.488002],[9.061601,47.491653],[9.081948,47.49512],[9.09038,47.482405],[9.110899,47.484325],[9.118846,47.479898],[9.128956,47.484475],[9.155475,47.487998],[9.16594,47.503999],[9.173941,47.495228],[9.193803,47.48954],[9.207141,47.488852],[9.208888,47.47992],[9.223734,47.484209],[9.26033,47.474887],[9.28233,47.482687],[9.299296,47.477762],[9.320912,47.490814],[9.317119,47.499714],[9.304037,47.514729],[9.290109,47.506611],[9.279897,47.511027],[9.283768,47.520698],[9.313025,47.527203],[9.317452,47.530791],[9.336633,47.529249],[9.341602,47.522379],[9.3548,47.518028],[9.337727,47.503221],[9.373931,47.499293],[9.372684,47.485867],[9.380842,47.485724],[9.399154,47.478062],[9.406578,47.492914],[9.435907,47.506862],[9.495604,47.551455],[9.558721,47.541893],[9.561826,47.504558],[9.565803,47.492369],[9.583076,47.481519],[9.594818,47.463622],[9.611774,47.468774],[9.622435,47.457922],[9.651695,47.454659],[9.658005,47.447789],[9.644343,47.435157],[9.650302,47.421109],[9.651902,47.408573],[9.657351,47.400157],[9.673578,47.391291],[9.673324,47.382254],[9.661094,47.370605],[9.649545,47.367446],[9.624479,47.366145],[9.599422,47.345002],[9.589281,47.319152],[9.58156,47.311122],[9.555094,47.296844],[9.546148,47.279996],[9.530749,47.270581]],[[9.342937,47.249337],[9.35008,47.244729],[9.363779,47.243574],[9.382086,47.233999],[9.402417,47.237622],[9.415068,47.246342],[9.437347,47.251105],[9.460669,47.263968],[9.484821,47.283686],[9.493306,47.312947],[9.498429,47.319575],[9.502979,47.34737],[9.499404,47.361291],[9.504011,47.374046],[9.504704,47.387967],[9.509009,47.394552],[9.542607,47.400144],[9.555321,47.396628],[9.582882,47.409769],[9.604786,47.414192],[9.588893,47.424991],[9.617908,47.437168],[9.628499,47.444635],[9.611799,47.449605],[9.595387,47.458306],[9.576641,47.462969],[9.545838,47.464038],[9.532521,47.467843],[9.525884,47.461683],[9.529812,47.454726],[9.509194,47.449094],[9.490092,47.441549],[9.467935,47.438081],[9.451759,47.431094],[9.434888,47.434499],[9.432195,47.413747],[9.425805,47.407152],[9.397724,47.401067],[9.371729,47.407237],[9.339717,47.399784],[9.325696,47.400473],[9.305218,47.395523],[9.273185,47.400618],[9.252662,47.400743],[9.236632,47.39675],[9.231471,47.388087],[9.218729,47.384774],[9.221435,47.373394],[9.20839,47.362654],[9.191515,47.362439],[9.198694,47.347707],[9.20839,47.340096],[9.223835,47.342475],[9.233456,47.331985],[9.209799,47.320961],[9.217788,47.307819],[9.216658,47.301118],[9.22351,47.292845],[9.206248,47.276508],[9.234729,47.265463],[9.257588,47.26391],[9.2741,47.269368],[9.296768,47.258058],[9.308845,47.254861],[9.32333,47.246762],[9.342937,47.249337]],[[9.448962,47.500968],[9.449627,47.492238],[9.465699,47.487972],[9.467559,47.495563],[9.448962,47.500968]]]]}},{"type":"Feature","properties":{"NUTS_ID":"FRL05","LEVL_CODE":3,"CNTR_CODE":"FR","NAME_LATN":"Var","NUTS_NAME":"Var","MOUNT_TYPE":2,"URBN_TYPE":2,"COAST_TYPE":1,"FID":"FRL05"},"geometry":{"type":"MultiPolygon","coordinates":[[[[6.636391,43.788947],[6.637799,43.780959],[6.645286,43.776645],[6.64047,43.769759],[6.652165,43.765158],[6.65742,43.748715],[6.661346,43.747937],[6.682713,43.75794],[6.701394,43.754065],[6.713914,43.746007],[6.718971,43.738333],[6.744929,43.737168],[6.752512,43.739971],[6.757406,43.726243],[6.766575,43.721044],[6.767519,43.710604],[6.773436,43.704476],[6.774698,43.693846],[6.765409,43.688492],[6.760295,43.673257],[6.765195,43.660905],[6.77608,43.659195],[6.794067,43.638817],[6.791967,43.633989],[6.803091,43.626787],[6.813548,43.630523],[6.83846,43.617641],[6.85088,43.607205],[6.865722,43.604492],[6.882993,43.606434],[6.894475,43.611026],[6.911993,43.598329],[6.898882,43.581105],[6.907887,43.571699],[6.897638,43.557434],[6.887806,43.552744],[6.879136,43.532449],[6.895454,43.526792],[6.894964,43.518634],[6.884229,43.502536],[6.912657,43.493681],[6.913812,43.482766],[6.931326,43.480258],[6.919919,43.449555],[6.901612,43.442641],[6.890903,43.428717],[6.87173,43.42577],[6.859654,43.432756],[6.859767,43.416248],[6.855247,43.411583],[6.828674,43.417993],[6.811142,43.413628],[6.796824,43.4132],[6.782585,43.409623],[6.763707,43.424365],[6.748004,43.419285],[6.738288,43.411124],[6.729518,43.396946],[6.73146,43.389406],[6.714775,43.371809],[6.718662,43.358324],[6.715252,43.347042],[6.695164,43.340703],[6.68218,43.340848],[6.670816,43.334617],[6.666523,43.318177],[6.643653,43.306064],[6.635559,43.307246],[6.624486,43.297055],[6.600058,43.284933],[6.589494,43.282034],[6.577606,43.269996],[6.594156,43.262193],[6.62361,43.265345],[6.641631,43.274132],[6.66452,43.265287],[6.670098,43.276018],[6.678173,43.278113],[6.696953,43.265281],[6.690082,43.252592],[6.676761,43.244702],[6.66542,43.242347],[6.6627,43.219034],[6.675488,43.196069],[6.657689,43.195298],[6.64348,43.186776],[6.639804,43.173697],[6.629721,43.169995],[6.619228,43.159952],[6.610621,43.166187],[6.597937,43.183869],[6.561462,43.188737],[6.541834,43.182383],[6.535313,43.176214],[6.53542,43.164275],[6.522621,43.165287],[6.50794,43.15575],[6.494619,43.150867],[6.464333,43.157084],[6.437663,43.148628],[6.403449,43.148694],[6.396529,43.14401],[6.384911,43.143691],[6.375981,43.135978],[6.368158,43.135972],[6.360758,43.119414],[6.360507,43.106352],[6.366075,43.102343],[6.368698,43.091206],[6.362558,43.087387],[6.341246,43.089391],[6.327266,43.092878],[6.316215,43.105913],[6.290142,43.108056],[6.2869,43.114189],[6.271817,43.121026],[6.259983,43.120252],[6.239524,43.113284],[6.199431,43.114859],[6.179993,43.106335],[6.161447,43.089788],[6.150411,43.062225],[6.150167,43.04692],[6.158108,43.028442],[6.14528,43.028214],[6.132428,43.035451],[6.114262,43.034216],[6.097594,43.02874],[6.092988,43.036008],[6.104045,43.041271],[6.120751,43.039842],[6.127198,43.042692],[6.132507,43.057005],[6.125037,43.077648],[6.108783,43.083919],[6.078727,43.087372],[6.074253,43.084517],[6.03253,43.077711],[6.01812,43.081554],[6.024248,43.092215],[6.007226,43.103373],[5.979058,43.106537],[5.968039,43.10479],[5.955719,43.107601],[5.929242,43.104341],[5.933288,43.116587],[5.922591,43.12248],[5.915325,43.11736],[5.898181,43.113787],[5.887337,43.116145],[5.886288,43.104247],[5.901029,43.103236],[5.908542,43.094295],[5.897101,43.083799],[5.908103,43.078594],[5.916608,43.085181],[5.937888,43.084178],[5.951291,43.074],[5.94444,43.067008],[5.932501,43.071799],[5.911683,43.066853],[5.896129,43.077922],[5.88822,43.077251],[5.872779,43.068434],[5.863002,43.056432],[5.860325,43.048463],[5.841995,43.047909],[5.822095,43.053915],[5.815217,43.063222],[5.794989,43.070302],[5.803087,43.076863],[5.807792,43.091633],[5.806868,43.100109],[5.813224,43.108099],[5.80726,43.115711],[5.791317,43.113238],[5.772541,43.117248],[5.779285,43.131783],[5.770367,43.139098],[5.740027,43.133569],[5.725923,43.13644],[5.717496,43.147362],[5.701132,43.143653],[5.68297,43.156192],[5.694168,43.167736],[5.686072,43.179371],[5.67188,43.179269],[5.678544,43.205151],[5.678385,43.216726],[5.682413,43.235451],[5.700432,43.238866],[5.701222,43.247154],[5.712755,43.2535],[5.731664,43.257853],[5.740027,43.262364],[5.760926,43.267341],[5.762798,43.282353],[5.756245,43.284057],[5.735226,43.303508],[5.726597,43.317359],[5.691043,43.312958],[5.680201,43.319515],[5.690188,43.329667],[5.687329,43.340255],[5.703631,43.354006],[5.694232,43.365359],[5.68991,43.388425],[5.682793,43.399159],[5.701152,43.407875],[5.724112,43.408515],[5.749992,43.401514],[5.765153,43.404656],[5.786356,43.413904],[5.750489,43.434934],[5.727893,43.466541],[5.713578,43.477752],[5.698805,43.482173],[5.702927,43.495355],[5.711465,43.497443],[5.717039,43.518559],[5.71804,43.537597],[5.725071,43.551267],[5.714484,43.551945],[5.691242,43.5635],[5.669313,43.564637],[5.656303,43.576465],[5.6906,43.584708],[5.678934,43.612888],[5.701708,43.638444],[5.723221,43.649628],[5.744802,43.656782],[5.770548,43.660987],[5.798794,43.662291],[5.803457,43.679668],[5.813252,43.689053],[5.804222,43.693286],[5.792762,43.693133],[5.782643,43.706261],[5.785657,43.716835],[5.775294,43.722245],[5.753645,43.724619],[5.757337,43.729404],[5.781344,43.755654],[5.801339,43.75059],[5.831362,43.745883],[5.842415,43.735776],[5.849044,43.718174],[5.859683,43.723602],[5.886728,43.725209],[5.904111,43.736448],[5.903819,43.75291],[5.922656,43.757541],[5.927191,43.750915],[5.938409,43.74793],[5.942202,43.726637],[5.955925,43.720236],[5.964293,43.723865],[5.973457,43.715967],[5.98453,43.714488],[5.987775,43.695419],[6.005119,43.687588],[6.012244,43.674365],[6.021736,43.668282],[6.038668,43.678945],[6.035801,43.693609],[6.051557,43.697713],[6.060537,43.703544],[6.076455,43.707398],[6.110051,43.745574],[6.128623,43.736796],[6.140604,43.737609],[6.168652,43.751205],[6.184163,43.765608],[6.190638,43.780164],[6.209453,43.796918],[6.232413,43.798876],[6.242221,43.802375],[6.257254,43.797292],[6.262325,43.783223],[6.268214,43.778059],[6.282758,43.77316],[6.295118,43.764641],[6.30534,43.763409],[6.316699,43.757537],[6.327937,43.746513],[6.35901,43.736397],[6.371823,43.742581],[6.383545,43.734431],[6.396354,43.748286],[6.405975,43.752592],[6.413072,43.760869],[6.41063,43.772261],[6.414657,43.790597],[6.456835,43.793128],[6.468792,43.79822],[6.485615,43.791645],[6.508428,43.800438],[6.519911,43.807986],[6.527296,43.804644],[6.54261,43.791459],[6.548072,43.776543],[6.585322,43.800511],[6.586913,43.805319],[6.60335,43.8029],[6.623713,43.804753],[6.627927,43.791569],[6.636391,43.788947]]],[[[6.471208,43.01763],[6.460553,43.014158],[6.451707,43.017079],[6.439366,43.005168],[6.43354,43.008475],[6.43503,43.02034],[6.43993,43.024539],[6.458078,43.028023],[6.469868,43.045302],[6.507852,43.05182],[6.508947,43.044761],[6.486823,43.040628],[6.473476,43.024852],[6.471208,43.01763]]],[[[6.41438,43.015619],[6.417828,43.007201],[6.406725,42.995548],[6.369964,42.998694],[6.383267,43.013886],[6.391077,43.011519],[6.405119,43.01749],[6.41438,43.015619]]],[[[6.24859,43.016462],[6.250683,42.999727],[6.22714,42.992396],[6.216763,42.991315],[6.205736,42.981977],[6.197378,42.987734],[6.168323,43.000573],[6.17036,43.006175],[6.184912,43.008452],[6.201814,43.000877],[6.213974,43.003997],[6.222581,43.012571],[6.24859,43.016462]]]]}},{"type":"Feature","properties":{"NUTS_ID":"DE122","LEVL_CODE":3,"CNTR_CODE":"DE","NAME_LATN":"Karlsruhe, Stadtkreis","NUTS_NAME":"Karlsruhe, Stadtkreis","MOUNT_TYPE":4,"URBN_TYPE":1,"COAST_TYPE":3,"FID":"DE122"},"geometry":{"type":"MultiPolygon","coordinates":[[[[8.33997,49.08015],[8.346213,49.071364],[8.373198,49.068387],[8.392529,49.068693],[8.407771,49.063399],[8.414411,49.069782],[8.41265,49.08084],[8.424354,49.090584],[8.435603,49.091529],[8.427997,49.071955],[8.450882,49.04967],[8.472629,49.040298],[8.485883,49.058337],[8.492064,49.050735],[8.519946,49.031014],[8.520861,49.014782],[8.514638,49.01031],[8.511833,48.999695],[8.500515,48.992645],[8.508701,48.981997],[8.509367,48.967968],[8.541143,48.960233],[8.537383,48.952388],[8.526011,48.95253],[8.508886,48.94241],[8.463645,48.940686],[8.446726,48.944333],[8.445062,48.956598],[8.450687,48.963722],[8.441005,48.970137],[8.411331,48.960064],[8.388974,48.957058],[8.38181,48.973287],[8.371461,48.972136],[8.34317,48.982576],[8.329397,48.991177],[8.321423,48.98464],[8.311434,48.984521],[8.299486,48.990288],[8.283178,48.983784],[8.277349,48.989939],[8.287597,48.998427],[8.297374,49.013505],[8.304137,49.040651],[8.316436,49.06048],[8.33997,49.08015]]]]}},{"type":"Feature","properties":{"NUTS_ID":"DE11D","LEVL_CODE":3,"CNTR_CODE":"DE","NAME_LATN":"Ostalbkreis","NUTS_NAME":"Ostalbkreis","MOUNT_TYPE":4,"URBN_TYPE":2,"COAST_TYPE":3,"FID":"DE11D"},"geometry":{"type":"MultiPolygon","coordinates":[[[[10.409849,48.977435],[10.403681,48.96679],[10.417637,48.968314],[10.424456,48.962143],[10.43288,48.945673],[10.444332,48.944783],[10.450785,48.937699],[10.438846,48.933288],[10.452505,48.9254],[10.456703,48.919157],[10.44226,48.908756],[10.424469,48.903135],[10.439502,48.898997],[10.453252,48.888147],[10.445632,48.880725],[10.452581,48.873475],[10.448292,48.862434],[10.452351,48.852363],[10.429172,48.844944],[10.425848,48.836663],[10.44793,48.83101],[10.446297,48.810716],[10.434321,48.80154],[10.429411,48.793462],[10.429605,48.771091],[10.414488,48.771574],[10.426261,48.75748],[10.418659,48.751725],[10.423689,48.744496],[10.408308,48.740848],[10.396467,48.747152],[10.385692,48.741133],[10.369619,48.738858],[10.359118,48.730885],[10.324369,48.732923],[10.327539,48.738072],[10.307629,48.740738],[10.29375,48.746832],[10.287356,48.754454],[10.267155,48.756999],[10.252613,48.762486],[10.249581,48.770304],[10.227507,48.772023],[10.221161,48.782717],[10.199368,48.777417],[10.180139,48.776272],[10.175419,48.748491],[10.164191,48.755907],[10.160695,48.765431],[10.15086,48.772204],[10.148055,48.786557],[10.133113,48.76618],[10.12011,48.76491],[10.114206,48.759412],[10.099294,48.761299],[10.094782,48.753773],[10.08341,48.756161],[10.070894,48.747165],[10.046094,48.748182],[10.047007,48.756249],[10.03732,48.764475],[10.023578,48.765229],[10.011027,48.752591],[10.016861,48.734358],[9.987771,48.727253],[9.966486,48.725522],[9.941497,48.733381],[9.931323,48.74085],[9.903047,48.74685],[9.889543,48.745306],[9.888555,48.738465],[9.90285,48.716857],[9.89103,48.719671],[9.884024,48.715243],[9.860044,48.725493],[9.83886,48.729565],[9.791397,48.72143],[9.789404,48.737269],[9.778773,48.746109],[9.763514,48.746704],[9.752784,48.751697],[9.750473,48.764731],[9.740731,48.774502],[9.731453,48.768628],[9.714113,48.772214],[9.70924,48.778799],[9.690631,48.777524],[9.657881,48.770409],[9.626598,48.774377],[9.619455,48.780207],[9.620221,48.787386],[9.635712,48.795611],[9.649645,48.808018],[9.640447,48.819921],[9.65466,48.818274],[9.658719,48.824682],[9.692893,48.822473],[9.708229,48.828311],[9.722636,48.815228],[9.750251,48.822501],[9.76898,48.835385],[9.764608,48.844637],[9.753916,48.84915],[9.764549,48.85475],[9.751832,48.863042],[9.742372,48.873989],[9.750743,48.880064],[9.741079,48.901266],[9.726143,48.907858],[9.706025,48.909982],[9.697973,48.917416],[9.699948,48.927949],[9.686859,48.927188],[9.677803,48.943771],[9.696299,48.947871],[9.688199,48.953645],[9.693309,48.964017],[9.701581,48.963946],[9.712243,48.956638],[9.722732,48.973518],[9.735408,48.970067],[9.740683,48.96164],[9.750552,48.956772],[9.778459,48.952472],[9.797068,48.955841],[9.797576,48.944009],[9.834169,48.93758],[9.844457,48.931123],[9.829215,48.925915],[9.834888,48.917919],[9.864041,48.923373],[9.870694,48.91819],[9.892412,48.930558],[9.900795,48.943075],[9.894204,48.95291],[9.904795,48.957363],[9.914169,48.967175],[9.937236,48.958672],[9.946637,48.964572],[9.944275,48.973483],[9.979637,48.98045],[9.992569,48.979178],[10.014453,48.981817],[10.000927,48.991811],[9.989737,49.013777],[9.974581,49.019588],[9.990856,49.041259],[9.996861,49.033435],[10.007501,49.041994],[10.028949,49.046734],[10.048049,49.041226],[10.072672,49.046261],[10.086475,49.046465],[10.115886,49.037018],[10.121762,49.046173],[10.146885,49.042872],[10.149723,49.051565],[10.167368,49.058725],[10.181874,49.059725],[10.189248,49.054441],[10.185979,49.048351],[10.198552,49.041165],[10.209393,49.041999],[10.221313,49.048025],[10.233762,49.046843],[10.241245,49.056879],[10.256764,49.059495],[10.254731,49.045147],[10.273798,49.042512],[10.295292,49.042125],[10.303218,49.0321],[10.320477,49.025716],[10.334982,49.029444],[10.348651,49.027515],[10.346461,49.017999],[10.354889,49.012666],[10.354159,49.005978],[10.372809,49.003239],[10.381158,48.998417],[10.381772,48.988508],[10.394655,48.989434],[10.409849,48.977435]]]]}},{"type":"Feature","properties":{"NUTS_ID":"DE121","LEVL_CODE":3,"CNTR_CODE":"DE","NAME_LATN":"Baden-Baden, Stadtkreis","NUTS_NAME":"Baden-Baden, Stadtkreis","MOUNT_TYPE":3,"URBN_TYPE":1,"COAST_TYPE":3,"FID":"DE121"},"geometry":{"type":"MultiPolygon","coordinates":[[[[8.229463,48.680797],[8.227104,48.698101],[8.215682,48.697376],[8.207469,48.707283],[8.191418,48.715938],[8.17786,48.712556],[8.162813,48.716765],[8.146912,48.715997],[8.111097,48.727917],[8.122926,48.733849],[8.134855,48.728969],[8.143377,48.741214],[8.150602,48.743664],[8.177284,48.741649],[8.182901,48.747722],[8.201807,48.75345],[8.20074,48.761479],[8.185942,48.769864],[8.175343,48.782595],[8.154801,48.786044],[8.146454,48.79005],[8.164149,48.802257],[8.161989,48.807035],[8.168437,48.819583],[8.191393,48.834861],[8.221616,48.825159],[8.226383,48.819761],[8.249954,48.808157],[8.255016,48.794971],[8.270474,48.797212],[8.277653,48.786634],[8.290083,48.784036],[8.288035,48.773469],[8.280805,48.764581],[8.304845,48.743117],[8.315328,48.738999],[8.32027,48.729808],[8.32042,48.708171],[8.314521,48.701014],[8.297579,48.693784],[8.297414,48.684416],[8.275656,48.66948],[8.240324,48.667035],[8.229463,48.680797]]]]}},{"type":"Feature","properties":{"NUTS_ID":"DE123","LEVL_CODE":3,"CNTR_CODE":"DE","NAME_LATN":"Karlsruhe, Landkreis","NUTS_NAME":"Karlsruhe, Landkreis","MOUNT_TYPE":4,"URBN_TYPE":1,"COAST_TYPE":3,"FID":"DE123"},"geometry":{"type":"MultiPolygon","coordinates":[[[[8.818233,49.194497],[8.825314,49.188002],[8.816904,49.165038],[8.83179,49.161849],[8.837317,49.14058],[8.827803,49.135073],[8.828507,49.12549],[8.856726,49.126324],[8.87154,49.129989],[8.87806,49.119508],[8.889347,49.114755],[8.893753,49.097054],[8.891458,49.082687],[8.870575,49.077793],[8.876968,49.068214],[8.877794,49.058478],[8.865499,49.061423],[8.841066,49.058768],[8.834808,49.048132],[8.83773,49.038531],[8.81185,49.033922],[8.798338,49.044877],[8.781319,49.046018],[8.762775,49.040948],[8.754286,49.044268],[8.742844,49.031291],[8.733168,49.026934],[8.730333,49.016751],[8.738141,49.00226],[8.734589,48.9947],[8.712941,48.988989],[8.700981,48.995782],[8.686242,48.992629],[8.670739,48.993978],[8.660946,49.005567],[8.64828,49.002377],[8.645594,48.99063],[8.622745,48.994212],[8.60325,48.986185],[8.575856,48.988511],[8.568681,48.976729],[8.558429,48.970922],[8.559522,48.965151],[8.549343,48.953947],[8.540509,48.953109],[8.537804,48.94438],[8.541429,48.933592],[8.553162,48.927329],[8.55359,48.920328],[8.543617,48.917399],[8.534901,48.904619],[8.51797,48.898649],[8.517077,48.886844],[8.52581,48.878733],[8.516603,48.865349],[8.487185,48.849163],[8.468696,48.845109],[8.474737,48.840191],[8.478764,48.828298],[8.493572,48.820182],[8.469697,48.821827],[8.445553,48.820153],[8.441043,48.814084],[8.421232,48.828565],[8.416625,48.835368],[8.413009,48.851124],[8.404856,48.858752],[8.389013,48.850167],[8.377091,48.854987],[8.365613,48.853619],[8.354574,48.844781],[8.330971,48.856674],[8.319854,48.855952],[8.307568,48.865483],[8.300344,48.878791],[8.288286,48.886374],[8.295897,48.893761],[8.292687,48.900852],[8.295346,48.912913],[8.315237,48.922233],[8.346611,48.923647],[8.354574,48.934889],[8.310211,48.949234],[8.272236,48.953268],[8.25958,48.959536],[8.261284,48.980917],[8.277349,48.989939],[8.283178,48.983784],[8.299486,48.990288],[8.311434,48.984521],[8.321423,48.98464],[8.329397,48.991177],[8.34317,48.982576],[8.371461,48.972136],[8.38181,48.973287],[8.388974,48.957058],[8.411331,48.960064],[8.441005,48.970137],[8.450687,48.963722],[8.445062,48.956598],[8.446726,48.944333],[8.463645,48.940686],[8.508886,48.94241],[8.526011,48.95253],[8.537383,48.952388],[8.541143,48.960233],[8.509367,48.967968],[8.508701,48.981997],[8.500515,48.992645],[8.511833,48.999695],[8.514638,49.01031],[8.520861,49.014782],[8.519946,49.031014],[8.492064,49.050735],[8.485883,49.058337],[8.472629,49.040298],[8.450882,49.04967],[8.427997,49.071955],[8.435603,49.091529],[8.424354,49.090584],[8.41265,49.08084],[8.414411,49.069782],[8.407771,49.063399],[8.392529,49.068693],[8.373198,49.068387],[8.346213,49.071364],[8.33997,49.08015],[8.358091,49.097784],[8.36416,49.116724],[8.372708,49.151981],[8.368229,49.165937],[8.381211,49.185686],[8.385083,49.197461],[8.398193,49.20757],[8.404521,49.219312],[8.400341,49.225418],[8.385136,49.220742],[8.388196,49.232019],[8.397474,49.24197],[8.432531,49.258232],[8.454049,49.276027],[8.466985,49.282975],[8.487268,49.290026],[8.520989,49.27586],[8.524981,49.268487],[8.542953,49.262746],[8.548089,49.269674],[8.574972,49.262129],[8.570924,49.254735],[8.614404,49.24105],[8.62749,49.243044],[8.642021,49.23618],[8.646954,49.240357],[8.683812,49.228437],[8.701438,49.227447],[8.723046,49.237225],[8.749308,49.220636],[8.753249,49.206914],[8.784102,49.19802],[8.803993,49.198284],[8.818233,49.194497]]]]}},{"type":"Feature","properties":{"NUTS_ID":"DE117","LEVL_CODE":3,"CNTR_CODE":"DE","NAME_LATN":"Heilbronn, Stadtkreis","NUTS_NAME":"Heilbronn, Stadtkreis","MOUNT_TYPE":4,"URBN_TYPE":2,"COAST_TYPE":3,"FID":"DE117"},"geometry":{"type":"MultiPolygon","coordinates":[[[[9.114333,49.210537],[9.15972,49.2065],[9.164615,49.192332],[9.175856,49.192966],[9.212883,49.187041],[9.221411,49.171129],[9.235969,49.169673],[9.239007,49.164702],[9.25659,49.162798],[9.261787,49.156018],[9.255563,49.150022],[9.270735,49.144811],[9.277403,49.137174],[9.275726,49.122198],[9.296322,49.119401],[9.256673,49.104261],[9.228461,49.106296],[9.204948,49.11241],[9.190598,49.103508],[9.176651,49.104187],[9.176764,49.096602],[9.161423,49.092987],[9.152654,49.09909],[9.150417,49.111593],[9.131608,49.125473],[9.155559,49.141178],[9.159639,49.149662],[9.134473,49.157363],[9.12799,49.170318],[9.110304,49.16883],[9.091237,49.170161],[9.075544,49.183494],[9.044506,49.197373],[9.083805,49.198799],[9.097175,49.195953],[9.108607,49.197897],[9.114333,49.210537]]]]}},{"type":"Feature","properties":{"NUTS_ID":"DE118","LEVL_CODE":3,"CNTR_CODE":"DE","NAME_LATN":"Heilbronn, Landkreis","NUTS_NAME":"Heilbronn, Landkreis","MOUNT_TYPE":4,"URBN_TYPE":2,"COAST_TYPE":3,"FID":"DE118"},"geometry":{"type":"MultiPolygon","coordinates":[[[[9.443492,49.364337],[9.463397,49.354963],[9.465455,49.337165],[9.471577,49.323694],[9.479352,49.318297],[9.500089,49.31338],[9.516978,49.312806],[9.5146,49.303744],[9.491676,49.298453],[9.47797,49.299828],[9.459417,49.288492],[9.445583,49.291282],[9.444265,49.28344],[9.433652,49.281605],[9.423301,49.262216],[9.425911,49.255357],[9.414951,49.246866],[9.427176,49.227319],[9.441422,49.226765],[9.450911,49.22069],[9.411631,49.194177],[9.39967,49.197851],[9.38345,49.197235],[9.37202,49.192456],[9.364399,49.183651],[9.367521,49.178783],[9.348256,49.171215],[9.374327,49.163198],[9.385948,49.149616],[9.40026,49.145972],[9.420746,49.150108],[9.432476,49.149995],[9.436569,49.143109],[9.42335,49.138384],[9.420047,49.132422],[9.436834,49.125645],[9.446917,49.118231],[9.43274,49.103136],[9.43642,49.097059],[9.456023,49.104849],[9.458061,49.112113],[9.479548,49.109493],[9.488029,49.112354],[9.489692,49.120555],[9.482783,49.133103],[9.493615,49.138497],[9.508683,49.132467],[9.517739,49.113596],[9.527491,49.108551],[9.503691,49.102847],[9.498206,49.09717],[9.504417,49.086612],[9.500877,49.079],[9.465518,49.071862],[9.453245,49.072949],[9.436323,49.060883],[9.438707,49.051253],[9.425029,49.051563],[9.416236,49.047377],[9.415039,49.058016],[9.409293,49.062134],[9.386309,49.058894],[9.384865,49.047098],[9.399536,49.043984],[9.399394,49.038172],[9.380571,49.037352],[9.372591,49.041176],[9.355817,49.03754],[9.335966,49.03997],[9.294908,49.031895],[9.283667,49.04313],[9.267253,49.030931],[9.246762,49.022353],[9.23512,49.022707],[9.221892,49.033044],[9.214415,49.029003],[9.185789,49.030531],[9.172628,49.040139],[9.174868,49.051594],[9.152963,49.05729],[9.135854,49.055292],[9.118574,49.064598],[9.101642,49.061662],[9.105111,49.051583],[9.083182,49.049554],[9.065889,49.045376],[9.058877,49.03758],[9.060277,49.026078],[9.031373,49.024],[9.017682,49.02787],[9.008971,49.021526],[8.988955,49.028056],[8.98934,49.037738],[8.971337,49.041479],[8.943135,49.037758],[8.927753,49.037663],[8.887608,49.044495],[8.876031,49.03517],[8.871959,49.04897],[8.877794,49.058478],[8.876968,49.068214],[8.870575,49.077793],[8.891458,49.082687],[8.893753,49.097054],[8.889347,49.114755],[8.87806,49.119508],[8.87154,49.129989],[8.856726,49.126324],[8.828507,49.12549],[8.827803,49.135073],[8.837317,49.14058],[8.83179,49.161849],[8.816904,49.165038],[8.825314,49.188002],[8.818233,49.194497],[8.828195,49.192756],[8.864271,49.174595],[8.894552,49.181976],[8.89311,49.193373],[8.887614,49.202226],[8.957253,49.213058],[8.96599,49.227708],[8.983195,49.232166],[8.990247,49.240365],[9.005734,49.242788],[9.009838,49.24961],[9.002068,49.258411],[9.030434,49.269107],[9.041628,49.27857],[9.028149,49.285392],[9.024234,49.29861],[9.049127,49.292862],[9.050885,49.286538],[9.068701,49.27897],[9.096077,49.279682],[9.114386,49.277941],[9.12089,49.271714],[9.15032,49.274411],[9.152937,49.284294],[9.136475,49.28707],[9.131339,49.292991],[9.155693,49.296267],[9.154436,49.309619],[9.162655,49.328192],[9.173744,49.323956],[9.195038,49.327156],[9.204848,49.324051],[9.221109,49.30844],[9.230827,49.30954],[9.241855,49.297315],[9.2607,49.305909],[9.263085,49.319188],[9.269192,49.32956],[9.287463,49.329926],[9.294894,49.347219],[9.315329,49.357078],[9.310704,49.36196],[9.310891,49.377285],[9.328428,49.387543],[9.340403,49.383292],[9.356215,49.367611],[9.375441,49.363264],[9.399925,49.36608],[9.415729,49.359081],[9.427751,49.357788],[9.443492,49.364337]],[[9.114333,49.210537],[9.108607,49.197897],[9.097175,49.195953],[9.083805,49.198799],[9.044506,49.197373],[9.075544,49.183494],[9.091237,49.170161],[9.110304,49.16883],[9.12799,49.170318],[9.134473,49.157363],[9.159639,49.149662],[9.155559,49.141178],[9.131608,49.125473],[9.150417,49.111593],[9.152654,49.09909],[9.161423,49.092987],[9.176764,49.096602],[9.176651,49.104187],[9.190598,49.103508],[9.204948,49.11241],[9.228461,49.106296],[9.256673,49.104261],[9.296322,49.119401],[9.275726,49.122198],[9.277403,49.137174],[9.270735,49.144811],[9.255563,49.150022],[9.261787,49.156018],[9.25659,49.162798],[9.239007,49.164702],[9.235969,49.169673],[9.221411,49.171129],[9.212883,49.187041],[9.175856,49.192966],[9.164615,49.192332],[9.15972,49.2065],[9.114333,49.210537]]]]}},{"type":"Feature","properties":{"NUTS_ID":"FRK25","LEVL_CODE":3,"CNTR_CODE":"FR","NAME_LATN":"Loire","NUTS_NAME":"Loire","MOUNT_TYPE":3,"URBN_TYPE":2,"COAST_TYPE":3,"FID":"FRK25"},"geometry":{"type":"MultiPolygon","coordinates":[[[[4.388074,46.21979],[4.4081,46.219826],[4.422965,46.203132],[4.396236,46.195567],[4.395993,46.189137],[4.404132,46.183319],[4.420178,46.179379],[4.438587,46.167878],[4.430044,46.154536],[4.422122,46.150542],[4.421928,46.142086],[4.408873,46.137195],[4.381815,46.149659],[4.370336,46.147436],[4.361587,46.138458],[4.342752,46.13477],[4.332737,46.135506],[4.322114,46.129978],[4.319602,46.117324],[4.309291,46.109999],[4.305622,46.100569],[4.311636,46.093872],[4.310419,46.080169],[4.301428,46.078456],[4.304026,46.069771],[4.284322,46.053413],[4.251371,46.048991],[4.262161,46.035394],[4.269098,46.034511],[4.276443,46.023],[4.288223,46.017806],[4.305893,46.020839],[4.312292,46.005054],[4.305672,46.000535],[4.300089,45.988887],[4.288568,45.99783],[4.280146,45.993188],[4.257558,45.995281],[4.248047,45.986722],[4.257878,45.981282],[4.273701,45.979565],[4.289094,45.972732],[4.298056,45.965002],[4.300476,45.957126],[4.293915,45.953401],[4.312324,45.940968],[4.320534,45.942854],[4.335861,45.932283],[4.346022,45.929939],[4.335837,45.917096],[4.335946,45.908249],[4.323218,45.903885],[4.326683,45.896919],[4.337612,45.88889],[4.342471,45.876904],[4.363205,45.864382],[4.377004,45.863053],[4.394473,45.865165],[4.391256,45.850781],[4.383371,45.846114],[4.390603,45.837471],[4.382178,45.832495],[4.385883,45.81103],[4.373836,45.799819],[4.378106,45.784393],[4.349098,45.771173],[4.359162,45.751104],[4.369097,45.748584],[4.390679,45.755077],[4.402924,45.743917],[4.392005,45.738463],[4.383047,45.719981],[4.374155,45.712513],[4.372225,45.70238],[4.365516,45.698521],[4.37345,45.690773],[4.366249,45.684528],[4.37049,45.669721],[4.392556,45.66248],[4.39261,45.653614],[4.410279,45.63205],[4.441493,45.623053],[4.447944,45.616807],[4.450545,45.6057],[4.47451,45.594708],[4.479478,45.587971],[4.489583,45.584578],[4.503779,45.586121],[4.510495,45.577785],[4.526026,45.573193],[4.545544,45.580594],[4.553899,45.578896],[4.570604,45.582257],[4.587115,45.570721],[4.602864,45.570404],[4.614235,45.574783],[4.628111,45.565316],[4.636384,45.547482],[4.644703,45.540521],[4.659405,45.543397],[4.647166,45.555179],[4.649279,45.564909],[4.66431,45.564828],[4.671897,45.570087],[4.682071,45.566348],[4.687494,45.558204],[4.676397,45.551107],[4.661245,45.536131],[4.650678,45.530752],[4.649038,45.519421],[4.655258,45.486077],[4.698835,45.477747],[4.709495,45.487658],[4.721833,45.494396],[4.739557,45.487041],[4.746937,45.464066],[4.756931,45.455704],[4.755529,45.447048],[4.758667,45.431094],[4.743795,45.420248],[4.745105,45.407696],[4.754847,45.397786],[4.759104,45.383289],[4.756,45.365675],[4.725821,45.361809],[4.723105,45.354602],[4.703308,45.349561],[4.700414,45.345743],[4.680123,45.34626],[4.662628,45.34031],[4.638558,45.326194],[4.64318,45.318899],[4.615463,45.310472],[4.61573,45.300534],[4.620722,45.291428],[4.598594,45.289485],[4.59152,45.27375],[4.605303,45.263664],[4.605355,45.253628],[4.584795,45.244075],[4.560358,45.24764],[4.539815,45.242801],[4.540738,45.235793],[4.51046,45.244156],[4.508529,45.231964],[4.489776,45.23203],[4.483132,45.236445],[4.471593,45.240038],[4.465982,45.247474],[4.442566,45.26221],[4.435304,45.274675],[4.419654,45.275401],[4.389173,45.263008],[4.371187,45.259884],[4.359254,45.271633],[4.35093,45.274443],[4.361269,45.291866],[4.37011,45.300091],[4.352339,45.303321],[4.331654,45.318479],[4.361691,45.336997],[4.359717,45.349575],[4.348392,45.360306],[4.330441,45.368695],[4.308201,45.370982],[4.308553,45.363717],[4.287072,45.356861],[4.271627,45.359762],[4.270802,45.374921],[4.253642,45.372679],[4.244347,45.385276],[4.226557,45.389717],[4.217312,45.38473],[4.201645,45.382251],[4.180414,45.392012],[4.144449,45.384105],[4.15715,45.373736],[4.154679,45.366028],[4.138376,45.368668],[4.118173,45.368849],[4.10931,45.36276],[4.082525,45.358026],[4.075623,45.35056],[4.077477,45.344121],[4.070809,45.336053],[4.063409,45.338071],[4.059532,45.347475],[4.044717,45.355641],[4.031696,45.348629],[4.01662,45.328997],[4.002488,45.355991],[3.992306,45.356248],[3.9852,45.372041],[3.978261,45.375696],[3.961063,45.36921],[3.949077,45.375687],[3.936548,45.371409],[3.93433,45.359378],[3.924318,45.359117],[3.914641,45.353092],[3.919332,45.341799],[3.906266,45.333247],[3.891554,45.369626],[3.894689,45.382415],[3.889466,45.392928],[3.898674,45.405398],[3.908864,45.412524],[3.9139,45.422245],[3.936724,45.429807],[3.963256,45.436428],[3.972662,45.459477],[3.967217,45.467539],[3.969863,45.476443],[3.982072,45.481899],[3.984132,45.494803],[3.964837,45.503217],[3.958556,45.513791],[3.953927,45.530614],[3.946319,45.5446],[3.954475,45.555827],[3.929813,45.582276],[3.918029,45.586943],[3.908085,45.596689],[3.883471,45.603002],[3.866745,45.614382],[3.858772,45.624702],[3.839513,45.626177],[3.823919,45.632141],[3.817938,45.64653],[3.801811,45.660014],[3.794531,45.673472],[3.777586,45.690562],[3.776687,45.699986],[3.782015,45.708611],[3.777614,45.719981],[3.768346,45.728604],[3.757723,45.746135],[3.745948,45.741173],[3.7271,45.755579],[3.738089,45.767002],[3.730869,45.774804],[3.710499,45.782676],[3.70129,45.781983],[3.690937,45.791056],[3.712625,45.801288],[3.721036,45.812439],[3.71822,45.820224],[3.727668,45.831274],[3.719126,45.850068],[3.728731,45.855574],[3.720164,45.861674],[3.715522,45.870583],[3.733584,45.870462],[3.746433,45.88397],[3.75437,45.886028],[3.739648,45.908409],[3.720436,45.922958],[3.694015,45.930728],[3.694333,45.948666],[3.705243,45.956283],[3.701572,45.96854],[3.709607,45.974135],[3.721344,45.972891],[3.742831,45.966262],[3.765455,45.976579],[3.781773,45.972302],[3.789793,45.974451],[3.798699,45.983301],[3.823466,45.987134],[3.826204,46.001069],[3.81574,46.019156],[3.813602,46.038616],[3.807728,46.044352],[3.807599,46.062063],[3.814477,46.069098],[3.821289,46.09024],[3.805852,46.107764],[3.793486,46.112198],[3.801266,46.130476],[3.792473,46.144205],[3.791626,46.156585],[3.807866,46.161593],[3.801472,46.173572],[3.789598,46.185989],[3.788153,46.200724],[3.795711,46.207036],[3.784392,46.221237],[3.773347,46.227186],[3.768733,46.239438],[3.78222,46.243991],[3.801387,46.239484],[3.807328,46.242607],[3.804885,46.254857],[3.820453,46.259693],[3.834842,46.259235],[3.867626,46.26253],[3.877801,46.275936],[3.898147,46.274937],[3.90511,46.272063],[3.908979,46.248105],[3.904824,46.238658],[3.897608,46.238572],[3.897786,46.22574],[3.890131,46.214487],[3.91892,46.203272],[3.936452,46.20632],[3.972268,46.201797],[3.971994,46.188364],[3.988531,46.169854],[4.031146,46.171969],[4.049827,46.180928],[4.059969,46.188452],[4.069234,46.187025],[4.094642,46.192823],[4.10383,46.19844],[4.132281,46.180531],[4.133396,46.177321],[4.164419,46.173124],[4.18729,46.175346],[4.190458,46.189087],[4.206961,46.194409],[4.224998,46.17763],[4.235228,46.180966],[4.243603,46.188509],[4.254439,46.187347],[4.262647,46.175569],[4.253857,46.167868],[4.251553,46.158126],[4.282426,46.156813],[4.290629,46.171158],[4.306962,46.174612],[4.315746,46.171513],[4.326438,46.181909],[4.335803,46.181674],[4.346533,46.187436],[4.358623,46.182419],[4.373044,46.186852],[4.363114,46.195256],[4.375532,46.211013],[4.388477,46.213365],[4.388074,46.21979]]]]}},{"type":"Feature","properties":{"NUTS_ID":"DE26B","LEVL_CODE":3,"CNTR_CODE":"DE","NAME_LATN":"Schweinfurt, Landkreis","NUTS_NAME":"Schweinfurt, Landkreis","MOUNT_TYPE":4,"URBN_TYPE":2,"COAST_TYPE":3,"FID":"DE26B"},"geometry":{"type":"MultiPolygon","coordinates":[[[[10.450537,50.196708],[10.43894,50.186363],[10.441001,50.17652],[10.429704,50.167961],[10.422616,50.15605],[10.40972,50.146882],[10.394319,50.141158],[10.405742,50.12588],[10.402998,50.115212],[10.393512,50.105746],[10.379705,50.102138],[10.378739,50.091941],[10.395244,50.091756],[10.431346,50.082271],[10.4312,50.077106],[10.415602,50.066589],[10.404656,50.064409],[10.406522,50.056316],[10.396825,50.043224],[10.378979,50.044966],[10.372985,50.039543],[10.376891,50.032752],[10.365176,50.025207],[10.355459,50.032819],[10.344244,50.034008],[10.320344,50.029544],[10.328317,50.022311],[10.360266,50.016616],[10.393163,50.013419],[10.398265,50.009564],[10.388633,49.997961],[10.408976,49.986955],[10.430289,49.984003],[10.442739,49.978684],[10.445169,49.959317],[10.464242,49.953681],[10.466687,49.947368],[10.477884,49.940259],[10.491145,49.938907],[10.514161,49.932426],[10.507205,49.925256],[10.5102,49.911549],[10.521435,49.898633],[10.506955,49.899744],[10.499498,49.895969],[10.470961,49.896157],[10.466185,49.888716],[10.490325,49.884762],[10.505249,49.876682],[10.499377,49.8716],[10.459388,49.878816],[10.44533,49.848091],[10.440682,49.844829],[10.459914,49.836341],[10.448965,49.822177],[10.443112,49.820726],[10.420541,49.825001],[10.388168,49.837508],[10.390878,49.8434],[10.387454,49.857657],[10.390474,49.863824],[10.374687,49.865418],[10.364991,49.859607],[10.339215,49.865427],[10.328641,49.856166],[10.32109,49.855145],[10.301018,49.862473],[10.290996,49.871126],[10.290666,49.890129],[10.283363,49.891609],[10.247018,49.882473],[10.23596,49.890325],[10.234367,49.908952],[10.226538,49.915044],[10.209981,49.911625],[10.21044,49.898298],[10.201806,49.892295],[10.189162,49.892056],[10.189016,49.903752],[10.174242,49.912759],[10.151958,49.902394],[10.143419,49.907542],[10.119978,49.907792],[10.099866,49.912659],[10.106052,49.928534],[10.069772,49.931803],[10.06131,49.942816],[10.030919,49.9522],[10.039753,49.961431],[10.043352,49.973761],[10.03807,49.988671],[10.002931,49.986164],[10.008166,49.997428],[10.022848,49.997784],[10.042001,50.003153],[10.04563,50.014633],[10.033848,50.022732],[10.039553,50.033777],[10.027355,50.040041],[10.006685,50.033068],[9.98729,50.038146],[9.981093,50.057051],[9.964013,50.054717],[9.958227,50.070606],[9.967346,50.073812],[9.969591,50.084533],[9.981518,50.084906],[9.989597,50.095724],[10.001234,50.097253],[10.012775,50.108578],[10.044577,50.106212],[10.064347,50.099105],[10.074003,50.106366],[10.090422,50.10515],[10.098482,50.109955],[10.114597,50.105731],[10.139313,50.115422],[10.153965,50.138268],[10.153702,50.145981],[10.165629,50.146185],[10.179863,50.153876],[10.189472,50.149332],[10.219112,50.149804],[10.234485,50.154951],[10.248212,50.153855],[10.260396,50.144473],[10.275223,50.150519],[10.277849,50.155949],[10.302596,50.161223],[10.307192,50.154424],[10.320303,50.147304],[10.328379,50.148104],[10.317414,50.161707],[10.318794,50.172067],[10.340427,50.173286],[10.342147,50.186713],[10.333294,50.192935],[10.331288,50.203435],[10.323377,50.210391],[10.34505,50.210514],[10.370134,50.229162],[10.391027,50.228214],[10.39936,50.222834],[10.422753,50.224423],[10.433626,50.221164],[10.441351,50.203497],[10.450537,50.196708]],[[10.234795,50.094841],[10.222398,50.090824],[10.228059,50.076123],[10.224877,50.066784],[10.205437,50.072058],[10.17963,50.054221],[10.186518,50.043273],[10.165329,50.031192],[10.181965,50.019966],[10.198548,50.012813],[10.214478,50.00961],[10.232114,50.015065],[10.240516,50.023009],[10.242492,50.040562],[10.254624,50.049304],[10.272159,50.055792],[10.254745,50.087135],[10.247129,50.077723],[10.238469,50.079128],[10.239328,50.091506],[10.234795,50.094841]]]]}},{"type":"Feature","properties":{"NUTS_ID":"DE26C","LEVL_CODE":3,"CNTR_CODE":"DE","NAME_LATN":"Würzburg, Landkreis","NUTS_NAME":"Würzburg, Landkreis","MOUNT_TYPE":4,"URBN_TYPE":2,"COAST_TYPE":3,"FID":"DE26C"},"geometry":{"type":"MultiPolygon","coordinates":[[[[10.189162,49.892056],[10.181656,49.884925],[10.171203,49.884374],[10.162587,49.876147],[10.165442,49.869458],[10.164585,49.848198],[10.141927,49.846372],[10.130699,49.849171],[10.120618,49.845716],[10.121291,49.838207],[10.106877,49.836395],[10.086624,49.837307],[10.083188,49.832421],[10.06531,49.825352],[10.062739,49.808912],[10.056999,49.799038],[10.061268,49.778626],[10.052545,49.773552],[10.060741,49.758398],[10.04051,49.746613],[10.049184,49.743325],[10.051289,49.72932],[10.06735,49.719164],[10.096663,49.718716],[10.100799,49.704772],[10.12767,49.686808],[10.124434,49.682708],[10.133415,49.668222],[10.110312,49.669055],[10.102264,49.660398],[10.09318,49.660557],[10.083013,49.647632],[10.084331,49.634586],[10.110316,49.621408],[10.101002,49.619523],[10.081914,49.598514],[10.069613,49.592625],[10.075501,49.579375],[10.071876,49.567264],[10.081779,49.557874],[10.083724,49.543561],[10.062409,49.544879],[10.059967,49.536957],[10.041193,49.529055],[10.055775,49.520214],[10.047198,49.507666],[10.028344,49.503494],[10.020202,49.486282],[10.009449,49.483509],[9.992045,49.486196],[9.958967,49.483853],[9.951436,49.480936],[9.93117,49.484093],[9.916388,49.491725],[9.915066,49.496242],[9.923457,49.509901],[9.917418,49.51852],[9.923762,49.525226],[9.924401,49.538235],[9.920811,49.553807],[9.922043,49.56244],[9.898506,49.563242],[9.910848,49.586037],[9.898889,49.587548],[9.876301,49.578374],[9.865201,49.567417],[9.866167,49.55692],[9.858392,49.546388],[9.828974,49.551711],[9.817377,49.557897],[9.847736,49.578137],[9.842183,49.594994],[9.871587,49.609873],[9.864831,49.625419],[9.854377,49.64177],[9.835823,49.646282],[9.832824,49.657666],[9.822883,49.665053],[9.824209,49.672807],[9.835157,49.69162],[9.831708,49.703306],[9.797371,49.72044],[9.786866,49.722485],[9.770054,49.719445],[9.753823,49.710229],[9.749453,49.695934],[9.73795,49.688193],[9.727987,49.689578],[9.727596,49.698506],[9.715003,49.710044],[9.711136,49.726987],[9.694686,49.718745],[9.678374,49.716218],[9.675188,49.693511],[9.65371,49.687741],[9.633146,49.693657],[9.62632,49.703157],[9.633395,49.717296],[9.639737,49.722834],[9.631232,49.731093],[9.643651,49.73799],[9.639027,49.754206],[9.651866,49.766371],[9.644858,49.776848],[9.650925,49.780833],[9.648736,49.791477],[9.652958,49.804159],[9.677041,49.814488],[9.672774,49.825037],[9.684316,49.836824],[9.70739,49.837668],[9.727155,49.832139],[9.74411,49.84358],[9.753883,49.859224],[9.75437,49.865421],[9.778742,49.877864],[9.805021,49.880702],[9.828165,49.872566],[9.837422,49.876579],[9.839488,49.89176],[9.866868,49.894345],[9.881972,49.891466],[9.928678,49.893215],[9.918566,49.906227],[9.913433,49.933337],[9.939641,49.948322],[9.949249,49.946916],[9.953489,49.938584],[9.976831,49.940075],[9.996431,49.936856],[10.016565,49.939607],[10.012997,49.95026],[10.030919,49.9522],[10.06131,49.942816],[10.069772,49.931803],[10.106052,49.928534],[10.099866,49.912659],[10.119978,49.907792],[10.143419,49.907542],[10.151958,49.902394],[10.174242,49.912759],[10.189016,49.903752],[10.189162,49.892056]],[[9.985632,49.737003],[9.984003,49.747374],[9.976446,49.758275],[9.958342,49.765559],[9.965376,49.771903],[9.979728,49.773062],[9.976373,49.782564],[9.984606,49.789188],[9.999899,49.787557],[10.008201,49.79521],[10.0037,49.818392],[9.988489,49.825774],[9.989911,49.834945],[9.96477,49.839155],[9.947866,49.833778],[9.933677,49.836065],[9.919928,49.84563],[9.909874,49.843382],[9.906232,49.825139],[9.894229,49.826725],[9.884418,49.820993],[9.872402,49.822246],[9.879394,49.796462],[9.896557,49.788133],[9.905782,49.779275],[9.892428,49.778359],[9.877579,49.771955],[9.895082,49.767041],[9.87766,49.752632],[9.886204,49.745183],[9.903332,49.746862],[9.93469,49.734783],[9.938348,49.722045],[9.962982,49.710588],[9.982376,49.713443],[9.98537,49.72162],[9.973491,49.730426],[9.985632,49.737003]]]]}},{"type":"Feature","properties":{"NUTS_ID":"DE271","LEVL_CODE":3,"CNTR_CODE":"DE","NAME_LATN":"Augsburg, Kreisfreie Stadt","NUTS_NAME":"Augsburg, Kreisfreie Stadt","MOUNT_TYPE":4,"URBN_TYPE":1,"COAST_TYPE":3,"FID":"DE271"},"geometry":{"type":"MultiPolygon","coordinates":[[[[10.884084,48.458443],[10.901644,48.452616],[10.907959,48.434993],[10.915154,48.434308],[10.92011,48.424565],[10.927376,48.423666],[10.956654,48.380612],[10.957504,48.369299],[10.949007,48.36564],[10.957562,48.337414],[10.94922,48.332616],[10.948611,48.314146],[10.954712,48.304303],[10.945605,48.294959],[10.947475,48.28612],[10.941404,48.276648],[10.940545,48.2672],[10.923429,48.267275],[10.910751,48.258307],[10.903986,48.267155],[10.898463,48.281915],[10.900847,48.29353],[10.862851,48.292042],[10.844074,48.296345],[10.836846,48.290649],[10.828439,48.296172],[10.812842,48.299104],[10.80248,48.291586],[10.783407,48.297698],[10.766554,48.297326],[10.765679,48.307346],[10.770693,48.314493],[10.781457,48.313239],[10.790224,48.318916],[10.794934,48.337028],[10.804466,48.350698],[10.819592,48.34992],[10.82299,48.341832],[10.838224,48.346371],[10.850828,48.344211],[10.851438,48.353851],[10.859068,48.368757],[10.849278,48.371133],[10.841464,48.386745],[10.848439,48.406698],[10.870838,48.405113],[10.888521,48.413671],[10.889867,48.434121],[10.884084,48.458443]]]]}},{"type":"Feature","properties":{"NUTS_ID":"DE272","LEVL_CODE":3,"CNTR_CODE":"DE","NAME_LATN":"Kaufbeuren, Kreisfreie Stadt","NUTS_NAME":"Kaufbeuren, Kreisfreie Stadt","MOUNT_TYPE":4,"URBN_TYPE":2,"COAST_TYPE":3,"FID":"DE272"},"geometry":{"type":"MultiPolygon","coordinates":[[[[10.628041,47.921147],[10.649433,47.915897],[10.64479,47.901018],[10.652963,47.901992],[10.660529,47.884963],[10.654248,47.882338],[10.653732,47.871192],[10.659319,47.860677],[10.656953,47.841167],[10.643836,47.850605],[10.631505,47.847752],[10.622001,47.853583],[10.60637,47.854201],[10.596645,47.849938],[10.576337,47.859529],[10.56656,47.859387],[10.569495,47.875068],[10.552405,47.884309],[10.571591,47.887081],[10.575895,47.895298],[10.590545,47.896854],[10.628041,47.921147]]]]}},{"type":"Feature","properties":{"NUTS_ID":"DE273","LEVL_CODE":3,"CNTR_CODE":"DE","NAME_LATN":"Kempten (Allgäu), Kreisfreie Stadt","NUTS_NAME":"Kempten (Allgäu), Kreisfreie Stadt","MOUNT_TYPE":2,"URBN_TYPE":2,"COAST_TYPE":3,"FID":"DE273"},"geometry":{"type":"MultiPolygon","coordinates":[[[[10.278896,47.777045],[10.293739,47.776987],[10.295992,47.767966],[10.310636,47.767371],[10.318985,47.771382],[10.329479,47.767628],[10.348009,47.768251],[10.353139,47.762969],[10.368717,47.763012],[10.377005,47.756687],[10.37307,47.744531],[10.358388,47.729718],[10.364765,47.726911],[10.367962,47.712012],[10.34154,47.712417],[10.318351,47.695217],[10.278365,47.703076],[10.257087,47.708526],[10.248986,47.71432],[10.264453,47.723689],[10.258548,47.731017],[10.262413,47.73808],[10.261259,47.749659],[10.255985,47.756415],[10.243843,47.754673],[10.233695,47.764729],[10.236971,47.770377],[10.264431,47.773432],[10.278896,47.777045]]]]}},{"type":"Feature","properties":{"NUTS_ID":"DE275","LEVL_CODE":3,"CNTR_CODE":"DE","NAME_LATN":"Aichach-Friedberg","NUTS_NAME":"Aichach-Friedberg","MOUNT_TYPE":4,"URBN_TYPE":2,"COAST_TYPE":3,"FID":"DE275"},"geometry":{"type":"MultiPolygon","coordinates":[[[[11.295411,48.474574],[11.303736,48.473171],[11.298557,48.463442],[11.300681,48.454156],[11.311675,48.452273],[11.295511,48.444198],[11.272388,48.444328],[11.26562,48.446776],[11.248064,48.440015],[11.238361,48.43119],[11.214343,48.430537],[11.199083,48.420997],[11.17825,48.417466],[11.197378,48.394614],[11.197767,48.387676],[11.187208,48.375973],[11.18281,48.366474],[11.167802,48.365368],[11.171308,48.355749],[11.162825,48.347533],[11.171489,48.334464],[11.156502,48.323478],[11.129851,48.323608],[11.118219,48.309225],[11.122154,48.298938],[11.111279,48.297712],[11.120627,48.27452],[11.116769,48.268478],[11.105209,48.261565],[11.095071,48.265565],[11.075845,48.278892],[11.066725,48.277514],[11.060286,48.27048],[11.0665,48.259551],[11.044605,48.254651],[11.056349,48.249972],[11.056391,48.241547],[11.046451,48.241134],[11.040058,48.228167],[11.051765,48.213511],[11.058887,48.212369],[11.059219,48.196141],[11.04714,48.196991],[11.03451,48.192992],[10.99981,48.205402],[10.981954,48.209821],[10.961005,48.198916],[10.944993,48.206295],[10.946439,48.218834],[10.933104,48.225631],[10.925302,48.2349],[10.903411,48.236676],[10.910665,48.251205],[10.910751,48.258307],[10.923429,48.267275],[10.940545,48.2672],[10.941404,48.276648],[10.947475,48.28612],[10.945605,48.294959],[10.954712,48.304303],[10.948611,48.314146],[10.94922,48.332616],[10.957562,48.337414],[10.949007,48.36564],[10.957504,48.369299],[10.956654,48.380612],[10.927376,48.423666],[10.92011,48.424565],[10.915154,48.434308],[10.907959,48.434993],[10.901644,48.452616],[10.884084,48.458443],[10.877526,48.483111],[10.864269,48.505985],[10.871551,48.531211],[10.898383,48.535055],[10.909579,48.540142],[10.937646,48.534215],[10.955256,48.544039],[10.976314,48.546691],[10.979445,48.560138],[10.973676,48.568699],[10.956521,48.575457],[10.933823,48.570473],[10.930668,48.581839],[10.923929,48.586954],[10.929461,48.596455],[10.939171,48.600733],[10.970971,48.60108],[10.97972,48.598249],[11.008163,48.61103],[11.022986,48.620171],[11.036885,48.608783],[11.051036,48.601491],[11.076876,48.605111],[11.107886,48.603051],[11.119108,48.607032],[11.121578,48.594519],[11.145907,48.592078],[11.154664,48.595073],[11.164667,48.580833],[11.155632,48.562429],[11.130662,48.562161],[11.127658,48.554239],[11.135098,48.549845],[11.15359,48.548839],[11.182719,48.538489],[11.191719,48.530975],[11.208144,48.526726],[11.211492,48.498873],[11.22128,48.491445],[11.24783,48.485499],[11.247986,48.477306],[11.257342,48.468547],[11.267685,48.464375],[11.276307,48.472943],[11.295411,48.474574]]]]}},{"type":"Feature","properties":{"NUTS_ID":"CH061","LEVL_CODE":3,"CNTR_CODE":"CH","NAME_LATN":"Luzern","NUTS_NAME":"Luzern","MOUNT_TYPE":3,"URBN_TYPE":2,"COAST_TYPE":3,"FID":"CH061"},"geometry":{"type":"MultiPolygon","coordinates":[[[[8.412129,47.140737],[8.415353,47.124455],[8.431359,47.123962],[8.447334,47.129419],[8.452595,47.114497],[8.458385,47.114452],[8.481095,47.125893],[8.493693,47.113733],[8.492978,47.100201],[8.477817,47.106402],[8.472289,47.112175],[8.451207,47.113657],[8.420752,47.101902],[8.410342,47.092812],[8.407018,47.080693],[8.389212,47.070647],[8.390533,47.061271],[8.40344,47.060867],[8.430178,47.065263],[8.442366,47.062385],[8.497032,47.028629],[8.513594,47.021926],[8.510055,47.006481],[8.50015,47.000799],[8.483307,46.996729],[8.468157,46.996524],[8.469059,47.00929],[8.427975,47.017209],[8.425401,46.998315],[8.396875,47.000702],[8.385473,46.998343],[8.383789,47.017716],[8.368678,47.019396],[8.335167,46.98896],[8.31937,46.999596],[8.29682,46.998341],[8.288175,46.994813],[8.275441,46.998017],[8.260003,46.996243],[8.244008,46.986074],[8.228511,46.99166],[8.219442,46.981453],[8.228819,46.973145],[8.22893,46.970023],[8.202853,46.966871],[8.187244,46.971742],[8.165914,46.965816],[8.150521,46.956661],[8.163938,46.939682],[8.157017,46.933398],[8.133582,46.921009],[8.11124,46.89361],[8.107396,46.90808],[8.095162,46.911306],[8.082836,46.899674],[8.069876,46.895761],[8.067107,46.887834],[8.070596,46.877658],[8.066127,46.860583],[8.0429,46.8379],[8.064167,46.807295],[8.049088,46.788008],[8.020666,46.789047],[7.997585,46.782289],[7.984389,46.774923],[7.973356,46.778745],[7.954119,46.791633],[7.946742,46.805222],[7.922416,46.820017],[7.877109,46.837075],[7.86739,46.851289],[7.869565,46.864162],[7.857267,46.871431],[7.858608,46.885279],[7.8722,46.889901],[7.882496,46.90404],[7.880499,46.909889],[7.867975,46.914758],[7.873427,46.925077],[7.896925,46.934324],[7.914617,46.934541],[7.922239,46.946498],[7.931163,46.950456],[7.933028,46.961947],[7.944891,46.968313],[7.944574,46.976946],[7.952389,46.98131],[7.948327,46.993715],[7.951693,47.006068],[7.931939,47.004558],[7.922232,47.010468],[7.902011,47.005919],[7.899599,47.018085],[7.892751,47.029238],[7.881683,47.0399],[7.868345,47.046655],[7.867164,47.055023],[7.878939,47.078781],[7.880559,47.090001],[7.874515,47.098393],[7.874285,47.109377],[7.868599,47.119587],[7.873122,47.12484],[7.886147,47.128415],[7.889649,47.140041],[7.877122,47.152961],[7.874997,47.162387],[7.881448,47.171861],[7.875402,47.182793],[7.860629,47.192734],[7.859682,47.198891],[7.846091,47.21676],[7.837457,47.223571],[7.838686,47.234414],[7.8524,47.232688],[7.894697,47.242607],[7.909594,47.24396],[7.933466,47.235881],[7.961485,47.254332],[7.95176,47.26637],[7.957964,47.276718],[7.976592,47.274824],[7.997672,47.279725],[8.016615,47.25588],[8.015053,47.2442],[8.02879,47.241281],[8.060258,47.246007],[8.056289,47.255554],[8.071881,47.255172],[8.088311,47.262925],[8.098876,47.260265],[8.109051,47.244574],[8.125017,47.241313],[8.131693,47.245798],[8.174265,47.252932],[8.17997,47.245615],[8.174234,47.240555],[8.156645,47.238908],[8.163834,47.229916],[8.176208,47.221901],[8.204272,47.226489],[8.203284,47.234354],[8.208017,47.247716],[8.22007,47.252591],[8.228192,47.273053],[8.242389,47.272307],[8.249693,47.28517],[8.270658,47.283342],[8.287194,47.279128],[8.299397,47.270828],[8.295299,47.264689],[8.299145,47.255473],[8.314767,47.23973],[8.320162,47.21613],[8.327361,47.21075],[8.330551,47.197026],[8.338275,47.188609],[8.341275,47.174307],[8.358274,47.156823],[8.362069,47.145981],[8.377239,47.139754],[8.405086,47.137603],[8.412129,47.140737]]]]}},{"type":"Feature","properties":{"NUTS_ID":"CH062","LEVL_CODE":3,"CNTR_CODE":"CH","NAME_LATN":"Uri","NUTS_NAME":"Uri","MOUNT_TYPE":3,"URBN_TYPE":2,"COAST_TYPE":3,"FID":"CH062"},"geometry":{"type":"MultiPolygon","coordinates":[[[[8.935079,46.920208],[8.943588,46.90616],[8.952819,46.898301],[8.957342,46.887904],[8.956018,46.875362],[8.918002,46.860808],[8.908551,46.861505],[8.896507,46.850728],[8.87119,46.842069],[8.881476,46.829378],[8.877168,46.813123],[8.87393,46.808639],[8.859884,46.805701],[8.84807,46.79435],[8.834455,46.795219],[8.827933,46.791735],[8.827898,46.779203],[8.833946,46.766957],[8.817614,46.762153],[8.809868,46.74383],[8.812974,46.737315],[8.799518,46.731448],[8.781985,46.728309],[8.768971,46.744039],[8.747552,46.7354],[8.745845,46.717497],[8.719083,46.706264],[8.710207,46.700059],[8.692584,46.701851],[8.686691,46.694909],[8.674683,46.692326],[8.673714,46.67101],[8.678591,46.664263],[8.654865,46.649971],[8.657643,46.641656],[8.651197,46.63558],[8.65796,46.62616],[8.678737,46.615995],[8.677759,46.599342],[8.681436,46.588361],[8.678729,46.579189],[8.666666,46.576576],[8.648184,46.565699],[8.630799,46.565838],[8.626451,46.576319],[8.590499,46.573477],[8.573402,46.58368],[8.548302,46.582056],[8.5392,46.586778],[8.521753,46.57664],[8.52049,46.567111],[8.514098,46.559121],[8.519532,46.538934],[8.483732,46.531989],[8.477674,46.527602],[8.465367,46.534877],[8.453621,46.534612],[8.428189,46.54504],[8.418794,46.567821],[8.406631,46.585633],[8.408287,46.600667],[8.417208,46.610487],[8.422301,46.627243],[8.418747,46.635721],[8.420613,46.646464],[8.410411,46.65302],[8.408108,46.665589],[8.398367,46.675335],[8.399821,46.691725],[8.426618,46.68639],[8.449844,46.688061],[8.45456,46.698265],[8.453786,46.710785],[8.448585,46.712351],[8.447469,46.726863],[8.440772,46.737457],[8.442405,46.749974],[8.448959,46.764517],[8.466528,46.770001],[8.473247,46.768078],[8.491426,46.773058],[8.479299,46.789254],[8.481642,46.803851],[8.479019,46.813909],[8.487004,46.831754],[8.507028,46.845467],[8.497855,46.853721],[8.480787,46.857413],[8.471988,46.855352],[8.471376,46.867925],[8.466557,46.875183],[8.479069,46.882537],[8.474004,46.893387],[8.458677,46.898958],[8.464818,46.9044],[8.481228,46.908588],[8.486068,46.918484],[8.502911,46.914416],[8.519792,46.922822],[8.544056,46.92788],[8.546009,46.938007],[8.557403,46.940436],[8.55568,46.962866],[8.572558,46.97977],[8.56915,46.990248],[8.582417,46.993409],[8.60314,46.98684],[8.60118,46.975237],[8.604394,46.951976],[8.61943,46.952245],[8.66885,46.944744],[8.692637,46.945731],[8.699306,46.934674],[8.698746,46.926355],[8.708104,46.91747],[8.745982,46.935534],[8.770462,46.940858],[8.779255,46.932728],[8.789719,46.930609],[8.810712,46.940746],[8.826465,46.935048],[8.82758,46.922372],[8.836001,46.908438],[8.848458,46.912126],[8.84811,46.891757],[8.853211,46.885388],[8.864076,46.895382],[8.878202,46.897015],[8.935079,46.920208]]]]}},{"type":"Feature","properties":{"NUTS_ID":"DE126","LEVL_CODE":3,"CNTR_CODE":"DE","NAME_LATN":"Mannheim, Stadtkreis","NUTS_NAME":"Mannheim, Stadtkreis","MOUNT_TYPE":4,"URBN_TYPE":1,"COAST_TYPE":3,"FID":"DE126"},"geometry":{"type":"MultiPolygon","coordinates":[[[[8.581375,49.51978],[8.585757,49.50212],[8.574698,49.493677],[8.554603,49.48981],[8.546806,49.47814],[8.558377,49.474671],[8.570321,49.463207],[8.589032,49.458597],[8.578161,49.444274],[8.58694,49.435638],[8.582887,49.426469],[8.573137,49.423648],[8.573519,49.415844],[8.546477,49.417504],[8.54019,49.411913],[8.526909,49.412563],[8.523101,49.417821],[8.497316,49.411347],[8.507987,49.431146],[8.49888,49.442654],[8.453566,49.444291],[8.442856,49.450482],[8.443427,49.457884],[8.460917,49.465365],[8.463419,49.471074],[8.443303,49.492408],[8.423068,49.541821],[8.414341,49.557097],[8.4227,49.574192],[8.422439,49.583385],[8.437321,49.584279],[8.443593,49.589804],[8.463107,49.589496],[8.474843,49.584246],[8.480784,49.57475],[8.495033,49.572996],[8.525305,49.548691],[8.533865,49.535138],[8.554254,49.519736],[8.581375,49.51978]]]]}},{"type":"Feature","properties":{"NUTS_ID":"CH057","LEVL_CODE":3,"CNTR_CODE":"CH","NAME_LATN":"Thurgau","NUTS_NAME":"Thurgau","MOUNT_TYPE":4,"URBN_TYPE":2,"COAST_TYPE":3,"FID":"CH057"},"geometry":{"type":"MultiPolygon","coordinates":[[[[8.71772,47.690742],[8.727982,47.69268],[8.757429,47.689258],[8.7849,47.676814],[8.795708,47.675595],[8.818225,47.677282],[8.836808,47.671279],[8.841844,47.664679],[8.853324,47.660659],[8.846365,47.653523],[8.856726,47.650001],[8.863032,47.655022],[8.874888,47.65467],[8.900336,47.648435],[8.943053,47.657228],[8.963493,47.664813],[8.980924,47.673981],[9.021567,47.686435],[9.057666,47.684062],[9.073706,47.67901],[9.095087,47.678706],[9.119424,47.668141],[9.141593,47.664686],[9.157212,47.665738],[9.170799,47.655284],[9.182192,47.65589],[9.214832,47.655095],[9.256561,47.658707],[9.394714,47.620326],[9.495604,47.551455],[9.435907,47.506862],[9.406578,47.492914],[9.399154,47.478062],[9.380842,47.485724],[9.372684,47.485867],[9.373931,47.499293],[9.337727,47.503221],[9.3548,47.518028],[9.341602,47.522379],[9.336633,47.529249],[9.317452,47.530791],[9.313025,47.527203],[9.283768,47.520698],[9.279897,47.511027],[9.290109,47.506611],[9.304037,47.514729],[9.317119,47.499714],[9.320912,47.490814],[9.299296,47.477762],[9.28233,47.482687],[9.26033,47.474887],[9.223734,47.484209],[9.208888,47.47992],[9.207141,47.488852],[9.193803,47.48954],[9.173941,47.495228],[9.16594,47.503999],[9.155475,47.487998],[9.128956,47.484475],[9.118846,47.479898],[9.110899,47.484325],[9.09038,47.482405],[9.081948,47.49512],[9.061601,47.491653],[9.056852,47.488002],[9.042766,47.496029],[9.020141,47.488235],[9.01207,47.48947],[9.005866,47.481712],[9.010895,47.472622],[9.028716,47.467127],[9.027429,47.457622],[9.062616,47.446446],[9.027802,47.436827],[9.003299,47.434094],[8.990266,47.429072],[8.989344,47.412238],[8.975417,47.40827],[8.971548,47.391248],[8.957775,47.385694],[8.943636,47.375837],[8.94146,47.387182],[8.921541,47.398868],[8.903892,47.402453],[8.914014,47.41797],[8.912704,47.436838],[8.903493,47.444146],[8.907857,47.448798],[8.882012,47.475081],[8.893013,47.489814],[8.897084,47.504973],[8.898724,47.524085],[8.887577,47.528273],[8.841681,47.533173],[8.829675,47.557003],[8.849575,47.560809],[8.831591,47.573335],[8.810254,47.570952],[8.802059,47.583623],[8.762007,47.592849],[8.748193,47.592349],[8.747727,47.600034],[8.739883,47.609481],[8.746651,47.620948],[8.762011,47.618079],[8.787832,47.609651],[8.789429,47.603558],[8.801347,47.601569],[8.805467,47.613437],[8.812851,47.617199],[8.814057,47.627268],[8.821427,47.630636],[8.827541,47.64034],[8.826431,47.646749],[8.804932,47.653167],[8.8027,47.664912],[8.788537,47.664494],[8.785338,47.655041],[8.77687,47.64981],[8.764768,47.648513],[8.757737,47.643061],[8.743888,47.63953],[8.725702,47.643088],[8.707876,47.642699],[8.689031,47.649682],[8.680761,47.658023],[8.676875,47.671817],[8.668168,47.677666],[8.670461,47.684862],[8.689851,47.694938],[8.709229,47.689688],[8.71772,47.690742]]],[[[9.448962,47.500968],[9.467559,47.495563],[9.465699,47.487972],[9.449627,47.492238],[9.448962,47.500968]]]]}},{"type":"Feature","properties":{"NUTS_ID":"DE124","LEVL_CODE":3,"CNTR_CODE":"DE","NAME_LATN":"Rastatt","NUTS_NAME":"Rastatt","MOUNT_TYPE":4,"URBN_TYPE":1,"COAST_TYPE":3,"FID":"DE124"},"geometry":{"type":"MultiPolygon","coordinates":[[[[8.416625,48.835368],[8.41226,48.830267],[8.392384,48.834495],[8.381722,48.833495],[8.379367,48.830922],[8.402998,48.822432],[8.408265,48.812012],[8.396838,48.809891],[8.400478,48.802136],[8.413576,48.793818],[8.425065,48.791072],[8.432477,48.776194],[8.428632,48.759696],[8.421231,48.7539],[8.421735,48.743741],[8.440395,48.751196],[8.44596,48.758499],[8.465152,48.76431],[8.48456,48.756701],[8.482476,48.746564],[8.474539,48.735236],[8.475002,48.723557],[8.458732,48.71661],[8.465855,48.700346],[8.448374,48.69945],[8.440461,48.695332],[8.447507,48.686824],[8.446829,48.661569],[8.429917,48.645438],[8.417081,48.645593],[8.409324,48.639457],[8.388825,48.635672],[8.381942,48.619551],[8.350372,48.609135],[8.356249,48.600131],[8.318622,48.589245],[8.290256,48.58692],[8.262774,48.589683],[8.238179,48.600577],[8.222007,48.603227],[8.240101,48.617271],[8.241122,48.629232],[8.199714,48.628372],[8.181172,48.639391],[8.163349,48.640131],[8.163807,48.645219],[8.139053,48.65426],[8.126189,48.654363],[8.114387,48.650213],[8.084513,48.663414],[8.068713,48.673876],[8.062881,48.671677],[8.030094,48.682505],[8.018912,48.680627],[8.001793,48.686918],[7.980593,48.687529],[7.97606,48.696547],[7.988738,48.700697],[7.976296,48.714635],[7.959631,48.718581],[7.967736,48.729816],[7.967155,48.746727],[7.973622,48.758808],[7.983017,48.761115],[8.005392,48.75918],[8.017481,48.762811],[8.023144,48.769082],[8.026109,48.782883],[8.041777,48.790672],[8.058331,48.789008],[8.072218,48.7924],[8.094315,48.808346],[8.103828,48.820122],[8.115653,48.852616],[8.130357,48.880481],[8.14655,48.902291],[8.169517,48.925454],[8.193614,48.953957],[8.202893,48.959794],[8.232633,48.966571],[8.261284,48.980917],[8.25958,48.959536],[8.272236,48.953268],[8.310211,48.949234],[8.354574,48.934889],[8.346611,48.923647],[8.315237,48.922233],[8.295346,48.912913],[8.292687,48.900852],[8.295897,48.893761],[8.288286,48.886374],[8.300344,48.878791],[8.307568,48.865483],[8.319854,48.855952],[8.330971,48.856674],[8.354574,48.844781],[8.365613,48.853619],[8.377091,48.854987],[8.389013,48.850167],[8.404856,48.858752],[8.413009,48.851124],[8.416625,48.835368]],[[8.229463,48.680797],[8.240324,48.667035],[8.275656,48.66948],[8.297414,48.684416],[8.297579,48.693784],[8.314521,48.701014],[8.32042,48.708171],[8.32027,48.729808],[8.315328,48.738999],[8.304845,48.743117],[8.280805,48.764581],[8.288035,48.773469],[8.290083,48.784036],[8.277653,48.786634],[8.270474,48.797212],[8.255016,48.794971],[8.249954,48.808157],[8.226383,48.819761],[8.221616,48.825159],[8.191393,48.834861],[8.168437,48.819583],[8.161989,48.807035],[8.164149,48.802257],[8.146454,48.79005],[8.154801,48.786044],[8.175343,48.782595],[8.185942,48.769864],[8.20074,48.761479],[8.201807,48.75345],[8.182901,48.747722],[8.177284,48.741649],[8.150602,48.743664],[8.143377,48.741214],[8.134855,48.728969],[8.122926,48.733849],[8.111097,48.727917],[8.146912,48.715997],[8.162813,48.716765],[8.17786,48.712556],[8.191418,48.715938],[8.207469,48.707283],[8.215682,48.697376],[8.227104,48.698101],[8.229463,48.680797]],[[8.057247,48.706527],[8.042927,48.695315],[8.050581,48.693267],[8.057247,48.706527]]]]}},{"type":"Feature","properties":{"NUTS_ID":"DE125","LEVL_CODE":3,"CNTR_CODE":"DE","NAME_LATN":"Heidelberg, Stadtkreis","NUTS_NAME":"Heidelberg, Stadtkreis","MOUNT_TYPE":3,"URBN_TYPE":1,"COAST_TYPE":3,"FID":"DE125"},"geometry":{"type":"MultiPolygon","coordinates":[[[[8.573519,49.415844],[8.573137,49.423648],[8.582887,49.426469],[8.592864,49.428812],[8.611134,49.425455],[8.628308,49.442962],[8.647106,49.437602],[8.707905,49.446383],[8.716206,49.451763],[8.743338,49.446934],[8.752892,49.459332],[8.767943,49.454273],[8.762008,49.449545],[8.766739,49.438141],[8.788416,49.431047],[8.791873,49.403912],[8.777999,49.401612],[8.773679,49.390183],[8.763519,49.387265],[8.767844,49.379545],[8.740263,49.374336],[8.729116,49.36789],[8.722815,49.357364],[8.712037,49.35558],[8.67493,49.360645],[8.66451,49.354379],[8.646111,49.369879],[8.639986,49.368719],[8.634015,49.352379],[8.622976,49.359493],[8.6024,49.366157],[8.607315,49.376967],[8.6324,49.38678],[8.635895,49.393737],[8.630921,49.412538],[8.611558,49.40539],[8.601979,49.409237],[8.577429,49.412229],[8.573519,49.415844]]]]}},{"type":"Feature","properties":{"NUTS_ID":"DE127","LEVL_CODE":3,"CNTR_CODE":"DE","NAME_LATN":"Neckar-Odenwald-Kreis","NUTS_NAME":"Neckar-Odenwald-Kreis","MOUNT_TYPE":4,"URBN_TYPE":3,"COAST_TYPE":3,"FID":"DE127"},"geometry":{"type":"MultiPolygon","coordinates":[[[[9.603823,49.426578],[9.571127,49.416448],[9.579458,49.402235],[9.589753,49.40018],[9.592858,49.392174],[9.576461,49.385097],[9.573072,49.377038],[9.548839,49.377197],[9.529942,49.381666],[9.507871,49.375621],[9.498614,49.380579],[9.47619,49.385337],[9.464677,49.396948],[9.446422,49.390061],[9.450226,49.377302],[9.443416,49.372419],[9.443492,49.364337],[9.427751,49.357788],[9.415729,49.359081],[9.399925,49.36608],[9.375441,49.363264],[9.356215,49.367611],[9.340403,49.383292],[9.328428,49.387543],[9.310891,49.377285],[9.310704,49.36196],[9.315329,49.357078],[9.294894,49.347219],[9.287463,49.329926],[9.269192,49.32956],[9.263085,49.319188],[9.2607,49.305909],[9.241855,49.297315],[9.230827,49.30954],[9.221109,49.30844],[9.204848,49.324051],[9.195038,49.327156],[9.173744,49.323956],[9.162655,49.328192],[9.154436,49.309619],[9.155693,49.296267],[9.131339,49.292991],[9.136475,49.28707],[9.152937,49.284294],[9.15032,49.274411],[9.12089,49.271714],[9.114386,49.277941],[9.096077,49.279682],[9.068701,49.27897],[9.050885,49.286538],[9.049127,49.292862],[9.056393,49.304339],[9.04373,49.315017],[9.01178,49.335524],[8.995265,49.336626],[8.991319,49.342299],[8.975039,49.340998],[8.965696,49.34725],[8.967075,49.359652],[8.952709,49.370332],[8.943153,49.372685],[8.937967,49.388131],[8.947905,49.394917],[8.963646,49.397472],[8.976455,49.394406],[8.989365,49.400358],[8.984464,49.417144],[8.989135,49.422831],[9.011045,49.414332],[9.023097,49.421394],[9.021934,49.427772],[9.046827,49.445699],[9.026809,49.471603],[9.04296,49.475558],[9.05791,49.484862],[9.073241,49.490843],[9.086159,49.500073],[9.071067,49.509744],[9.076667,49.521843],[9.083427,49.526087],[9.099342,49.525461],[9.107084,49.510451],[9.119762,49.512857],[9.125346,49.522156],[9.114147,49.533896],[9.087062,49.542848],[9.088191,49.54874],[9.094813,49.549875],[9.09893,49.560554],[9.103006,49.577456],[9.119986,49.573823],[9.152641,49.579386],[9.165467,49.57607],[9.194882,49.574553],[9.238702,49.581291],[9.259037,49.593276],[9.265919,49.607202],[9.284292,49.615347],[9.271223,49.62653],[9.271846,49.634232],[9.285089,49.636622],[9.28985,49.642925],[9.31054,49.653953],[9.340403,49.644586],[9.366356,49.655674],[9.383571,49.642826],[9.4068,49.646335],[9.418687,49.65794],[9.41092,49.663508],[9.430417,49.657917],[9.449481,49.656418],[9.452385,49.648645],[9.476744,49.642719],[9.490192,49.644386],[9.510318,49.640149],[9.520078,49.642305],[9.527989,49.635277],[9.538988,49.639808],[9.548179,49.632946],[9.550631,49.622121],[9.537909,49.616471],[9.541271,49.602967],[9.529032,49.597475],[9.511135,49.60139],[9.500323,49.587683],[9.505711,49.579177],[9.504257,49.571173],[9.523028,49.543643],[9.522718,49.537021],[9.542274,49.532075],[9.542472,49.525368],[9.531095,49.51491],[9.515726,49.513522],[9.504296,49.501252],[9.494955,49.5025],[9.492977,49.487652],[9.51117,49.479873],[9.515658,49.473275],[9.506775,49.456193],[9.513791,49.444175],[9.529897,49.443872],[9.548574,49.44926],[9.57052,49.44231],[9.589714,49.439618],[9.603823,49.426578]]]]}},{"type":"Feature","properties":{"NUTS_ID":"DE21C","LEVL_CODE":3,"CNTR_CODE":"DE","NAME_LATN":"Fürstenfeldbruck","NUTS_NAME":"Fürstenfeldbruck","MOUNT_TYPE":4,"URBN_TYPE":2,"COAST_TYPE":3,"FID":"DE21C"},"geometry":{"type":"MultiPolygon","coordinates":[[[[11.402939,48.20312],[11.392991,48.200513],[11.391269,48.182803],[11.369879,48.175811],[11.360877,48.158089],[11.369847,48.158285],[11.388643,48.147139],[11.389225,48.128616],[11.397462,48.125355],[11.412451,48.127115],[11.400386,48.116471],[11.390134,48.119289],[11.384868,48.111454],[11.369328,48.114537],[11.348487,48.105836],[11.335177,48.111454],[11.31675,48.114964],[11.301476,48.126773],[11.273431,48.135544],[11.251536,48.13502],[11.234396,48.129106],[11.198707,48.112314],[11.192139,48.098443],[11.178791,48.103478],[11.168492,48.101756],[11.160908,48.108527],[11.143234,48.108976],[11.136972,48.097617],[11.119225,48.095687],[11.089359,48.088521],[11.080847,48.09653],[11.069114,48.098113],[11.056684,48.106524],[11.059975,48.138642],[11.047873,48.137967],[11.040115,48.148828],[11.023472,48.149601],[11.00466,48.156184],[11.013493,48.161966],[11.00243,48.166629],[10.993849,48.175868],[11.026151,48.178969],[11.03451,48.192992],[11.04714,48.196991],[11.059219,48.196141],[11.058887,48.212369],[11.051765,48.213511],[11.040058,48.228167],[11.046451,48.241134],[11.056391,48.241547],[11.056349,48.249972],[11.044605,48.254651],[11.0665,48.259551],[11.060286,48.27048],[11.066725,48.277514],[11.075845,48.278892],[11.095071,48.265565],[11.105209,48.261565],[11.116769,48.268478],[11.149062,48.27054],[11.152159,48.288491],[11.177334,48.296684],[11.194798,48.288259],[11.202319,48.2792],[11.226347,48.281653],[11.232437,48.274519],[11.245889,48.270001],[11.252376,48.262154],[11.276462,48.263437],[11.294491,48.259128],[11.310544,48.233128],[11.32491,48.227435],[11.336614,48.232939],[11.343477,48.228275],[11.35915,48.235155],[11.378637,48.234642],[11.384588,48.227479],[11.397359,48.226509],[11.403922,48.219308],[11.402939,48.20312]]]]}},{"type":"Feature","properties":{"NUTS_ID":"DE112","LEVL_CODE":3,"CNTR_CODE":"DE","NAME_LATN":"Böblingen","NUTS_NAME":"Böblingen","MOUNT_TYPE":4,"URBN_TYPE":1,"COAST_TYPE":3,"FID":"DE112"},"geometry":{"type":"MultiPolygon","coordinates":[[[[9.064847,48.755577],[9.063573,48.747802],[9.04484,48.746376],[9.056773,48.733565],[9.076749,48.724325],[9.088106,48.713477],[9.104721,48.709079],[9.109697,48.689226],[9.095913,48.679976],[9.126182,48.67657],[9.125063,48.672157],[9.146369,48.663646],[9.174173,48.633544],[9.165325,48.624288],[9.145,48.617895],[9.151229,48.604055],[9.129176,48.601266],[9.111251,48.606342],[9.115888,48.61448],[9.106939,48.62235],[9.097393,48.621932],[9.088599,48.603175],[9.068874,48.593092],[9.054718,48.593412],[9.040541,48.587381],[9.0348,48.576853],[9.023223,48.579645],[9.006843,48.587835],[8.993106,48.584955],[8.978007,48.590501],[8.950376,48.586431],[8.93732,48.576717],[8.942024,48.568221],[8.933483,48.565341],[8.912778,48.571318],[8.888415,48.560809],[8.886748,48.542915],[8.877894,48.539559],[8.850947,48.537197],[8.855478,48.522987],[8.862604,48.516356],[8.846243,48.509204],[8.846692,48.500078],[8.799253,48.509241],[8.789889,48.519386],[8.768903,48.521841],[8.759585,48.526204],[8.763706,48.535335],[8.758233,48.53886],[8.766235,48.548766],[8.758215,48.557157],[8.754679,48.58481],[8.746465,48.596187],[8.749006,48.602786],[8.759867,48.603373],[8.794886,48.594325],[8.794852,48.607709],[8.800698,48.612538],[8.79731,48.624185],[8.790429,48.628075],[8.7918,48.638398],[8.798371,48.64661],[8.799402,48.658407],[8.818745,48.664507],[8.827106,48.67607],[8.836588,48.682507],[8.851585,48.685709],[8.862397,48.69697],[8.855307,48.706917],[8.865153,48.711784],[8.874527,48.726949],[8.856726,48.733823],[8.829203,48.736472],[8.835007,48.753298],[8.799385,48.773665],[8.804182,48.777778],[8.830695,48.796755],[8.84241,48.79943],[8.847027,48.793548],[8.866855,48.79269],[8.892869,48.803326],[8.891789,48.812623],[8.900128,48.815657],[8.877072,48.825487],[8.885583,48.830334],[8.872812,48.836535],[8.894015,48.847001],[8.902346,48.860432],[8.9288,48.866557],[8.937184,48.866583],[8.958072,48.854764],[8.958415,48.840811],[8.965904,48.829815],[8.989438,48.832978],[9.005533,48.827602],[9.021718,48.82913],[9.042937,48.820312],[9.045421,48.815252],[9.031252,48.799425],[9.04261,48.790074],[9.042719,48.782795],[9.050907,48.764619],[9.064847,48.755577]]]]}},{"type":"Feature","properties":{"NUTS_ID":"CH023","LEVL_CODE":3,"CNTR_CODE":"CH","NAME_LATN":"Solothurn","NUTS_NAME":"Solothurn","MOUNT_TYPE":3,"URBN_TYPE":1,"COAST_TYPE":3,"FID":"CH023"},"geometry":{"type":"MultiPolygon","coordinates":[[[[7.956853,47.4552],[7.967726,47.462367],[7.973978,47.459664],[7.98381,47.443267],[7.987183,47.428365],[7.963094,47.422298],[7.981511,47.414215],[8.006122,47.407288],[8.012069,47.395186],[8.026558,47.395621],[8.030521,47.383307],[8.026727,47.37129],[8.011497,47.357186],[8.011906,47.349814],[8.003997,47.345356],[8.001027,47.334756],[7.9753,47.326307],[7.97632,47.32256],[7.948337,47.317695],[7.947884,47.332646],[7.919279,47.333983],[7.907642,47.341054],[7.897003,47.327551],[7.897412,47.319933],[7.885932,47.311682],[7.862385,47.306982],[7.833019,47.268236],[7.824728,47.265637],[7.813287,47.262155],[7.800932,47.267481],[7.785053,47.256292],[7.764811,47.266703],[7.756923,47.258091],[7.74405,47.257199],[7.73177,47.260179],[7.717707,47.274883],[7.710976,47.274984],[7.701391,47.285659],[7.684899,47.29393],[7.676826,47.289108],[7.660492,47.287224],[7.648602,47.282183],[7.606856,47.28047],[7.58004,47.276341],[7.594435,47.263703],[7.597221,47.245036],[7.609885,47.238818],[7.618896,47.22921],[7.640634,47.228789],[7.640259,47.221889],[7.651224,47.206659],[7.674623,47.190927],[7.677359,47.181916],[7.672689,47.168246],[7.660406,47.168006],[7.652868,47.162465],[7.652033,47.15125],[7.614664,47.154596],[7.586123,47.147548],[7.580915,47.159514],[7.55856,47.168079],[7.545065,47.160473],[7.532645,47.163792],[7.521865,47.158585],[7.528916,47.149361],[7.517224,47.138284],[7.511518,47.127844],[7.492088,47.117047],[7.461829,47.107605],[7.463135,47.101332],[7.474069,47.087761],[7.466387,47.07889],[7.443173,47.074495],[7.434937,47.082335],[7.433695,47.099411],[7.418795,47.099651],[7.409112,47.095503],[7.390069,47.092591],[7.382278,47.098893],[7.370434,47.120969],[7.386704,47.125952],[7.403632,47.11762],[7.434838,47.124036],[7.435795,47.128824],[7.421757,47.135884],[7.440053,47.150421],[7.454611,47.156329],[7.467918,47.151864],[7.479836,47.155325],[7.492727,47.16328],[7.495571,47.171581],[7.480577,47.172629],[7.472151,47.181139],[7.475337,47.191368],[7.450324,47.189232],[7.446981,47.182067],[7.435439,47.184815],[7.430502,47.175413],[7.418715,47.170696],[7.410208,47.162164],[7.393066,47.160359],[7.381294,47.183462],[7.365363,47.193351],[7.354474,47.192321],[7.340421,47.217515],[7.363528,47.220749],[7.379098,47.228246],[7.401518,47.234958],[7.418194,47.245385],[7.416341,47.252139],[7.440186,47.262647],[7.465912,47.264713],[7.478105,47.278462],[7.494676,47.28817],[7.520621,47.294001],[7.532427,47.294441],[7.546953,47.306149],[7.548416,47.316374],[7.558402,47.322372],[7.572572,47.328914],[7.560207,47.34241],[7.552207,47.345296],[7.536826,47.350185],[7.541468,47.355749],[7.523593,47.364471],[7.523774,47.370957],[7.499952,47.37186],[7.487028,47.369743],[7.458444,47.370831],[7.43689,47.37997],[7.443139,47.389502],[7.442059,47.400696],[7.452949,47.403312],[7.476734,47.400549],[7.479122,47.390389],[7.500813,47.384817],[7.517268,47.388606],[7.530567,47.404668],[7.526339,47.41193],[7.543541,47.41411],[7.580313,47.414683],[7.568549,47.42256],[7.568586,47.436472],[7.575625,47.436715],[7.584856,47.428636],[7.592091,47.432683],[7.615804,47.432704],[7.616283,47.445088],[7.622622,47.457085],[7.619566,47.46728],[7.607547,47.474769],[7.606372,47.48947],[7.616653,47.488852],[7.640979,47.482651],[7.665403,47.491528],[7.676918,47.485003],[7.699744,47.480591],[7.710048,47.469253],[7.690804,47.452904],[7.683842,47.443857],[7.684817,47.428494],[7.679853,47.417669],[7.663479,47.409767],[7.632702,47.410083],[7.636715,47.387628],[7.641732,47.38054],[7.644197,47.367269],[7.700354,47.372327],[7.727927,47.368799],[7.734155,47.357783],[7.754188,47.343249],[7.769154,47.338908],[7.793439,47.339628],[7.797609,47.355489],[7.806233,47.362389],[7.830571,47.365187],[7.837048,47.37272],[7.849974,47.378359],[7.868497,47.381377],[7.879411,47.388127],[7.86914,47.395496],[7.888499,47.40725],[7.9097,47.398432],[7.924158,47.402024],[7.934965,47.411737],[7.954758,47.415848],[7.961711,47.421944],[7.946753,47.443238],[7.956853,47.4552]]],[[[7.674397,47.154624],[7.679538,47.163087],[7.690623,47.164922],[7.69008,47.152873],[7.674397,47.154624]]],[[[7.445019,47.461723],[7.455797,47.47279],[7.430006,47.481786],[7.434775,47.49797],[7.456975,47.488651],[7.470897,47.480449],[7.487628,47.482307],[7.509958,47.496826],[7.510905,47.502582],[7.519271,47.496893],[7.531813,47.497405],[7.536674,47.484998],[7.527461,47.473862],[7.530663,47.461196],[7.508737,47.458576],[7.494946,47.459582],[7.454521,47.44953],[7.445019,47.461723]]],[[[7.375685,47.414077],[7.380894,47.431892],[7.400356,47.435398],[7.421139,47.446388],[7.437789,47.446248],[7.448486,47.437694],[7.454727,47.425687],[7.447277,47.414517],[7.427308,47.41448],[7.414351,47.411006],[7.375685,47.414077]]]]}},{"type":"Feature","properties":{"NUTS_ID":"DE119","LEVL_CODE":3,"CNTR_CODE":"DE","NAME_LATN":"Hohenlohekreis","NUTS_NAME":"Hohenlohekreis","MOUNT_TYPE":4,"URBN_TYPE":3,"COAST_TYPE":3,"FID":"DE119"},"geometry":{"type":"MultiPolygon","coordinates":[[[[9.855564,49.368367],[9.85488,49.35326],[9.843646,49.349159],[9.85767,49.328883],[9.848351,49.321838],[9.857811,49.304276],[9.854582,49.297065],[9.859679,49.290894],[9.830485,49.279629],[9.82329,49.278943],[9.82587,49.265866],[9.815142,49.258696],[9.779995,49.252447],[9.763717,49.241933],[9.764783,49.225391],[9.747086,49.224003],[9.753072,49.210985],[9.745015,49.195161],[9.728559,49.194928],[9.720857,49.198428],[9.699367,49.191423],[9.696338,49.180933],[9.688896,49.174474],[9.689967,49.167044],[9.673208,49.162001],[9.673447,49.15125],[9.651237,49.132006],[9.639331,49.137282],[9.60905,49.137623],[9.61018,49.146636],[9.59303,49.140721],[9.580762,49.13356],[9.590768,49.122908],[9.611645,49.119746],[9.608742,49.105521],[9.59257,49.108592],[9.593974,49.113849],[9.57672,49.121798],[9.561354,49.11941],[9.566001,49.130396],[9.547975,49.132557],[9.541661,49.123378],[9.532143,49.12113],[9.527491,49.108551],[9.517739,49.113596],[9.508683,49.132467],[9.493615,49.138497],[9.482783,49.133103],[9.489692,49.120555],[9.488029,49.112354],[9.479548,49.109493],[9.458061,49.112113],[9.456023,49.104849],[9.43642,49.097059],[9.43274,49.103136],[9.446917,49.118231],[9.436834,49.125645],[9.420047,49.132422],[9.42335,49.138384],[9.436569,49.143109],[9.432476,49.149995],[9.420746,49.150108],[9.40026,49.145972],[9.385948,49.149616],[9.374327,49.163198],[9.348256,49.171215],[9.367521,49.178783],[9.364399,49.183651],[9.37202,49.192456],[9.38345,49.197235],[9.39967,49.197851],[9.411631,49.194177],[9.450911,49.22069],[9.441422,49.226765],[9.427176,49.227319],[9.414951,49.246866],[9.425911,49.255357],[9.423301,49.262216],[9.433652,49.281605],[9.444265,49.28344],[9.445583,49.291282],[9.459417,49.288492],[9.47797,49.299828],[9.491676,49.298453],[9.5146,49.303744],[9.516978,49.312806],[9.500089,49.31338],[9.479352,49.318297],[9.471577,49.323694],[9.465455,49.337165],[9.463397,49.354963],[9.443492,49.364337],[9.443416,49.372419],[9.450226,49.377302],[9.446422,49.390061],[9.464677,49.396948],[9.47619,49.385337],[9.498614,49.380579],[9.507871,49.375621],[9.529942,49.381666],[9.548839,49.377197],[9.573072,49.377038],[9.576461,49.385097],[9.592858,49.392174],[9.589753,49.40018],[9.579458,49.402235],[9.571127,49.416448],[9.603823,49.426578],[9.619299,49.429687],[9.625918,49.42603],[9.642261,49.429675],[9.638812,49.414006],[9.670319,49.414573],[9.682292,49.408471],[9.699454,49.416722],[9.710917,49.412612],[9.712709,49.399129],[9.739344,49.398772],[9.748126,49.394257],[9.758904,49.398152],[9.775263,49.394284],[9.790207,49.406718],[9.803925,49.404309],[9.801082,49.396001],[9.810303,49.389379],[9.829572,49.393773],[9.846147,49.379994],[9.846544,49.372568],[9.855564,49.368367]]]]}},{"type":"Feature","properties":{"NUTS_ID":"DE274","LEVL_CODE":3,"CNTR_CODE":"DE","NAME_LATN":"Memmingen, Kreisfreie Stadt","NUTS_NAME":"Memmingen, Kreisfreie Stadt","MOUNT_TYPE":4,"URBN_TYPE":3,"COAST_TYPE":3,"FID":"DE274"},"geometry":{"type":"MultiPolygon","coordinates":[[[[10.110136,47.93715],[10.093783,47.944827],[10.085066,47.956804],[10.088845,47.969501],[10.104207,47.974358],[10.114954,47.976257],[10.116211,47.96521],[10.128988,47.95866],[10.143634,47.963948],[10.128945,47.971036],[10.134947,47.986042],[10.151936,47.989269],[10.156127,47.997627],[10.142556,48.012386],[10.132387,48.0154],[10.135728,48.023761],[10.16211,48.027012],[10.17191,48.024341],[10.200469,48.034837],[10.199467,48.039311],[10.229795,48.047414],[10.232627,48.036547],[10.224917,48.031431],[10.226472,48.010983],[10.200376,48.001065],[10.204819,47.982619],[10.203071,47.968324],[10.197067,47.956746],[10.185277,47.947607],[10.182004,47.93785],[10.15989,47.921983],[10.125001,47.930454],[10.110136,47.93715]]]]}},{"type":"Feature","properties":{"NUTS_ID":"CH013","LEVL_CODE":3,"CNTR_CODE":"CH","NAME_LATN":"Genève","NUTS_NAME":"Genève","MOUNT_TYPE":1,"URBN_TYPE":1,"COAST_TYPE":3,"FID":"CH013"},"geometry":{"type":"MultiPolygon","coordinates":[[[[6.219547,46.311878],[6.247723,46.301826],[6.251282,46.288406],[6.238724,46.282014],[6.238528,46.276594],[6.250052,46.262295],[6.267746,46.248257],[6.283399,46.25444],[6.308533,46.255024],[6.309408,46.243334],[6.294464,46.22493],[6.276372,46.215248],[6.263326,46.212508],[6.249403,46.205774],[6.234057,46.205805],[6.186103,46.178226],[6.188245,46.166488],[6.175417,46.158142],[6.15286,46.151645],[6.146694,46.14592],[6.126619,46.140468],[6.099434,46.144442],[6.091844,46.151668],[6.074558,46.149307],[6.052395,46.150832],[6.047811,46.140945],[6.03507,46.136905],[6.024366,46.140705],[5.993811,46.14412],[5.982725,46.142139],[5.975761,46.132799],[5.956067,46.132095],[5.965555,46.137442],[5.965136,46.145195],[5.982242,46.172202],[5.988286,46.171694],[5.994443,46.183094],[5.991522,46.186835],[5.963678,46.196972],[5.971828,46.202304],[5.974414,46.214752],[5.992403,46.216046],[6.016678,46.23183],[6.033722,46.238426],[6.046336,46.231437],[6.060805,46.244773],[6.069425,46.241623],[6.088136,46.247043],[6.101817,46.237537],[6.12358,46.250572],[6.12009,46.26115],[6.104297,46.278487],[6.102367,46.284855],[6.121142,46.297168],[6.119092,46.307716],[6.125608,46.31723],[6.140712,46.305396],[6.1987,46.284428],[6.219547,46.311878]]],[[[6.231694,46.329429],[6.19312,46.343844],[6.193805,46.348334],[6.172731,46.355514],[6.17441,46.362377],[6.196977,46.360035],[6.201499,46.355329],[6.24136,46.343582],[6.231694,46.329429]]]]}},{"type":"Feature","properties":{"NUTS_ID":"CH012","LEVL_CODE":3,"CNTR_CODE":"CH","NAME_LATN":"Valais","NUTS_NAME":"Valais","MOUNT_TYPE":3,"URBN_TYPE":2,"COAST_TYPE":3,"FID":"CH012"},"geometry":{"type":"MultiPolygon","coordinates":[[[[8.477674,46.527602],[8.460302,46.511188],[8.451743,46.507819],[8.442913,46.495429],[8.431609,46.497022],[8.419572,46.492628],[8.391638,46.491597],[8.394661,46.484996],[8.385902,46.475623],[8.392395,46.467949],[8.382267,46.459802],[8.384717,46.452158],[8.363651,46.450462],[8.324515,46.425651],[8.307491,46.425851],[8.297943,46.413854],[8.288934,46.408109],[8.309494,46.403188],[8.316792,46.394962],[8.318741,46.386126],[8.312294,46.377192],[8.29986,46.37368],[8.283918,46.364267],[8.272436,46.366357],[8.261589,46.360926],[8.265306,46.3527],[8.248801,46.340805],[8.235311,46.339989],[8.225289,46.334609],[8.223927,46.325246],[8.215544,46.319823],[8.211447,46.30958],[8.19875,46.30225],[8.178929,46.2977],[8.161413,46.296219],[8.141117,46.301929],[8.122122,46.292588],[8.114847,46.282528],[8.105557,46.279043],[8.086852,46.266532],[8.081297,46.260283],[8.087718,46.254242],[8.110153,46.248724],[8.11394,46.237918],[8.125655,46.229318],[8.138877,46.226148],[8.14357,46.211979],[8.151307,46.202268],[8.15333,46.192093],[8.164545,46.182904],[8.150731,46.163843],[8.154405,46.147308],[8.143111,46.136537],[8.127307,46.135584],[8.116756,46.130651],[8.108233,46.111628],[8.082004,46.105753],[8.066858,46.105373],[8.055666,46.101698],[8.034763,46.100836],[8.022409,46.069642],[8.034584,46.044325],[8.013199,46.03166],[8.016751,46.025335],[8.012413,46.01197],[8.001367,46.011479],[7.989094,45.995933],[7.976445,45.999099],[7.958501,45.996289],[7.908679,45.996936],[7.893711,45.979033],[7.877898,45.973063],[7.881457,45.964674],[7.875925,45.957803],[7.876867,45.949858],[7.868961,45.937701],[7.877137,45.926955],[7.864077,45.91675],[7.858208,45.920385],[7.837316,45.921995],[7.820843,45.926562],[7.799518,45.917126],[7.789592,45.925484],[7.768459,45.93703],[7.749734,45.940434],[7.735097,45.92399],[7.721181,45.9239],[7.707922,45.935344],[7.708684,45.94837],[7.697992,45.954312],[7.680218,45.957687],[7.665065,45.975215],[7.65777,45.976223],[7.639865,45.970457],[7.619487,45.972115],[7.610395,45.969356],[7.584532,45.972165],[7.574703,45.987574],[7.551407,45.98638],[7.54196,45.975702],[7.54602,45.961717],[7.540248,45.955875],[7.527511,45.956924],[7.516666,45.961963],[7.507827,45.958469],[7.498821,45.961691],[7.472397,45.947638],[7.472752,45.935175],[7.460186,45.935366],[7.444769,45.931097],[7.428457,45.916382],[7.411368,45.909187],[7.400765,45.910505],[7.395289,45.903189],[7.382476,45.896971],[7.360533,45.904146],[7.345318,45.914438],[7.323411,45.910478],[7.315485,45.916135],[7.294443,45.921779],[7.285749,45.915449],[7.276695,45.901308],[7.257402,45.88898],[7.248674,45.892725],[7.217558,45.888789],[7.21491,45.883903],[7.199842,45.87452],[7.199882,45.862942],[7.190603,45.858679],[7.173279,45.864142],[7.153544,45.879249],[7.136316,45.872774],[7.118102,45.859758],[7.101175,45.85927],[7.093904,45.876689],[7.080692,45.885237],[7.075851,45.894832],[7.064717,45.900304],[7.061899,45.911966],[7.044886,45.922413],[7.036069,45.938346],[7.036744,45.954488],[7.018932,45.960165],[7.009708,45.96916],[7.022242,45.980541],[7.012639,45.987894],[7.0088,45.998458],[6.986302,46.004623],[6.980269,46.020228],[6.962906,46.030536],[6.949742,46.051731],[6.936353,46.055291],[6.936752,46.063921],[6.923472,46.063992],[6.909127,46.051236],[6.890327,46.043286],[6.877886,46.046757],[6.873081,46.055568],[6.880819,46.069454],[6.891464,46.073879],[6.891191,46.084763],[6.88358,46.094859],[6.89437,46.107412],[6.899467,46.124058],[6.852693,46.126483],[6.839103,46.132557],[6.819328,46.131069],[6.798266,46.13709],[6.790425,46.154316],[6.792314,46.163196],[6.805625,46.172802],[6.812422,46.181419],[6.803564,46.203136],[6.810092,46.213886],[6.821667,46.223461],[6.820745,46.229969],[6.832247,46.235997],[6.840085,46.247674],[6.85337,46.253392],[6.864179,46.280325],[6.858923,46.290432],[6.847147,46.289982],[6.834328,46.299793],[6.824806,46.31192],[6.807896,46.320025],[6.800626,46.320506],[6.796885,46.331741],[6.785359,46.333057],[6.770763,46.354736],[6.772642,46.361831],[6.791808,46.367608],[6.805812,46.380006],[6.802156,46.387443],[6.821064,46.427154],[6.858845,46.394259],[6.883547,46.376472],[6.886768,46.365387],[6.881796,46.356007],[6.895996,46.340495],[6.918526,46.338671],[6.931817,46.32545],[6.936527,46.29872],[6.949486,46.291254],[6.961719,46.279953],[6.964648,46.269428],[6.987213,46.251437],[7.003255,46.225931],[7.009623,46.220513],[7.013269,46.205919],[7.023201,46.198925],[7.033163,46.186965],[7.07134,46.201021],[7.088334,46.201561],[7.113045,46.215655],[7.121575,46.223647],[7.124737,46.235973],[7.14024,46.237945],[7.151174,46.244469],[7.177412,46.267666],[7.188597,46.271516],[7.187009,46.282588],[7.195797,46.289437],[7.18911,46.303877],[7.221457,46.329212],[7.233609,46.326545],[7.253306,46.330538],[7.262099,46.33818],[7.26232,46.358223],[7.290593,46.367142],[7.312553,46.368799],[7.308618,46.352034],[7.31503,46.344518],[7.335745,46.346314],[7.35907,46.353286],[7.382351,46.365283],[7.399677,46.376625],[7.443244,46.382901],[7.469992,46.378229],[7.479394,46.385287],[7.485781,46.374706],[7.502295,46.370434],[7.507253,46.375838],[7.526278,46.374484],[7.538435,46.377443],[7.540682,46.383783],[7.555383,46.388977],[7.528674,46.400498],[7.533981,46.409768],[7.562563,46.41302],[7.583473,46.417263],[7.599446,46.415598],[7.5992,46.421737],[7.609234,46.42769],[7.610031,46.43615],[7.626941,46.44443],[7.692924,46.424227],[7.708647,46.413914],[7.731515,46.421845],[7.778232,46.443449],[7.797523,46.458071],[7.824137,46.466548],[7.843411,46.47786],[7.876647,46.478502],[7.895366,46.48235],[7.932768,46.498198],[7.941085,46.507086],[7.95442,46.508673],[7.968628,46.514118],[7.972042,46.524207],[7.963235,46.538833],[7.971339,46.545238],[7.98652,46.548812],[7.997335,46.558315],[8.01575,46.563296],[8.030387,46.562475],[8.042781,46.557021],[8.062704,46.55327],[8.075783,46.555582],[8.085205,46.551714],[8.113971,46.546528],[8.125744,46.537245],[8.149906,46.531789],[8.174341,46.531391],[8.174503,46.524076],[8.184611,46.520808],[8.218746,46.526462],[8.241231,46.526575],[8.258062,46.529442],[8.281985,46.537872],[8.289246,46.543477],[8.303325,46.546137],[8.317195,46.558659],[8.336248,46.561257],[8.349377,46.568241],[8.363572,46.581929],[8.361662,46.599774],[8.370504,46.61395],[8.369244,46.628696],[8.381279,46.635157],[8.399443,46.653476],[8.410411,46.65302],[8.420613,46.646464],[8.418747,46.635721],[8.422301,46.627243],[8.417208,46.610487],[8.408287,46.600667],[8.406631,46.585633],[8.418794,46.567821],[8.428189,46.54504],[8.453621,46.534612],[8.465367,46.534877],[8.477674,46.527602]]]]}},{"type":"Feature","properties":{"NUTS_ID":"CH024","LEVL_CODE":3,"CNTR_CODE":"CH","NAME_LATN":"Neuchâtel","NUTS_NAME":"Neuchâtel","MOUNT_TYPE":3,"URBN_TYPE":2,"COAST_TYPE":3,"FID":"CH024"},"geometry":{"type":"MultiPolygon","coordinates":[[[[7.039971,46.979881],[7.002287,46.986723],[6.927902,46.953174],[6.89621,46.925326],[6.866234,46.909293],[6.780046,46.852643],[6.756683,46.868922],[6.742745,46.871715],[6.738011,46.884552],[6.740081,46.89481],[6.721029,46.905406],[6.717449,46.91589],[6.723456,46.931122],[6.720868,46.936143],[6.668419,46.920311],[6.6472,46.910613],[6.645519,46.906211],[6.62708,46.888711],[6.614637,46.888937],[6.597768,46.883551],[6.587262,46.884157],[6.537771,46.866991],[6.523323,46.856603],[6.482128,46.846532],[6.466476,46.847785],[6.460011,46.851551],[6.463925,46.890982],[6.43275,46.928455],[6.459481,46.943073],[6.481333,46.964123],[6.496692,46.974193],[6.506622,46.966593],[6.519358,46.970838],[6.563462,46.979594],[6.596142,46.992527],[6.616761,46.991798],[6.633715,46.998545],[6.642157,47.004802],[6.657628,47.025437],[6.677939,47.035229],[6.696806,47.037498],[6.719744,47.052322],[6.701134,47.059368],[6.692625,47.066926],[6.70531,47.074448],[6.704259,47.081938],[6.725713,47.091177],[6.739036,47.090488],[6.745838,47.096671],[6.740527,47.107355],[6.765147,47.120334],[6.804551,47.13046],[6.849073,47.156382],[6.858914,47.165294],[6.861454,47.165625],[6.888715,47.131191],[6.881005,47.108351],[6.870808,47.102113],[6.866893,47.085119],[6.918125,47.105072],[6.929752,47.112581],[6.939306,47.109673],[6.996515,47.118912],[7.007739,47.12419],[7.040237,47.124253],[7.023436,47.112239],[7.029156,47.104439],[7.041404,47.108641],[7.057216,47.099701],[7.075721,47.096271],[7.086855,47.085691],[7.077044,47.075991],[7.088508,47.058883],[7.065445,47.044995],[7.051043,47.04275],[7.033066,47.029123],[7.032345,47.014415],[7.025484,47.005879],[7.039971,46.979881]]]]}},{"type":"Feature","properties":{"NUTS_ID":"FRK28","LEVL_CODE":3,"CNTR_CODE":"FR","NAME_LATN":"Haute-Savoie","NUTS_NAME":"Haute-Savoie","MOUNT_TYPE":3,"URBN_TYPE":2,"COAST_TYPE":3,"FID":"FRK28"},"geometry":{"type":"MultiPolygon","coordinates":[[[[7.044886,45.922413],[7.020651,45.915772],[7.003233,45.897113],[7.005796,45.885476],[6.998306,45.873526],[6.990461,45.868789],[6.977259,45.868523],[6.952154,45.86081],[6.940215,45.847608],[6.923148,45.847685],[6.913389,45.841352],[6.895145,45.842773],[6.883268,45.848708],[6.874173,45.84549],[6.867901,45.825349],[6.854244,45.836788],[6.842226,45.840347],[6.819588,45.836202],[6.805089,45.816128],[6.812617,45.808148],[6.812661,45.796655],[6.804676,45.791667],[6.802368,45.778562],[6.781591,45.770053],[6.757647,45.767164],[6.742873,45.752966],[6.739407,45.745039],[6.711945,45.722919],[6.689724,45.728273],[6.698773,45.743239],[6.687006,45.75403],[6.690535,45.770968],[6.676457,45.780208],[6.661171,45.794584],[6.659178,45.800525],[6.636997,45.800063],[6.624419,45.796235],[6.59562,45.793081],[6.584248,45.8009],[6.577213,45.816573],[6.56555,45.815706],[6.551307,45.827679],[6.55305,45.832293],[6.53533,45.861978],[6.568192,45.862418],[6.566744,45.871943],[6.572913,45.877553],[6.559549,45.886489],[6.557482,45.893031],[6.533347,45.896462],[6.516729,45.90284],[6.511058,45.909055],[6.494103,45.889744],[6.470941,45.884234],[6.460928,45.866661],[6.450753,45.861321],[6.453639,45.854542],[6.445068,45.844818],[6.449484,45.838383],[6.425649,45.810841],[6.423672,45.802445],[6.403642,45.792857],[6.385027,45.778632],[6.363556,45.768857],[6.374418,45.764734],[6.370447,45.75293],[6.347679,45.737171],[6.353285,45.732917],[6.34401,45.719981],[6.340807,45.709941],[6.328635,45.69281],[6.304826,45.693295],[6.3015,45.689944],[6.279888,45.684311],[6.260525,45.687536],[6.258118,45.683589],[6.239811,45.685179],[6.228187,45.6824],[6.231652,45.702752],[6.214285,45.708984],[6.212344,45.700584],[6.190121,45.700525],[6.191922,45.720114],[6.195544,45.73233],[6.182876,45.733261],[6.178378,45.747151],[6.165827,45.748886],[6.166239,45.755718],[6.137612,45.76133],[6.136649,45.755958],[6.124541,45.750371],[6.103139,45.763438],[6.103837,45.746391],[6.081976,45.740386],[6.067127,45.743481],[6.055283,45.750339],[6.042249,45.739256],[6.017925,45.746044],[6.008653,45.750843],[5.993804,45.74769],[5.996495,45.759639],[5.980914,45.76845],[5.974579,45.775802],[5.982303,45.783424],[5.980551,45.796171],[5.958064,45.794917],[5.96278,45.812732],[5.948814,45.810319],[5.934117,45.814599],[5.930531,45.807524],[5.914289,45.804303],[5.905247,45.811725],[5.903377,45.826177],[5.88344,45.826475],[5.873421,45.839041],[5.877448,45.846667],[5.876086,45.863408],[5.86246,45.91715],[5.862099,45.932404],[5.837622,45.93252],[5.83123,45.938457],[5.835013,45.951103],[5.834024,45.972027],[5.809642,45.989802],[5.810813,46.010299],[5.805472,46.015732],[5.812394,46.023984],[5.806994,46.043828],[5.813966,46.057887],[5.807623,46.063937],[5.811412,46.078424],[5.821697,46.08989],[5.820708,46.10345],[5.830804,46.105925],[5.839828,46.101749],[5.855984,46.086665],[5.88318,46.084913],[5.891437,46.088481],[5.892902,46.099062],[5.88532,46.107902],[5.893029,46.118917],[5.904317,46.120227],[5.920793,46.130937],[5.946619,46.127996],[5.956067,46.132095],[5.975761,46.132799],[5.982725,46.142139],[5.993811,46.14412],[6.024366,46.140705],[6.03507,46.136905],[6.047811,46.140945],[6.052395,46.150832],[6.074558,46.149307],[6.091844,46.151668],[6.099434,46.144442],[6.126619,46.140468],[6.146694,46.14592],[6.15286,46.151645],[6.175417,46.158142],[6.188245,46.166488],[6.186103,46.178226],[6.234057,46.205805],[6.249403,46.205774],[6.263326,46.212508],[6.276372,46.215248],[6.294464,46.22493],[6.309408,46.243334],[6.308533,46.255024],[6.283399,46.25444],[6.267746,46.248257],[6.250052,46.262295],[6.238528,46.276594],[6.238724,46.282014],[6.251282,46.288406],[6.247723,46.301826],[6.219547,46.311878],[6.231694,46.329429],[6.24136,46.343582],[6.252957,46.36042],[6.335189,46.403717],[6.425619,46.415806],[6.519104,46.456367],[6.681858,46.454334],[6.821064,46.427154],[6.802156,46.387443],[6.805812,46.380006],[6.791808,46.367608],[6.772642,46.361831],[6.770763,46.354736],[6.785359,46.333057],[6.796885,46.331741],[6.800626,46.320506],[6.807896,46.320025],[6.824806,46.31192],[6.834328,46.299793],[6.847147,46.289982],[6.858923,46.290432],[6.864179,46.280325],[6.85337,46.253392],[6.840085,46.247674],[6.832247,46.235997],[6.820745,46.229969],[6.821667,46.223461],[6.810092,46.213886],[6.803564,46.203136],[6.812422,46.181419],[6.805625,46.172802],[6.792314,46.163196],[6.790425,46.154316],[6.798266,46.13709],[6.819328,46.131069],[6.839103,46.132557],[6.852693,46.126483],[6.899467,46.124058],[6.89437,46.107412],[6.88358,46.094859],[6.891191,46.084763],[6.891464,46.073879],[6.880819,46.069454],[6.873081,46.055568],[6.877886,46.046757],[6.890327,46.043286],[6.909127,46.051236],[6.923472,46.063992],[6.936752,46.063921],[6.936353,46.055291],[6.949742,46.051731],[6.962906,46.030536],[6.980269,46.020228],[6.986302,46.004623],[7.0088,45.998458],[7.012639,45.987894],[7.022242,45.980541],[7.009708,45.96916],[7.018932,45.960165],[7.036744,45.954488],[7.036069,45.938346],[7.044886,45.922413]]]]}},{"type":"Feature","properties":{"NUTS_ID":"FRL01","LEVL_CODE":3,"CNTR_CODE":"FR","NAME_LATN":"Alpes-de-Haute-Provence","NUTS_NAME":"Alpes-de-Haute-Provence","MOUNT_TYPE":3,"URBN_TYPE":3,"COAST_TYPE":3,"FID":"FRL01"},"geometry":{"type":"MultiPolygon","coordinates":[[[[6.948443,44.654742],[6.953646,44.637546],[6.968085,44.619618],[6.949459,44.61862],[6.949434,44.609643],[6.938162,44.603419],[6.933477,44.595535],[6.932593,44.573968],[6.913642,44.568674],[6.915925,44.562103],[6.904027,44.555304],[6.88613,44.552057],[6.878303,44.553436],[6.869344,44.53758],[6.85389,44.528077],[6.861321,44.502745],[6.866456,44.494706],[6.876423,44.488403],[6.877343,44.481615],[6.890776,44.472569],[6.905204,44.468271],[6.912702,44.451218],[6.936702,44.439399],[6.934484,44.42944],[6.925453,44.423194],[6.91711,44.426935],[6.894124,44.420068],[6.896545,44.375281],[6.887428,44.361287],[6.856274,44.343608],[6.840409,44.345844],[6.822832,44.333274],[6.810345,44.331274],[6.806226,44.321508],[6.795253,44.314028],[6.795906,44.299251],[6.787078,44.289705],[6.790339,44.27234],[6.763094,44.278992],[6.758705,44.274042],[6.75783,44.261745],[6.742478,44.25822],[6.736018,44.252659],[6.723989,44.249843],[6.721682,44.234517],[6.725011,44.226278],[6.714081,44.218225],[6.717596,44.209022],[6.706808,44.201067],[6.699085,44.19075],[6.701231,44.17753],[6.687368,44.167825],[6.699052,44.156856],[6.698936,44.149377],[6.707131,44.143524],[6.704421,44.136344],[6.708289,44.124119],[6.719086,44.118299],[6.736094,44.103133],[6.755286,44.078602],[6.747627,44.064792],[6.745692,44.042827],[6.77458,44.02462],[6.788624,44.022753],[6.795566,44.008117],[6.80652,44.001579],[6.838728,43.9897],[6.834707,43.983281],[6.844855,43.977837],[6.84817,43.954996],[6.874179,43.952966],[6.880646,43.93899],[6.895545,43.927627],[6.912208,43.927937],[6.929942,43.909856],[6.941633,43.903804],[6.942274,43.897262],[6.921973,43.893394],[6.884494,43.89049],[6.866279,43.905037],[6.854484,43.908328],[6.851314,43.913925],[6.832287,43.918459],[6.799941,43.909633],[6.781618,43.883553],[6.771333,43.878589],[6.757927,43.876677],[6.748392,43.871681],[6.699099,43.883271],[6.670719,43.887744],[6.677193,43.879848],[6.695671,43.875432],[6.698639,43.857879],[6.678699,43.851567],[6.671461,43.841522],[6.676334,43.83101],[6.702801,43.824231],[6.709809,43.818817],[6.709828,43.81066],[6.68833,43.80388],[6.643096,43.795495],[6.636391,43.788947],[6.627927,43.791569],[6.623713,43.804753],[6.60335,43.8029],[6.586913,43.805319],[6.585322,43.800511],[6.548072,43.776543],[6.54261,43.791459],[6.527296,43.804644],[6.519911,43.807986],[6.508428,43.800438],[6.485615,43.791645],[6.468792,43.79822],[6.456835,43.793128],[6.414657,43.790597],[6.41063,43.772261],[6.413072,43.760869],[6.405975,43.752592],[6.396354,43.748286],[6.383545,43.734431],[6.371823,43.742581],[6.35901,43.736397],[6.327937,43.746513],[6.316699,43.757537],[6.30534,43.763409],[6.295118,43.764641],[6.282758,43.77316],[6.268214,43.778059],[6.262325,43.783223],[6.257254,43.797292],[6.242221,43.802375],[6.232413,43.798876],[6.209453,43.796918],[6.190638,43.780164],[6.184163,43.765608],[6.168652,43.751205],[6.140604,43.737609],[6.128623,43.736796],[6.110051,43.745574],[6.076455,43.707398],[6.060537,43.703544],[6.051557,43.697713],[6.035801,43.693609],[6.038668,43.678945],[6.021736,43.668282],[6.012244,43.674365],[6.005119,43.687588],[5.987775,43.695419],[5.98453,43.714488],[5.973457,43.715967],[5.964293,43.723865],[5.955925,43.720236],[5.942202,43.726637],[5.938409,43.74793],[5.927191,43.750915],[5.922656,43.757541],[5.903819,43.75291],[5.904111,43.736448],[5.886728,43.725209],[5.859683,43.723602],[5.849044,43.718174],[5.842415,43.735776],[5.831362,43.745883],[5.801339,43.75059],[5.781344,43.755654],[5.757337,43.729404],[5.74953,43.740041],[5.716721,43.756435],[5.713553,43.781117],[5.705733,43.779779],[5.685517,43.788121],[5.674483,43.807357],[5.659761,43.815811],[5.654449,43.825112],[5.625346,43.830675],[5.601024,43.826567],[5.574491,43.829957],[5.564251,43.820574],[5.54478,43.817612],[5.548763,43.834048],[5.548851,43.850286],[5.57266,43.862927],[5.590284,43.887228],[5.606562,43.91608],[5.582139,43.915673],[5.580233,43.925369],[5.569136,43.935891],[5.567633,43.942636],[5.544992,43.93905],[5.526877,43.947528],[5.512673,43.945397],[5.508,43.957312],[5.519414,43.994533],[5.526796,44.006348],[5.535884,44.012982],[5.543553,44.025561],[5.54518,44.049925],[5.542221,44.062213],[5.533592,44.067857],[5.516422,44.063248],[5.502642,44.063442],[5.49818,44.072678],[5.50042,44.099904],[5.498786,44.115716],[5.511192,44.124238],[5.541399,44.132632],[5.551331,44.149792],[5.569507,44.148099],[5.583033,44.157534],[5.564371,44.170902],[5.577193,44.18787],[5.594952,44.18766],[5.609327,44.190703],[5.616891,44.177943],[5.630414,44.174265],[5.639083,44.167481],[5.63114,44.150576],[5.657708,44.147529],[5.677643,44.148776],[5.682725,44.163487],[5.646127,44.167489],[5.64387,44.171928],[5.651586,44.189572],[5.676036,44.191428],[5.692087,44.186479],[5.710754,44.19455],[5.714914,44.199019],[5.740027,44.201947],[5.754536,44.209825],[5.775636,44.205812],[5.796981,44.213088],[5.812617,44.210386],[5.829664,44.200569],[5.844958,44.199679],[5.86852,44.193211],[5.887832,44.193745],[5.89043,44.190106],[5.909304,44.190462],[5.914743,44.203429],[5.894967,44.207123],[5.876425,44.214367],[5.87067,44.229281],[5.861613,44.235838],[5.859304,44.245071],[5.84029,44.253717],[5.826773,44.263029],[5.823145,44.276524],[5.836079,44.291733],[5.836122,44.297537],[5.849038,44.30066],[5.875491,44.290968],[5.874732,44.277258],[5.881503,44.269973],[5.90915,44.252357],[5.9197,44.25482],[5.92473,44.264583],[5.913326,44.269005],[5.916333,44.280651],[5.913346,44.288141],[5.92577,44.293238],[5.925138,44.313394],[5.911807,44.310743],[5.896094,44.318618],[5.904431,44.326915],[5.903251,44.337404],[5.918424,44.339141],[5.941045,44.366313],[5.941363,44.372658],[5.953541,44.395013],[5.979689,44.409504],[5.995623,44.412152],[6.02038,44.420054],[6.026309,44.434637],[6.059864,44.450144],[6.072639,44.451532],[6.08182,44.464199],[6.076863,44.469296],[6.082682,44.477401],[6.101781,44.472743],[6.115317,44.475577],[6.125681,44.468341],[6.155618,44.461963],[6.15625,44.442107],[6.16235,44.434422],[6.173949,44.43958],[6.184367,44.424159],[6.202736,44.412676],[6.227249,44.381737],[6.247593,44.389425],[6.262489,44.412252],[6.258888,44.423284],[6.246491,44.443555],[6.240254,44.447748],[6.233518,44.463744],[6.265202,44.466431],[6.270395,44.472053],[6.293494,44.480928],[6.298345,44.474459],[6.31186,44.466919],[6.324089,44.463477],[6.33822,44.47138],[6.341034,44.487983],[6.348272,44.498092],[6.332397,44.509999],[6.362004,44.522073],[6.370683,44.510429],[6.397566,44.491812],[6.407966,44.481845],[6.414787,44.469265],[6.423323,44.468052],[6.434618,44.474106],[6.445726,44.466055],[6.459019,44.464849],[6.468844,44.451735],[6.481649,44.454024],[6.498614,44.449281],[6.522066,44.448219],[6.534795,44.451611],[6.557636,44.445823],[6.577437,44.448096],[6.58886,44.445551],[6.600058,44.448679],[6.607463,44.446169],[6.632299,44.44691],[6.641667,44.48554],[6.651922,44.494072],[6.668494,44.5003],[6.682713,44.53093],[6.679942,44.541943],[6.704334,44.53937],[6.72841,44.552349],[6.739316,44.55375],[6.748749,44.56172],[6.752763,44.570504],[6.771241,44.575717],[6.76839,44.587419],[6.7822,44.594363],[6.792523,44.593257],[6.799945,44.604246],[6.808955,44.601991],[6.821859,44.608213],[6.844819,44.609847],[6.853303,44.61493],[6.859072,44.628842],[6.88218,44.630738],[6.900809,44.646159],[6.907605,44.656391],[6.9396,44.652058],[6.948443,44.654742]]]]}},{"type":"Feature","properties":{"NUTS_ID":"FRC21","LEVL_CODE":3,"CNTR_CODE":"FR","NAME_LATN":"Doubs","NUTS_NAME":"Doubs","MOUNT_TYPE":2,"URBN_TYPE":2,"COAST_TYPE":3,"FID":"FRC21"},"geometry":{"type":"MultiPolygon","coordinates":[[[[6.806999,47.5628],[6.816659,47.547922],[6.859874,47.547551],[6.883473,47.55533],[6.889831,47.550073],[6.901724,47.549875],[6.91628,47.531147],[6.912164,47.52739],[6.928343,47.518326],[6.945002,47.51334],[6.946495,47.487602],[6.935225,47.485617],[6.930188,47.500413],[6.907612,47.494548],[6.915715,47.478235],[6.907348,47.47289],[6.922734,47.466927],[6.93232,47.455818],[6.939186,47.433704],[6.941564,47.416425],[6.9386,47.406479],[6.917306,47.405472],[6.909542,47.396183],[6.91194,47.386184],[6.894964,47.381668],[6.884208,47.372779],[6.879806,47.35244],[6.901031,47.358768],[6.921085,47.355643],[6.974494,47.360295],[7.002289,47.366003],[7.012344,47.372795],[7.033652,47.367877],[7.048783,47.361211],[7.050806,47.347728],[7.060693,47.343711],[7.055385,47.333779],[7.046177,47.32728],[7.034439,47.328407],[7.009739,47.324367],[7.015738,47.313931],[7.007401,47.301307],[6.995833,47.29645],[6.977681,47.295967],[6.973467,47.291978],[6.947144,47.290889],[6.941606,47.285071],[6.951384,47.268978],[6.947223,47.252312],[6.955139,47.243168],[6.928717,47.228403],[6.92214,47.221814],[6.893108,47.20779],[6.880163,47.199736],[6.873119,47.185731],[6.841931,47.170795],[6.858914,47.165294],[6.849073,47.156382],[6.804551,47.13046],[6.765147,47.120334],[6.740527,47.107355],[6.745838,47.096671],[6.739036,47.090488],[6.725713,47.091177],[6.704259,47.081938],[6.70531,47.074448],[6.692625,47.066926],[6.701134,47.059368],[6.719744,47.052322],[6.696806,47.037498],[6.677939,47.035229],[6.657628,47.025437],[6.642157,47.004802],[6.633715,46.998545],[6.616761,46.991798],[6.596142,46.992527],[6.563462,46.979594],[6.519358,46.970838],[6.506622,46.966593],[6.496692,46.974193],[6.481333,46.964123],[6.459481,46.943073],[6.43275,46.928455],[6.463925,46.890982],[6.460011,46.851551],[6.442506,46.831878],[6.440681,46.816265],[6.430997,46.812328],[6.43463,46.80204],[6.457559,46.788251],[6.451692,46.773987],[6.438902,46.766372],[6.427585,46.755727],[6.400105,46.75018],[6.389507,46.743605],[6.385484,46.732109],[6.371773,46.730469],[6.352425,46.715145],[6.324136,46.706039],[6.298217,46.694492],[6.283108,46.690456],[6.270489,46.683201],[6.268796,46.677691],[6.219426,46.644909],[6.182067,46.621154],[6.175133,46.613983],[6.161225,46.609901],[6.153778,46.60376],[6.126114,46.589473],[6.110961,46.576656],[6.138106,46.557667],[6.131096,46.55357],[6.093425,46.577066],[6.068406,46.595948],[6.048568,46.607719],[6.061866,46.613821],[6.059155,46.624847],[6.081731,46.636538],[6.098172,46.642829],[6.104576,46.650723],[6.070859,46.688268],[6.112954,46.707747],[6.139945,46.725268],[6.180195,46.74144],[6.184253,46.754472],[6.206096,46.764558],[6.20333,46.772681],[6.175436,46.801074],[6.163639,46.802821],[6.152235,46.819523],[6.114028,46.835901],[6.105555,46.845299],[6.093272,46.842325],[6.085605,46.850386],[6.064779,46.860233],[6.055958,46.850388],[6.046167,46.848766],[6.024191,46.852552],[6.02697,46.864304],[6.025322,46.874342],[6.006736,46.873384],[6.011874,46.883165],[6.008429,46.895558],[6.000511,46.896235],[5.982547,46.907577],[5.983873,46.920973],[5.997219,46.933494],[5.980174,46.939355],[5.965481,46.947448],[5.956543,46.948497],[5.979783,46.963476],[5.967639,46.980122],[5.934154,46.983047],[5.922814,46.980019],[5.913039,46.989441],[5.910369,46.999851],[5.895992,46.996265],[5.884484,46.998476],[5.881565,47.005095],[5.855678,47.008818],[5.849103,47.005913],[5.839451,47.015347],[5.828633,47.012619],[5.814519,47.017659],[5.817147,47.039818],[5.810149,47.046808],[5.797657,47.043088],[5.799167,47.030751],[5.791862,47.022642],[5.770441,47.018151],[5.764418,47.012478],[5.749515,47.017244],[5.741603,47.030148],[5.752422,47.039488],[5.738307,47.048787],[5.746454,47.056443],[5.763068,47.045598],[5.784716,47.054913],[5.778612,47.07477],[5.769402,47.091044],[5.77704,47.096739],[5.78679,47.096686],[5.823299,47.141815],[5.813661,47.149895],[5.809721,47.160725],[5.811472,47.169051],[5.793614,47.174676],[5.785196,47.188524],[5.778964,47.192962],[5.761175,47.194198],[5.754356,47.206145],[5.739828,47.201038],[5.737883,47.208884],[5.720412,47.219933],[5.721187,47.230319],[5.714027,47.236011],[5.718323,47.24206],[5.698727,47.265],[5.71138,47.270574],[5.743569,47.264832],[5.757453,47.27633],[5.774968,47.280221],[5.783335,47.290197],[5.795296,47.289699],[5.815036,47.295139],[5.845061,47.300893],[5.860879,47.312928],[5.882705,47.321625],[5.895269,47.310764],[5.90206,47.314996],[5.896709,47.329073],[5.904072,47.333676],[5.92644,47.327072],[5.926701,47.344758],[5.963682,47.33721],[5.977326,47.32645],[5.992651,47.329306],[5.996649,47.339864],[6.010495,47.333165],[6.023552,47.332345],[6.037844,47.344749],[6.051,47.348935],[6.07373,47.351065],[6.080312,47.355097],[6.082013,47.371708],[6.100846,47.370743],[6.104395,47.378941],[6.120178,47.395974],[6.131507,47.387842],[6.152242,47.386118],[6.170056,47.391495],[6.172707,47.397779],[6.189252,47.40556],[6.171647,47.407945],[6.177482,47.416462],[6.193061,47.413913],[6.200902,47.428586],[6.22715,47.421358],[6.238998,47.431856],[6.250549,47.424667],[6.260856,47.428576],[6.263406,47.446071],[6.280177,47.443969],[6.28643,47.460507],[6.301265,47.469202],[6.29916,47.483219],[6.302502,47.491526],[6.31814,47.486183],[6.327273,47.493371],[6.331568,47.503452],[6.348674,47.505562],[6.368083,47.513491],[6.38979,47.506158],[6.395645,47.517632],[6.409552,47.521843],[6.440963,47.514716],[6.453691,47.51512],[6.47591,47.49654],[6.495897,47.505688],[6.522418,47.497257],[6.532899,47.50629],[6.545269,47.499094],[6.573516,47.49549],[6.583672,47.510341],[6.579599,47.525939],[6.568436,47.531842],[6.584924,47.542678],[6.596716,47.542065],[6.609056,47.531266],[6.62543,47.529499],[6.648114,47.536112],[6.670177,47.557901],[6.660462,47.572416],[6.688865,47.570804],[6.689797,47.560229],[6.715411,47.552914],[6.725944,47.560398],[6.740202,47.556428],[6.752888,47.543521],[6.767398,47.538013],[6.780663,47.536633],[6.785278,47.543409],[6.797498,47.549516],[6.801232,47.562361],[6.806999,47.5628]]]]}},{"type":"Feature","properties":{"NUTS_ID":"FRL03","LEVL_CODE":3,"CNTR_CODE":"FR","NAME_LATN":"Alpes-Maritimes","NUTS_NAME":"Alpes-Maritimes","MOUNT_TYPE":2,"URBN_TYPE":1,"COAST_TYPE":1,"FID":"FRL03"},"geometry":{"type":"MultiPolygon","coordinates":[[[[7.714236,44.061513],[7.704716,44.053576],[7.700599,44.04126],[7.688105,44.038795],[7.674243,44.029971],[7.664028,44.029849],[7.663229,44.014756],[7.67052,43.998405],[7.662274,43.986855],[7.655962,43.984694],[7.651609,43.974175],[7.643658,43.973578],[7.631298,43.964556],[7.611796,43.95584],[7.601923,43.957325],[7.587468,43.954787],[7.581542,43.948159],[7.567983,43.943055],[7.572966,43.936224],[7.567191,43.922735],[7.55951,43.917704],[7.563168,43.902419],[7.559551,43.897398],[7.537916,43.892788],[7.512005,43.882532],[7.498188,43.870837],[7.495307,43.862715],[7.496776,43.84939],[7.507156,43.841518],[7.518339,43.803009],[7.527304,43.792651],[7.529827,43.784008],[7.51566,43.782951],[7.508276,43.774563],[7.497601,43.771588],[7.47575,43.75097],[7.46066,43.759998],[7.445645,43.75097],[7.437358,43.751632],[7.413383,43.734577],[7.415697,43.72591],[7.397919,43.719178],[7.38326,43.722648],[7.372983,43.718671],[7.359311,43.721942],[7.336828,43.709796],[7.32944,43.701973],[7.335272,43.690122],[7.33398,43.677809],[7.324786,43.6773],[7.32103,43.688125],[7.325164,43.695279],[7.318369,43.705484],[7.307307,43.697813],[7.303641,43.68598],[7.295006,43.686318],[7.289819,43.692771],[7.260951,43.694165],[7.247894,43.691137],[7.232204,43.680789],[7.229579,43.6655],[7.213122,43.65233],[7.202209,43.651408],[7.192961,43.657768],[7.167396,43.657024],[7.149719,43.648049],[7.137531,43.635754],[7.130082,43.617802],[7.125892,43.596843],[7.129666,43.582154],[7.125827,43.574137],[7.13989,43.569137],[7.136261,43.558329],[7.142386,43.550659],[7.134074,43.544697],[7.118222,43.548225],[7.121448,43.558329],[7.112818,43.566769],[7.100317,43.570507],[7.086503,43.569763],[7.069278,43.562607],[7.057718,43.550384],[7.041404,43.541039],[7.014934,43.550466],[7.010366,43.54793],[6.99151,43.548711],[6.972895,43.545597],[6.959913,43.540298],[6.938364,43.516392],[6.93848,43.509379],[6.953276,43.50571],[6.955211,43.497001],[6.946845,43.490945],[6.947567,43.484373],[6.931326,43.480258],[6.913812,43.482766],[6.912657,43.493681],[6.884229,43.502536],[6.894964,43.518634],[6.895454,43.526792],[6.879136,43.532449],[6.887806,43.552744],[6.897638,43.557434],[6.907887,43.571699],[6.898882,43.581105],[6.911993,43.598329],[6.894475,43.611026],[6.882993,43.606434],[6.865722,43.604492],[6.85088,43.607205],[6.83846,43.617641],[6.813548,43.630523],[6.803091,43.626787],[6.791967,43.633989],[6.794067,43.638817],[6.77608,43.659195],[6.765195,43.660905],[6.760295,43.673257],[6.765409,43.688492],[6.774698,43.693846],[6.773436,43.704476],[6.767519,43.710604],[6.766575,43.721044],[6.757406,43.726243],[6.752512,43.739971],[6.744929,43.737168],[6.718971,43.738333],[6.713914,43.746007],[6.701394,43.754065],[6.682713,43.75794],[6.661346,43.747937],[6.65742,43.748715],[6.652165,43.765158],[6.64047,43.769759],[6.645286,43.776645],[6.637799,43.780959],[6.636391,43.788947],[6.643096,43.795495],[6.68833,43.80388],[6.709828,43.81066],[6.709809,43.818817],[6.702801,43.824231],[6.676334,43.83101],[6.671461,43.841522],[6.678699,43.851567],[6.698639,43.857879],[6.695671,43.875432],[6.677193,43.879848],[6.670719,43.887744],[6.699099,43.883271],[6.748392,43.871681],[6.757927,43.876677],[6.771333,43.878589],[6.781618,43.883553],[6.799941,43.909633],[6.832287,43.918459],[6.851314,43.913925],[6.854484,43.908328],[6.866279,43.905037],[6.884494,43.89049],[6.921973,43.893394],[6.942274,43.897262],[6.941633,43.903804],[6.929942,43.909856],[6.912208,43.927937],[6.895545,43.927627],[6.880646,43.93899],[6.874179,43.952966],[6.84817,43.954996],[6.844855,43.977837],[6.834707,43.983281],[6.838728,43.9897],[6.80652,44.001579],[6.795566,44.008117],[6.788624,44.022753],[6.77458,44.02462],[6.745692,44.042827],[6.747627,44.064792],[6.755286,44.078602],[6.736094,44.103133],[6.719086,44.118299],[6.708289,44.124119],[6.704421,44.136344],[6.707131,44.143524],[6.698936,44.149377],[6.699052,44.156856],[6.687368,44.167825],[6.701231,44.17753],[6.699085,44.19075],[6.706808,44.201067],[6.717596,44.209022],[6.714081,44.218225],[6.725011,44.226278],[6.721682,44.234517],[6.723989,44.249843],[6.736018,44.252659],[6.742478,44.25822],[6.75783,44.261745],[6.758705,44.274042],[6.763094,44.278992],[6.790339,44.27234],[6.787078,44.289705],[6.795906,44.299251],[6.795253,44.314028],[6.806226,44.321508],[6.810345,44.331274],[6.822832,44.333274],[6.840409,44.345844],[6.856274,44.343608],[6.887428,44.361287],[6.905845,44.357985],[6.92096,44.351807],[6.92755,44.332928],[6.94498,44.321565],[6.952755,44.319425],[6.960322,44.309674],[6.95708,44.296087],[6.970502,44.293461],[6.99478,44.279544],[6.997241,44.251486],[7.008052,44.236211],[7.029669,44.231012],[7.038046,44.224185],[7.069482,44.23242],[7.086759,44.22847],[7.092453,44.221051],[7.115038,44.217027],[7.146471,44.200271],[7.163344,44.207495],[7.177683,44.197908],[7.189111,44.19885],[7.193601,44.18719],[7.201858,44.186291],[7.206028,44.179111],[7.220159,44.168892],[7.241659,44.17249],[7.248908,44.158718],[7.262373,44.148156],[7.281484,44.141448],[7.290065,44.145344],[7.319627,44.143273],[7.344075,44.144795],[7.358248,44.11682],[7.369577,44.117272],[7.393325,44.124889],[7.421681,44.113327],[7.430846,44.129807],[7.460693,44.126478],[7.470846,44.132166],[7.483347,44.134039],[7.495014,44.141148],[7.509427,44.143098],[7.52286,44.138373],[7.532414,44.147324],[7.556386,44.147504],[7.571217,44.15268],[7.595333,44.152214],[7.618731,44.149875],[7.626711,44.158648],[7.631924,44.172526],[7.642556,44.178091],[7.684466,44.173949],[7.680374,44.164188],[7.671238,44.156651],[7.678503,44.146883],[7.666834,44.13178],[7.67457,44.117967],[7.68901,44.108885],[7.698209,44.096704],[7.717596,44.082824],[7.713625,44.074765],[7.714236,44.061513]]]]}},{"type":"Feature","properties":{"NUTS_ID":"FRL06","LEVL_CODE":3,"CNTR_CODE":"FR","NAME_LATN":"Vaucluse","NUTS_NAME":"Vaucluse","MOUNT_TYPE":2,"URBN_TYPE":2,"COAST_TYPE":3,"FID":"FRL06"},"geometry":{"type":"MultiPolygon","coordinates":[[[[4.650611,44.329803],[4.680201,44.320673],[4.713017,44.320649],[4.721664,44.326587],[4.762995,44.325095],[4.77183,44.317465],[4.779674,44.319368],[4.790492,44.307533],[4.804566,44.303897],[4.804001,44.269201],[4.812371,44.25803],[4.812138,44.242056],[4.81506,44.23171],[4.825548,44.228568],[4.840341,44.236125],[4.84322,44.240947],[4.865949,44.24957],[4.867402,44.255752],[4.880253,44.26177],[4.901287,44.264275],[4.900279,44.259039],[4.932908,44.262153],[4.94271,44.269004],[4.959892,44.274193],[4.984964,44.285854],[5.004358,44.28639],[5.021266,44.295296],[5.045906,44.301586],[5.06056,44.308137],[5.06774,44.300493],[5.070563,44.289778],[5.076515,44.284084],[5.109675,44.281563],[5.149569,44.301518],[5.151957,44.309773],[5.166435,44.314853],[5.172896,44.307673],[5.167478,44.290353],[5.149693,44.281449],[5.147453,44.269166],[5.160151,44.26589],[5.16155,44.245589],[5.151812,44.238309],[5.155923,44.230234],[5.17626,44.220728],[5.189964,44.219656],[5.206685,44.214222],[5.238146,44.213233],[5.240452,44.230825],[5.252296,44.231202],[5.292243,44.214464],[5.297606,44.207931],[5.318382,44.209429],[5.335734,44.204377],[5.355297,44.213853],[5.384534,44.201184],[5.381263,44.192223],[5.385911,44.186605],[5.383237,44.155285],[5.393655,44.152274],[5.41588,44.154803],[5.426894,44.149484],[5.435751,44.152249],[5.437584,44.139474],[5.447572,44.136752],[5.449626,44.123738],[5.454715,44.119226],[5.498786,44.115716],[5.50042,44.099904],[5.49818,44.072678],[5.502642,44.063442],[5.516422,44.063248],[5.533592,44.067857],[5.542221,44.062213],[5.54518,44.049925],[5.543553,44.025561],[5.535884,44.012982],[5.526796,44.006348],[5.519414,43.994533],[5.508,43.957312],[5.512673,43.945397],[5.526877,43.947528],[5.544992,43.93905],[5.567633,43.942636],[5.569136,43.935891],[5.580233,43.925369],[5.582139,43.915673],[5.606562,43.91608],[5.590284,43.887228],[5.57266,43.862927],[5.548851,43.850286],[5.548763,43.834048],[5.54478,43.817612],[5.564251,43.820574],[5.574491,43.829957],[5.601024,43.826567],[5.625346,43.830675],[5.654449,43.825112],[5.659761,43.815811],[5.674483,43.807357],[5.685517,43.788121],[5.705733,43.779779],[5.713553,43.781117],[5.716721,43.756435],[5.74953,43.740041],[5.757337,43.729404],[5.753645,43.724619],[5.736947,43.716002],[5.717354,43.693529],[5.705226,43.689922],[5.673593,43.693654],[5.657519,43.685759],[5.642949,43.672546],[5.631489,43.667349],[5.6136,43.663739],[5.606943,43.658686],[5.587702,43.6613],[5.560381,43.661613],[5.53145,43.659007],[5.501442,43.666384],[5.488085,43.667643],[5.450452,43.679593],[5.439242,43.681108],[5.406724,43.695692],[5.338838,43.720704],[5.317839,43.735622],[5.275269,43.741282],[5.255713,43.74656],[5.229298,43.747556],[5.187976,43.735099],[5.173317,43.738805],[5.051485,43.78788],[5.044073,43.794406],[5.041158,43.810948],[5.029535,43.827795],[4.997645,43.844853],[4.976475,43.865608],[4.966304,43.871649],[4.924876,43.886782],[4.903356,43.887499],[4.885231,43.900149],[4.853093,43.911385],[4.82173,43.912829],[4.739059,43.924062],[4.750194,43.932079],[4.769547,43.934298],[4.77838,43.937772],[4.797153,43.956719],[4.808,43.960029],[4.815055,43.967622],[4.810147,43.977043],[4.812467,43.987661],[4.840258,43.985678],[4.84555,43.996677],[4.843333,44.009858],[4.838779,44.014509],[4.818388,44.019051],[4.816167,44.032145],[4.789118,44.052194],[4.78798,44.065057],[4.769432,44.071525],[4.760521,44.078941],[4.760631,44.086886],[4.74884,44.087228],[4.724878,44.078634],[4.718791,44.092501],[4.706073,44.107746],[4.710738,44.118458],[4.711705,44.134738],[4.719116,44.146097],[4.716116,44.165974],[4.721657,44.18688],[4.706849,44.192662],[4.704445,44.200568],[4.709712,44.206925],[4.706546,44.214425],[4.694165,44.215435],[4.676645,44.212569],[4.672928,44.218599],[4.677992,44.227945],[4.674841,44.238547],[4.654065,44.254338],[4.649228,44.27036],[4.653471,44.302097],[4.649317,44.311559],[4.650611,44.329803]]],[[[4.990748,44.420539],[5.001069,44.412605],[5.010478,44.4109],[5.016499,44.393287],[5.034451,44.390586],[5.047237,44.381781],[5.061795,44.383892],[5.070316,44.376447],[5.051617,44.36443],[5.025794,44.360725],[5.021266,44.344224],[5.009002,44.333764],[5.013781,44.325787],[4.998902,44.319592],[4.991732,44.312481],[4.987018,44.292713],[4.97965,44.29748],[4.959452,44.298748],[4.943234,44.30619],[4.921841,44.308793],[4.890911,44.305615],[4.891492,44.313167],[4.881634,44.324867],[4.895327,44.338062],[4.872144,44.349593],[4.890169,44.359975],[4.894824,44.368496],[4.907085,44.37463],[4.911869,44.387896],[4.909674,44.396721],[4.918514,44.407787],[4.959273,44.419783],[4.971749,44.431081],[4.978971,44.424031],[4.990748,44.420539]]]]}},{"type":"Feature","properties":{"NUTS_ID":"FRK23","LEVL_CODE":3,"CNTR_CODE":"FR","NAME_LATN":"Drôme","NUTS_NAME":"Drôme","MOUNT_TYPE":2,"URBN_TYPE":3,"COAST_TYPE":3,"FID":"FRK23"},"geometry":{"type":"MultiPolygon","coordinates":[[[[5.80147,44.706777],[5.825029,44.701274],[5.829764,44.690213],[5.826077,44.686159],[5.801339,44.674723],[5.790624,44.653293],[5.765275,44.655556],[5.754656,44.662166],[5.74843,44.654912],[5.752349,44.648821],[5.735541,44.648312],[5.737374,44.640767],[5.726222,44.639419],[5.7068,44.642714],[5.680376,44.651717],[5.666921,44.648992],[5.651546,44.655211],[5.641718,44.651077],[5.639255,44.635164],[5.643065,44.622169],[5.649467,44.619375],[5.646326,44.609513],[5.636587,44.604612],[5.627479,44.594966],[5.626323,44.586621],[5.618269,44.583732],[5.614631,44.572857],[5.607145,44.568344],[5.597253,44.543273],[5.61499,44.532773],[5.627404,44.533996],[5.657825,44.510603],[5.664504,44.501895],[5.650068,44.499164],[5.634766,44.502442],[5.62635,44.498091],[5.624596,44.48498],[5.617786,44.474636],[5.603641,44.465497],[5.595079,44.466508],[5.570304,44.476755],[5.558779,44.47307],[5.549716,44.479897],[5.517985,44.491058],[5.480392,44.491406],[5.470847,44.499997],[5.458414,44.499389],[5.458905,44.488521],[5.466906,44.473967],[5.459056,44.467704],[5.466395,44.447343],[5.49549,44.438802],[5.493615,44.428217],[5.486045,44.428966],[5.475305,44.420048],[5.464193,44.425877],[5.438586,44.43355],[5.418398,44.424768],[5.423155,44.416555],[5.43325,44.411052],[5.442268,44.392189],[5.443182,44.37928],[5.43077,44.375922],[5.438319,44.367401],[5.462787,44.367237],[5.469033,44.351576],[5.480835,44.350082],[5.492943,44.337132],[5.503005,44.344048],[5.520637,44.350349],[5.528456,44.343671],[5.539119,44.342093],[5.538058,44.333842],[5.550033,44.330589],[5.560689,44.334923],[5.574342,44.332273],[5.603223,44.333694],[5.631921,44.329055],[5.611785,44.315533],[5.626451,44.301518],[5.636249,44.300769],[5.632672,44.28285],[5.64751,44.272475],[5.675606,44.275887],[5.685737,44.267801],[5.674546,44.257091],[5.674412,44.239118],[5.682471,44.234397],[5.676021,44.212146],[5.686443,44.197158],[5.676036,44.191428],[5.651586,44.189572],[5.64387,44.171928],[5.646127,44.167489],[5.682725,44.163487],[5.677643,44.148776],[5.657708,44.147529],[5.63114,44.150576],[5.639083,44.167481],[5.630414,44.174265],[5.616891,44.177943],[5.609327,44.190703],[5.594952,44.18766],[5.577193,44.18787],[5.564371,44.170902],[5.583033,44.157534],[5.569507,44.148099],[5.551331,44.149792],[5.541399,44.132632],[5.511192,44.124238],[5.498786,44.115716],[5.454715,44.119226],[5.449626,44.123738],[5.447572,44.136752],[5.437584,44.139474],[5.435751,44.152249],[5.426894,44.149484],[5.41588,44.154803],[5.393655,44.152274],[5.383237,44.155285],[5.385911,44.186605],[5.381263,44.192223],[5.384534,44.201184],[5.355297,44.213853],[5.335734,44.204377],[5.318382,44.209429],[5.297606,44.207931],[5.292243,44.214464],[5.252296,44.231202],[5.240452,44.230825],[5.238146,44.213233],[5.206685,44.214222],[5.189964,44.219656],[5.17626,44.220728],[5.155923,44.230234],[5.151812,44.238309],[5.16155,44.245589],[5.160151,44.26589],[5.147453,44.269166],[5.149693,44.281449],[5.167478,44.290353],[5.172896,44.307673],[5.166435,44.314853],[5.151957,44.309773],[5.149569,44.301518],[5.109675,44.281563],[5.076515,44.284084],[5.070563,44.289778],[5.06774,44.300493],[5.06056,44.308137],[5.045906,44.301586],[5.021266,44.295296],[5.004358,44.28639],[4.984964,44.285854],[4.959892,44.274193],[4.94271,44.269004],[4.932908,44.262153],[4.900279,44.259039],[4.901287,44.264275],[4.880253,44.26177],[4.867402,44.255752],[4.865949,44.24957],[4.84322,44.240947],[4.840341,44.236125],[4.825548,44.228568],[4.81506,44.23171],[4.812138,44.242056],[4.812371,44.25803],[4.804001,44.269201],[4.804566,44.303897],[4.790492,44.307533],[4.779674,44.319368],[4.77183,44.317465],[4.762995,44.325095],[4.721664,44.326587],[4.713017,44.320649],[4.680201,44.320673],[4.650611,44.329803],[4.646822,44.348379],[4.649111,44.373322],[4.664367,44.398945],[4.664278,44.418974],[4.670307,44.434832],[4.687845,44.439838],[4.695316,44.445804],[4.700705,44.462576],[4.699484,44.480784],[4.688958,44.492932],[4.688201,44.505508],[4.692939,44.516851],[4.703122,44.524558],[4.706511,44.531857],[4.693757,44.542088],[4.692774,44.558538],[4.706645,44.565907],[4.710269,44.581547],[4.726862,44.583905],[4.74117,44.588775],[4.740406,44.602388],[4.762962,44.635904],[4.772746,44.642409],[4.778843,44.658795],[4.77566,44.665469],[4.780135,44.685014],[4.774156,44.694594],[4.770856,44.707768],[4.763291,44.717248],[4.764159,44.732041],[4.759012,44.748171],[4.768966,44.756698],[4.761045,44.771215],[4.766539,44.778762],[4.782771,44.783055],[4.795663,44.793765],[4.799805,44.811926],[4.822053,44.817584],[4.820156,44.836231],[4.844371,44.846015],[4.844346,44.857264],[4.860322,44.872631],[4.860614,44.880768],[4.854729,44.889766],[4.856654,44.902151],[4.868828,44.90981],[4.873797,44.92217],[4.885564,44.934651],[4.885333,44.940956],[4.874276,44.956365],[4.862724,44.963551],[4.852569,44.979531],[4.851854,44.993766],[4.837674,45.004788],[4.837489,45.011726],[4.845598,45.021043],[4.840335,45.035786],[4.854095,45.046252],[4.860751,45.055427],[4.854481,45.063437],[4.831648,45.070271],[4.827739,45.076839],[4.831846,45.08967],[4.827359,45.102146],[4.817895,45.108199],[4.803823,45.122714],[4.804125,45.131266],[4.828573,45.154237],[4.809,45.169731],[4.812026,45.179931],[4.805862,45.191754],[4.81221,45.204949],[4.802581,45.226934],[4.801765,45.247031],[4.810189,45.262243],[4.808979,45.290575],[4.80049,45.298357],[4.858804,45.308952],[4.85861,45.298516],[4.879707,45.296929],[4.89721,45.304826],[4.903058,45.31019],[4.928174,45.322732],[4.941524,45.327426],[4.959774,45.329559],[4.965612,45.334846],[4.988251,45.343511],[5.009649,45.34223],[5.020651,45.319291],[5.054322,45.319051],[5.059108,45.313623],[5.075412,45.281827],[5.087002,45.286097],[5.109444,45.288063],[5.122222,45.298179],[5.138791,45.296434],[5.131054,45.285072],[5.129931,45.267951],[5.124308,45.260329],[5.122189,45.245435],[5.140638,45.243671],[5.153105,45.256304],[5.158696,45.246912],[5.176546,45.248399],[5.182784,45.241579],[5.18457,45.23119],[5.201718,45.2174],[5.178709,45.216974],[5.16742,45.210133],[5.168436,45.197776],[5.175592,45.181177],[5.188557,45.170965],[5.190659,45.153939],[5.18289,45.148947],[5.190058,45.140081],[5.186798,45.134314],[5.186894,45.120126],[5.180327,45.112049],[5.162894,45.098426],[5.154177,45.080247],[5.145688,45.076558],[5.156991,45.067198],[5.171182,45.069015],[5.17832,45.082433],[5.187023,45.084919],[5.208205,45.08422],[5.226124,45.079181],[5.230376,45.0725],[5.244518,45.066972],[5.244583,45.06067],[5.278591,45.060398],[5.300645,45.062587],[5.308314,45.053516],[5.31785,45.051342],[5.33621,45.062146],[5.344269,45.049724],[5.37213,45.043448],[5.385438,45.035392],[5.397266,45.038331],[5.394104,45.044187],[5.411548,45.045214],[5.423893,45.054527],[5.435081,45.054902],[5.438877,45.063151],[5.460983,45.086425],[5.469302,45.088594],[5.48296,45.083814],[5.49419,45.071666],[5.475893,45.070816],[5.466496,45.05362],[5.465232,45.043544],[5.478032,45.033648],[5.476047,45.025017],[5.483614,45.022787],[5.480403,45.012876],[5.493592,44.996135],[5.488355,44.989658],[5.477676,44.966755],[5.483565,44.923009],[5.48023,44.897233],[5.470606,44.879503],[5.475009,44.867049],[5.463798,44.825974],[5.48477,44.823064],[5.47748,44.816214],[5.475498,44.807435],[5.459356,44.800063],[5.463998,44.793248],[5.478787,44.792561],[5.482021,44.786585],[5.535887,44.775401],[5.554091,44.768163],[5.553215,44.778687],[5.544521,44.789156],[5.546106,44.795124],[5.582044,44.777866],[5.586972,44.76358],[5.608521,44.755645],[5.626314,44.753294],[5.63591,44.732843],[5.647099,44.7241],[5.661244,44.720721],[5.670788,44.724096],[5.708992,44.721593],[5.719097,44.714389],[5.737619,44.712372],[5.746536,44.70163],[5.756741,44.6967],[5.774042,44.698113],[5.80147,44.706777]],[[4.990748,44.420539],[4.978971,44.424031],[4.971749,44.431081],[4.959273,44.419783],[4.918514,44.407787],[4.909674,44.396721],[4.911869,44.387896],[4.907085,44.37463],[4.894824,44.368496],[4.890169,44.359975],[4.872144,44.349593],[4.895327,44.338062],[4.881634,44.324867],[4.891492,44.313167],[4.890911,44.305615],[4.921841,44.308793],[4.943234,44.30619],[4.959452,44.298748],[4.97965,44.29748],[4.987018,44.292713],[4.991732,44.312481],[4.998902,44.319592],[5.013781,44.325787],[5.009002,44.333764],[5.021266,44.344224],[5.025794,44.360725],[5.051617,44.36443],[5.070316,44.376447],[5.061795,44.383892],[5.047237,44.381781],[5.034451,44.390586],[5.016499,44.393287],[5.010478,44.4109],[5.001069,44.412605],[4.990748,44.420539]]]]}},{"type":"Feature","properties":{"NUTS_ID":"FRK24","LEVL_CODE":3,"CNTR_CODE":"FR","NAME_LATN":"Isère","NUTS_NAME":"Isère","MOUNT_TYPE":2,"URBN_TYPE":2,"COAST_TYPE":3,"FID":"FRK24"},"geometry":{"type":"MultiPolygon","coordinates":[[[[5.623743,45.613268],[5.623021,45.604282],[5.645157,45.583778],[5.646907,45.577018],[5.661488,45.56609],[5.669834,45.563224],[5.675186,45.552766],[5.67072,45.537752],[5.676136,45.531192],[5.691103,45.527887],[5.691247,45.521805],[5.701052,45.517683],[5.701649,45.509003],[5.710816,45.502288],[5.719737,45.483396],[5.736528,45.471856],[5.735835,45.45747],[5.732036,45.451867],[5.739983,45.437578],[5.757663,45.434922],[5.766622,45.440027],[5.782851,45.441634],[5.796823,45.438192],[5.809944,45.42576],[5.819246,45.421623],[5.853689,45.416789],[5.861123,45.40955],[5.881143,45.40627],[5.890447,45.400176],[5.891843,45.391665],[5.909253,45.391119],[5.9276,45.415731],[5.909168,45.408687],[5.901686,45.417495],[5.904454,45.432306],[5.91441,45.435949],[5.921408,45.444234],[5.925512,45.466077],[5.915369,45.476443],[5.953359,45.48481],[5.967043,45.492153],[5.981954,45.486482],[5.990222,45.475829],[6.010292,45.472645],[6.008517,45.453848],[6.049233,45.437803],[6.063161,45.444228],[6.096409,45.442077],[6.094513,45.432054],[6.120569,45.438663],[6.13096,45.434838],[6.144674,45.414092],[6.1769,45.393266],[6.190916,45.368842],[6.174675,45.355681],[6.19476,45.352244],[6.190857,45.345702],[6.184445,45.317952],[6.155588,45.311771],[6.152835,45.303633],[6.132155,45.287827],[6.133103,45.271533],[6.138839,45.266501],[6.138287,45.2559],[6.1257,45.244269],[6.128018,45.231272],[6.141296,45.221653],[6.138656,45.213178],[6.158508,45.203182],[6.161919,45.188405],[6.15377,45.170595],[6.146633,45.165415],[6.146215,45.153939],[6.158317,45.150875],[6.169247,45.153939],[6.180997,45.164852],[6.190683,45.163451],[6.210185,45.155497],[6.223535,45.142182],[6.251033,45.149764],[6.265014,45.139318],[6.26057,45.126844],[6.246476,45.119839],[6.229483,45.108141],[6.230097,45.097856],[6.243396,45.070192],[6.22008,45.065369],[6.214967,45.048306],[6.209102,45.04141],[6.209147,45.029566],[6.202963,45.022442],[6.203924,45.012471],[6.251761,44.9967],[6.285183,45.000114],[6.306396,45.004751],[6.318202,45.003859],[6.322736,44.998764],[6.316826,44.990328],[6.315653,44.979842],[6.32891,44.968357],[6.323682,44.961781],[6.323739,44.952585],[6.330485,44.94695],[6.358166,44.941575],[6.353558,44.925565],[6.358589,44.906542],[6.354545,44.897712],[6.358493,44.88786],[6.350564,44.876309],[6.354608,44.854787],[6.336316,44.84837],[6.321224,44.853527],[6.316798,44.861417],[6.304217,44.872858],[6.294397,44.874052],[6.268314,44.869712],[6.258932,44.863866],[6.248266,44.851969],[6.225049,44.852345],[6.196376,44.858978],[6.187752,44.85409],[6.169664,44.852389],[6.157223,44.858631],[6.144885,44.858555],[6.132986,44.864031],[6.112428,44.844924],[6.101521,44.842539],[6.056496,44.815811],[6.050245,44.818775],[6.030215,44.838098],[6.015539,44.835274],[6.00486,44.820439],[5.996166,44.817874],[5.979185,44.818588],[5.949521,44.804527],[5.953059,44.80041],[5.977779,44.790983],[5.980275,44.781177],[5.953165,44.77131],[5.951122,44.759618],[5.93826,44.763095],[5.919687,44.752375],[5.910021,44.75755],[5.891637,44.754667],[5.885449,44.747284],[5.866212,44.751343],[5.848526,44.7514],[5.827098,44.759688],[5.828892,44.741653],[5.818422,44.730957],[5.81068,44.713269],[5.80147,44.706777],[5.774042,44.698113],[5.756741,44.6967],[5.746536,44.70163],[5.737619,44.712372],[5.719097,44.714389],[5.708992,44.721593],[5.670788,44.724096],[5.661244,44.720721],[5.647099,44.7241],[5.63591,44.732843],[5.626314,44.753294],[5.608521,44.755645],[5.586972,44.76358],[5.582044,44.777866],[5.546106,44.795124],[5.544521,44.789156],[5.553215,44.778687],[5.554091,44.768163],[5.535887,44.775401],[5.482021,44.786585],[5.478787,44.792561],[5.463998,44.793248],[5.459356,44.800063],[5.475498,44.807435],[5.47748,44.816214],[5.48477,44.823064],[5.463798,44.825974],[5.475009,44.867049],[5.470606,44.879503],[5.48023,44.897233],[5.483565,44.923009],[5.477676,44.966755],[5.488355,44.989658],[5.493592,44.996135],[5.480403,45.012876],[5.483614,45.022787],[5.476047,45.025017],[5.478032,45.033648],[5.465232,45.043544],[5.466496,45.05362],[5.475893,45.070816],[5.49419,45.071666],[5.48296,45.083814],[5.469302,45.088594],[5.460983,45.086425],[5.438877,45.063151],[5.435081,45.054902],[5.423893,45.054527],[5.411548,45.045214],[5.394104,45.044187],[5.397266,45.038331],[5.385438,45.035392],[5.37213,45.043448],[5.344269,45.049724],[5.33621,45.062146],[5.31785,45.051342],[5.308314,45.053516],[5.300645,45.062587],[5.278591,45.060398],[5.244583,45.06067],[5.244518,45.066972],[5.230376,45.0725],[5.226124,45.079181],[5.208205,45.08422],[5.187023,45.084919],[5.17832,45.082433],[5.171182,45.069015],[5.156991,45.067198],[5.145688,45.076558],[5.154177,45.080247],[5.162894,45.098426],[5.180327,45.112049],[5.186894,45.120126],[5.186798,45.134314],[5.190058,45.140081],[5.18289,45.148947],[5.190659,45.153939],[5.188557,45.170965],[5.175592,45.181177],[5.168436,45.197776],[5.16742,45.210133],[5.178709,45.216974],[5.201718,45.2174],[5.18457,45.23119],[5.182784,45.241579],[5.176546,45.248399],[5.158696,45.246912],[5.153105,45.256304],[5.140638,45.243671],[5.122189,45.245435],[5.124308,45.260329],[5.129931,45.267951],[5.131054,45.285072],[5.138791,45.296434],[5.122222,45.298179],[5.109444,45.288063],[5.087002,45.286097],[5.075412,45.281827],[5.059108,45.313623],[5.054322,45.319051],[5.020651,45.319291],[5.009649,45.34223],[4.988251,45.343511],[4.965612,45.334846],[4.959774,45.329559],[4.941524,45.327426],[4.928174,45.322732],[4.903058,45.31019],[4.89721,45.304826],[4.879707,45.296929],[4.85861,45.298516],[4.858804,45.308952],[4.80049,45.298357],[4.788935,45.306705],[4.769932,45.316014],[4.760533,45.32746],[4.763779,45.344483],[4.773077,45.346748],[4.773245,45.354198],[4.756,45.365675],[4.759104,45.383289],[4.754847,45.397786],[4.745105,45.407696],[4.743795,45.420248],[4.758667,45.431094],[4.755529,45.447048],[4.756931,45.455704],[4.779474,45.455033],[4.78228,45.472208],[4.813119,45.483859],[4.825088,45.495339],[4.841452,45.500599],[4.871812,45.527638],[4.866015,45.53668],[4.841954,45.542712],[4.829619,45.548974],[4.81232,45.570286],[4.782427,45.580684],[4.777129,45.587395],[4.829948,45.587524],[4.857587,45.57652],[4.866784,45.595396],[4.882336,45.601794],[4.903473,45.606346],[4.927081,45.605718],[4.936593,45.608918],[4.960376,45.610073],[4.970925,45.613199],[4.997961,45.60341],[5.00474,45.622544],[5.035576,45.613424],[5.043646,45.621332],[5.035146,45.637204],[5.040555,45.647099],[5.058061,45.653336],[5.054029,45.66005],[5.081083,45.676972],[5.10748,45.688241],[5.104284,45.698296],[5.120045,45.700566],[5.130699,45.706931],[5.143506,45.700567],[5.159735,45.708897],[5.159237,45.715246],[5.145095,45.719981],[5.133751,45.733394],[5.124592,45.737985],[5.094526,45.73945],[5.089673,45.751051],[5.091594,45.767679],[5.069393,45.765482],[5.059732,45.782137],[5.059329,45.791976],[5.089299,45.785133],[5.101069,45.813379],[5.12173,45.811177],[5.144196,45.804568],[5.160363,45.802317],[5.16791,45.79515],[5.177085,45.793387],[5.192864,45.771382],[5.216213,45.768895],[5.228968,45.770502],[5.248262,45.781392],[5.266894,45.789371],[5.275553,45.800893],[5.29062,45.814183],[5.290784,45.820841],[5.299708,45.834696],[5.302494,45.848127],[5.314191,45.858307],[5.329969,45.8641],[5.340919,45.880509],[5.351021,45.883706],[5.372349,45.874264],[5.384171,45.865481],[5.398575,45.860317],[5.416314,45.848038],[5.418252,45.840106],[5.427035,45.837074],[5.43633,45.827184],[5.42519,45.82488],[5.420475,45.818886],[5.422518,45.807126],[5.438571,45.795434],[5.447082,45.78619],[5.457404,45.780997],[5.48253,45.754589],[5.517514,45.731182],[5.524958,45.717645],[5.545544,45.713591],[5.553454,45.708404],[5.553489,45.701566],[5.570022,45.697143],[5.575614,45.69108],[5.565015,45.684648],[5.557292,45.696338],[5.548344,45.69873],[5.545671,45.687472],[5.554074,45.672556],[5.586405,45.667072],[5.588113,45.65988],[5.601826,45.652325],[5.605056,45.634564],[5.623743,45.613268]]]]}},{"type":"Feature","properties":{"NUTS_ID":"FRK26","LEVL_CODE":3,"CNTR_CODE":"FR","NAME_LATN":"Rhône","NUTS_NAME":"Rhône","MOUNT_TYPE":2,"URBN_TYPE":1,"COAST_TYPE":3,"FID":"FRK26"},"geometry":{"type":"MultiPolygon","coordinates":[[[[4.780209,46.176676],[4.785669,46.166972],[4.802553,46.156433],[4.795946,46.139159],[4.772066,46.117624],[4.7711,46.110444],[4.74842,46.092117],[4.748221,46.083211],[4.755331,46.080178],[4.761683,46.068835],[4.755169,46.057499],[4.739525,46.047211],[4.746978,46.031525],[4.744,46.018177],[4.7486,46.009663],[4.749876,45.984387],[4.754122,45.976734],[4.748457,45.96241],[4.729863,45.949757],[4.73618,45.938459],[4.76112,45.934999],[4.771433,45.939187],[4.781304,45.934878],[4.788988,45.923549],[4.807762,45.920799],[4.81068,45.909753],[4.805178,45.896327],[4.836309,45.909508],[4.849121,45.912862],[4.853161,45.906785],[4.872074,45.903455],[4.880697,45.897165],[4.883832,45.879991],[4.90901,45.874107],[4.900572,45.857602],[4.916481,45.845111],[4.92111,45.832738],[4.921289,45.819365],[4.917846,45.809846],[4.923798,45.803995],[4.943769,45.809531],[4.96308,45.810971],[4.981609,45.805451],[5.003132,45.810028],[5.013446,45.805057],[5.027521,45.809191],[5.037806,45.808345],[5.048809,45.812221],[5.062996,45.808862],[5.101069,45.813379],[5.089299,45.785133],[5.059329,45.791976],[5.059732,45.782137],[5.069393,45.765482],[5.091594,45.767679],[5.089673,45.751051],[5.094526,45.73945],[5.124592,45.737985],[5.133751,45.733394],[5.145095,45.719981],[5.159237,45.715246],[5.159735,45.708897],[5.143506,45.700567],[5.130699,45.706931],[5.120045,45.700566],[5.104284,45.698296],[5.10748,45.688241],[5.081083,45.676972],[5.054029,45.66005],[5.058061,45.653336],[5.040555,45.647099],[5.035146,45.637204],[5.043646,45.621332],[5.035576,45.613424],[5.00474,45.622544],[4.997961,45.60341],[4.970925,45.613199],[4.960376,45.610073],[4.936593,45.608918],[4.927081,45.605718],[4.903473,45.606346],[4.882336,45.601794],[4.866784,45.595396],[4.857587,45.57652],[4.829948,45.587524],[4.777129,45.587395],[4.782427,45.580684],[4.81232,45.570286],[4.829619,45.548974],[4.841954,45.542712],[4.866015,45.53668],[4.871812,45.527638],[4.841452,45.500599],[4.825088,45.495339],[4.813119,45.483859],[4.78228,45.472208],[4.779474,45.455033],[4.756931,45.455704],[4.746937,45.464066],[4.739557,45.487041],[4.721833,45.494396],[4.709495,45.487658],[4.698835,45.477747],[4.655258,45.486077],[4.649038,45.519421],[4.650678,45.530752],[4.661245,45.536131],[4.676397,45.551107],[4.687494,45.558204],[4.682071,45.566348],[4.671897,45.570087],[4.66431,45.564828],[4.649279,45.564909],[4.647166,45.555179],[4.659405,45.543397],[4.644703,45.540521],[4.636384,45.547482],[4.628111,45.565316],[4.614235,45.574783],[4.602864,45.570404],[4.587115,45.570721],[4.570604,45.582257],[4.553899,45.578896],[4.545544,45.580594],[4.526026,45.573193],[4.510495,45.577785],[4.503779,45.586121],[4.489583,45.584578],[4.479478,45.587971],[4.47451,45.594708],[4.450545,45.6057],[4.447944,45.616807],[4.441493,45.623053],[4.410279,45.63205],[4.39261,45.653614],[4.392556,45.66248],[4.37049,45.669721],[4.366249,45.684528],[4.37345,45.690773],[4.365516,45.698521],[4.372225,45.70238],[4.374155,45.712513],[4.383047,45.719981],[4.392005,45.738463],[4.402924,45.743917],[4.390679,45.755077],[4.369097,45.748584],[4.359162,45.751104],[4.349098,45.771173],[4.378106,45.784393],[4.373836,45.799819],[4.385883,45.81103],[4.382178,45.832495],[4.390603,45.837471],[4.383371,45.846114],[4.391256,45.850781],[4.394473,45.865165],[4.377004,45.863053],[4.363205,45.864382],[4.342471,45.876904],[4.337612,45.88889],[4.326683,45.896919],[4.323218,45.903885],[4.335946,45.908249],[4.335837,45.917096],[4.346022,45.929939],[4.335861,45.932283],[4.320534,45.942854],[4.312324,45.940968],[4.293915,45.953401],[4.300476,45.957126],[4.298056,45.965002],[4.289094,45.972732],[4.273701,45.979565],[4.257878,45.981282],[4.248047,45.986722],[4.257558,45.995281],[4.280146,45.993188],[4.288568,45.99783],[4.300089,45.988887],[4.305672,46.000535],[4.312292,46.005054],[4.305893,46.020839],[4.288223,46.017806],[4.276443,46.023],[4.269098,46.034511],[4.262161,46.035394],[4.251371,46.048991],[4.284322,46.053413],[4.304026,46.069771],[4.301428,46.078456],[4.310419,46.080169],[4.311636,46.093872],[4.305622,46.100569],[4.309291,46.109999],[4.319602,46.117324],[4.322114,46.129978],[4.332737,46.135506],[4.342752,46.13477],[4.361587,46.138458],[4.370336,46.147436],[4.381815,46.149659],[4.408873,46.137195],[4.421928,46.142086],[4.422122,46.150542],[4.430044,46.154536],[4.438587,46.167878],[4.420178,46.179379],[4.404132,46.183319],[4.395993,46.189137],[4.396236,46.195567],[4.422965,46.203132],[4.4081,46.219826],[4.388074,46.21979],[4.387336,46.232193],[4.391684,46.236164],[4.385563,46.246161],[4.392384,46.251573],[4.389383,46.258016],[4.39708,46.266806],[4.39819,46.283404],[4.410394,46.295299],[4.422458,46.295033],[4.427043,46.302824],[4.439457,46.293054],[4.458575,46.296273],[4.475172,46.284584],[4.488466,46.287994],[4.503994,46.267132],[4.521548,46.270382],[4.535639,46.269789],[4.546448,46.273918],[4.547997,46.28456],[4.560258,46.295238],[4.569849,46.293352],[4.57332,46.276351],[4.586507,46.268694],[4.618558,46.264794],[4.622023,46.270079],[4.616429,46.282163],[4.636237,46.290133],[4.635262,46.299289],[4.653308,46.3034],[4.664114,46.295726],[4.676685,46.30036],[4.69344,46.302326],[4.693882,46.294531],[4.710392,46.278569],[4.700694,46.267475],[4.694159,46.271266],[4.679672,46.258494],[4.693301,46.248867],[4.699205,46.252386],[4.720785,46.244526],[4.736175,46.233201],[4.721422,46.221652],[4.735683,46.211699],[4.721239,46.200723],[4.724371,46.184305],[4.728778,46.179037],[4.752527,46.172499],[4.780209,46.176676]]]]}},{"type":"Feature","properties":{"NUTS_ID":"FRL04","LEVL_CODE":3,"CNTR_CODE":"FR","NAME_LATN":"Bouches-du-Rhône","NUTS_NAME":"Bouches-du-Rhône","MOUNT_TYPE":4,"URBN_TYPE":1,"COAST_TYPE":1,"FID":"FRL04"},"geometry":{"type":"MultiPolygon","coordinates":[[[[5.753645,43.724619],[5.775294,43.722245],[5.785657,43.716835],[5.782643,43.706261],[5.792762,43.693133],[5.804222,43.693286],[5.813252,43.689053],[5.803457,43.679668],[5.798794,43.662291],[5.770548,43.660987],[5.744802,43.656782],[5.723221,43.649628],[5.701708,43.638444],[5.678934,43.612888],[5.6906,43.584708],[5.656303,43.576465],[5.669313,43.564637],[5.691242,43.5635],[5.714484,43.551945],[5.725071,43.551267],[5.71804,43.537597],[5.717039,43.518559],[5.711465,43.497443],[5.702927,43.495355],[5.698805,43.482173],[5.713578,43.477752],[5.727893,43.466541],[5.750489,43.434934],[5.786356,43.413904],[5.765153,43.404656],[5.749992,43.401514],[5.724112,43.408515],[5.701152,43.407875],[5.682793,43.399159],[5.68991,43.388425],[5.694232,43.365359],[5.703631,43.354006],[5.687329,43.340255],[5.690188,43.329667],[5.680201,43.319515],[5.691043,43.312958],[5.726597,43.317359],[5.735226,43.303508],[5.756245,43.284057],[5.762798,43.282353],[5.760926,43.267341],[5.740027,43.262364],[5.731664,43.257853],[5.712755,43.2535],[5.701222,43.247154],[5.700432,43.238866],[5.682413,43.235451],[5.678385,43.216726],[5.678544,43.205151],[5.67188,43.179269],[5.649767,43.187954],[5.623432,43.186421],[5.607586,43.173272],[5.604732,43.160615],[5.572274,43.173206],[5.548472,43.195389],[5.549329,43.206734],[5.53259,43.212307],[5.517524,43.203925],[5.500234,43.198755],[5.490629,43.203226],[5.458866,43.210178],[5.450166,43.202828],[5.425971,43.209271],[5.42037,43.206396],[5.404441,43.211904],[5.366698,43.207779],[5.343979,43.213456],[5.348835,43.228864],[5.37155,43.246083],[5.374609,43.25345],[5.368099,43.26769],[5.348537,43.281918],[5.360849,43.298528],[5.363012,43.309972],[5.359183,43.321636],[5.338495,43.345575],[5.313713,43.3589],[5.298175,43.359285],[5.282266,43.353617],[5.258533,43.338382],[5.222024,43.32834],[5.19781,43.332633],[5.190486,43.329901],[5.174069,43.333611],[5.163253,43.327647],[5.146273,43.326812],[5.135051,43.32895],[5.096753,43.328462],[5.088463,43.33253],[5.079729,43.327982],[5.066413,43.331493],[5.05221,43.325035],[5.0398,43.328281],[5.021266,43.341286],[5.025,43.35482],[5.018044,43.357659],[5.011259,43.368288],[5.001135,43.375819],[4.987783,43.39182],[4.995504,43.40348],[4.984068,43.403285],[4.972678,43.413831],[4.972259,43.421895],[4.963066,43.426612],[4.942863,43.42777],[4.928567,43.432233],[4.915211,43.428702],[4.904778,43.41947],[4.890857,43.414988],[4.890622,43.426999],[4.880397,43.422283],[4.865594,43.435236],[4.860832,43.450638],[4.853115,43.447434],[4.873192,43.417895],[4.872239,43.410196],[4.864038,43.40718],[4.834178,43.424962],[4.827748,43.424205],[4.855749,43.403958],[4.850441,43.398456],[4.852981,43.388327],[4.844702,43.375135],[4.87583,43.364904],[4.882714,43.354519],[4.860249,43.336029],[4.835896,43.329201],[4.81018,43.340104],[4.773279,43.348909],[4.724285,43.350143],[4.660319,43.345962],[4.59385,43.35644],[4.570413,43.366796],[4.557493,43.380776],[4.561029,43.387333],[4.592554,43.401311],[4.596265,43.405511],[4.586813,43.426605],[4.573709,43.437795],[4.547178,43.448581],[4.517761,43.454399],[4.456212,43.455718],[4.439703,43.453753],[4.421387,43.448041],[4.400754,43.447309],[4.375297,43.452707],[4.230281,43.460183],[4.230615,43.478753],[4.244229,43.501463],[4.25992,43.507622],[4.272876,43.508477],[4.295631,43.514747],[4.309166,43.524228],[4.339226,43.53765],[4.353644,43.54739],[4.365295,43.547434],[4.378831,43.551942],[4.389007,43.561941],[4.403092,43.559597],[4.415136,43.566366],[4.404272,43.573631],[4.424537,43.584618],[4.448889,43.583433],[4.460682,43.58926],[4.474716,43.609296],[4.466807,43.615205],[4.452215,43.610843],[4.439748,43.610673],[4.426493,43.621404],[4.438216,43.644374],[4.452783,43.665581],[4.475495,43.671096],[4.478645,43.691301],[4.486415,43.698853],[4.499399,43.701946],[4.525039,43.702481],[4.538907,43.707161],[4.558101,43.699609],[4.579653,43.696794],[4.595096,43.687131],[4.604442,43.686135],[4.626491,43.692814],[4.615344,43.708927],[4.612276,43.724754],[4.622717,43.743237],[4.631263,43.763812],[4.650155,43.781091],[4.654781,43.808262],[4.642971,43.832109],[4.651478,43.839259],[4.664046,43.843558],[4.660263,43.852839],[4.642532,43.85116],[4.647767,43.858798],[4.641914,43.867476],[4.659677,43.87509],[4.694084,43.885308],[4.709326,43.898014],[4.740099,43.919679],[4.739059,43.924062],[4.82173,43.912829],[4.853093,43.911385],[4.885231,43.900149],[4.903356,43.887499],[4.924876,43.886782],[4.966304,43.871649],[4.976475,43.865608],[4.997645,43.844853],[5.029535,43.827795],[5.041158,43.810948],[5.044073,43.794406],[5.051485,43.78788],[5.173317,43.738805],[5.187976,43.735099],[5.229298,43.747556],[5.255713,43.74656],[5.275269,43.741282],[5.317839,43.735622],[5.338838,43.720704],[5.406724,43.695692],[5.439242,43.681108],[5.450452,43.679593],[5.488085,43.667643],[5.501442,43.666384],[5.53145,43.659007],[5.560381,43.661613],[5.587702,43.6613],[5.606943,43.658686],[5.6136,43.663739],[5.631489,43.667349],[5.642949,43.672546],[5.657519,43.685759],[5.673593,43.693654],[5.705226,43.689922],[5.717354,43.693529],[5.736947,43.716002],[5.753645,43.724619]]],[[[5.312679,43.287376],[5.310646,43.276479],[5.301497,43.275422],[5.295761,43.281679],[5.312679,43.287376]]]]}},{"type":"Feature","properties":{"NUTS_ID":"ITC17","LEVL_CODE":3,"CNTR_CODE":"IT","NAME_LATN":"Asti","NUTS_NAME":"Asti","MOUNT_TYPE":4,"URBN_TYPE":3,"COAST_TYPE":3,"FID":"ITC17"},"geometry":{"type":"MultiPolygon","coordinates":[[[[8.128987,45.122996],[8.128296,45.115448],[8.121104,45.10676],[8.112701,45.106701],[8.111123,45.093796],[8.120427,45.088555],[8.119329,45.069538],[8.132771,45.066911],[8.133821,45.054582],[8.150232,45.053507],[8.147057,45.040883],[8.158971,45.027478],[8.188736,45.041904],[8.192018,45.035027],[8.206603,45.028486],[8.22209,45.014044],[8.23408,45.035727],[8.228882,45.042572],[8.230289,45.050863],[8.241222,45.062887],[8.273897,45.061679],[8.302538,45.077092],[8.311515,45.070651],[8.305038,45.05958],[8.32141,45.051707],[8.329583,45.03522],[8.347547,45.033727],[8.358469,45.025946],[8.359402,45.009986],[8.351616,44.997947],[8.361109,44.986819],[8.380486,44.983422],[8.386682,44.969689],[8.378681,44.958532],[8.376976,44.947089],[8.382192,44.937561],[8.377942,44.924049],[8.365808,44.92699],[8.361532,44.91447],[8.367414,44.896231],[8.378522,44.886025],[8.38841,44.871211],[8.378388,44.865015],[8.376595,44.848358],[8.396523,44.842809],[8.407299,44.843159],[8.423547,44.849494],[8.428253,44.838181],[8.420053,44.826377],[8.422368,44.818839],[8.438929,44.812086],[8.463056,44.805943],[8.478615,44.807161],[8.490036,44.799615],[8.487369,44.795355],[8.50015,44.787035],[8.481714,44.746787],[8.464037,44.754799],[8.453883,44.747107],[8.451058,44.738798],[8.421472,44.731913],[8.428079,44.720301],[8.426135,44.713309],[8.40875,44.706844],[8.417842,44.691557],[8.393071,44.685998],[8.370958,44.695477],[8.362554,44.695304],[8.346705,44.689321],[8.355537,44.676101],[8.351119,44.666465],[8.355583,44.654429],[8.353675,44.63523],[8.341558,44.62354],[8.326672,44.620712],[8.314609,44.604229],[8.316365,44.596517],[8.334312,44.587931],[8.340069,44.59141],[8.36387,44.580386],[8.360136,44.571077],[8.349763,44.572296],[8.329548,44.560657],[8.32031,44.558511],[8.298078,44.563574],[8.28417,44.556417],[8.279611,44.545226],[8.280261,44.532032],[8.272866,44.529609],[8.261596,44.519424],[8.25282,44.52874],[8.245723,44.547914],[8.23232,44.561669],[8.241337,44.5712],[8.244112,44.57954],[8.232376,44.589597],[8.233274,44.59943],[8.224822,44.603703],[8.217624,44.615158],[8.197771,44.615235],[8.19449,44.628553],[8.204373,44.636149],[8.207281,44.645515],[8.218106,44.651453],[8.226144,44.661777],[8.22473,44.679462],[8.259491,44.696611],[8.267701,44.711038],[8.257583,44.721328],[8.256835,44.732254],[8.237758,44.723558],[8.211569,44.729398],[8.203443,44.743678],[8.206613,44.750656],[8.181587,44.751184],[8.178149,44.737199],[8.16329,44.732762],[8.165514,44.723225],[8.152247,44.713137],[8.136857,44.732666],[8.132768,44.746428],[8.119776,44.751205],[8.112718,44.74853],[8.097583,44.756947],[8.104173,44.764007],[8.12711,44.781185],[8.137654,44.783363],[8.128536,44.792636],[8.130588,44.810117],[8.120153,44.813873],[8.107423,44.81026],[8.096207,44.821897],[8.086043,44.816845],[8.078708,44.808213],[8.071154,44.806322],[8.055551,44.810385],[8.045369,44.799304],[8.027499,44.81507],[8.014037,44.814496],[7.995569,44.81836],[7.984232,44.827198],[7.978966,44.84675],[7.9647,44.856591],[7.954613,44.847699],[7.943386,44.846305],[7.931177,44.854808],[7.926124,44.87232],[7.917739,44.882838],[7.909102,44.885588],[7.899596,44.880678],[7.885908,44.884642],[7.885874,44.89589],[7.894397,44.896955],[7.915092,44.891991],[7.925733,44.901739],[7.917309,44.917006],[7.893067,44.915581],[7.887951,44.920873],[7.883449,44.936235],[7.899759,44.941029],[7.902791,44.965804],[7.928038,44.983012],[7.933129,45.000356],[7.916406,45.003697],[7.921993,45.022876],[7.953826,45.029657],[7.956996,45.042496],[7.947532,45.048792],[7.929484,45.041706],[7.923611,45.054524],[7.900275,45.061626],[7.893032,45.059857],[7.896151,45.094984],[7.906164,45.09507],[7.918227,45.075622],[7.923908,45.082695],[7.937175,45.081798],[7.942207,45.086249],[7.93624,45.098208],[7.928525,45.104719],[7.950389,45.11565],[7.966841,45.116659],[7.989786,45.129136],[8.006314,45.128633],[8.014567,45.125418],[8.025899,45.132469],[8.046899,45.128058],[8.044351,45.116576],[8.047806,45.107873],[8.075391,45.097426],[8.101373,45.128551],[8.128987,45.122996]]]]}},{"type":"Feature","properties":{"NUTS_ID":"ITH32","LEVL_CODE":3,"CNTR_CODE":"IT","NAME_LATN":"Vicenza","NUTS_NAME":"Vicenza","MOUNT_TYPE":2,"URBN_TYPE":2,"COAST_TYPE":3,"FID":"ITH32"},"geometry":{"type":"MultiPolygon","coordinates":[[[[11.684318,45.984078],[11.691288,45.977556],[11.705814,45.976242],[11.716221,45.967227],[11.711107,45.959209],[11.727098,45.948924],[11.730269,45.933991],[11.745766,45.934261],[11.770782,45.922937],[11.787312,45.924287],[11.790705,45.915691],[11.7806,45.907461],[11.775634,45.890534],[11.799596,45.880558],[11.799228,45.871962],[11.778488,45.868206],[11.766651,45.869309],[11.760875,45.858371],[11.743647,45.854562],[11.744602,45.849786],[11.758986,45.838616],[11.750768,45.823892],[11.761014,45.806723],[11.779234,45.791884],[11.792052,45.799881],[11.803268,45.79996],[11.818189,45.786725],[11.835356,45.749042],[11.8312,45.740507],[11.814098,45.743352],[11.823358,45.706356],[11.815886,45.694488],[11.821666,45.687179],[11.7588,45.678127],[11.70934,45.680689],[11.709426,45.66823],[11.696594,45.663244],[11.68736,45.648679],[11.676713,45.640138],[11.656218,45.640376],[11.646681,45.633391],[11.649086,45.622803],[11.645729,45.615886],[11.644695,45.596136],[11.654332,45.592623],[11.673238,45.592396],[11.666298,45.571167],[11.665099,45.556548],[11.653097,45.550572],[11.657772,45.540173],[11.675094,45.539597],[11.679295,45.549996],[11.693752,45.550762],[11.705162,45.542912],[11.724417,45.549915],[11.731635,45.558165],[11.758991,45.520416],[11.730079,45.515675],[11.73691,45.509979],[11.735312,45.497894],[11.74389,45.471802],[11.706446,45.475798],[11.709626,45.463514],[11.702065,45.459359],[11.691628,45.446058],[11.695368,45.439635],[11.676259,45.423801],[11.664645,45.422642],[11.65323,45.410398],[11.638363,45.403721],[11.615733,45.388021],[11.611917,45.374124],[11.6267,45.357161],[11.624131,45.34534],[11.614328,45.338563],[11.619414,45.333133],[11.612301,45.325395],[11.614519,45.317288],[11.602039,45.317714],[11.589311,45.313295],[11.580288,45.297363],[11.582442,45.27303],[11.617732,45.258523],[11.610537,45.255649],[11.585666,45.256219],[11.561387,45.261773],[11.528765,45.258582],[11.487054,45.265952],[11.489942,45.283517],[11.471085,45.288231],[11.462671,45.294469],[11.440614,45.302938],[11.432447,45.309217],[11.433246,45.315435],[11.447201,45.315901],[11.452646,45.323621],[11.421789,45.339244],[11.408313,45.341072],[11.396254,45.347109],[11.383794,45.349326],[11.352451,45.348649],[11.354613,45.356256],[11.352776,45.371563],[11.331536,45.387629],[11.335861,45.397776],[11.344441,45.398332],[11.341319,45.416252],[11.332942,45.432616],[11.324128,45.429944],[11.318873,45.437143],[11.329409,45.444606],[11.320372,45.455611],[11.328465,45.463514],[11.323443,45.473053],[11.328332,45.482563],[11.320259,45.498959],[11.297207,45.504136],[11.28489,45.510735],[11.279666,45.521948],[11.252717,45.541228],[11.24337,45.560157],[11.246515,45.577288],[11.24337,45.588003],[11.233626,45.591309],[11.235876,45.600087],[11.221408,45.601909],[11.212517,45.61756],[11.204566,45.626214],[11.192938,45.620015],[11.177144,45.621207],[11.155964,45.646667],[11.148665,45.651634],[11.155675,45.680094],[11.14082,45.68616],[11.138338,45.697088],[11.138372,45.707933],[11.172937,45.731763],[11.178273,45.737589],[11.175584,45.749087],[11.180472,45.764805],[11.174002,45.787079],[11.191634,45.781712],[11.20282,45.783374],[11.193722,45.794401],[11.189081,45.811627],[11.1987,45.82419],[11.219076,45.8329],[11.218587,45.843225],[11.238977,45.856483],[11.24337,45.872672],[11.235974,45.879632],[11.24337,45.884566],[11.254807,45.885106],[11.249851,45.898854],[11.259547,45.904901],[11.261901,45.917359],[11.301689,45.919],[11.301222,45.930447],[11.313345,45.926446],[11.320755,45.919485],[11.333593,45.917152],[11.35815,45.925253],[11.358474,45.94327],[11.379924,45.943303],[11.383323,45.951051],[11.377801,45.957724],[11.372899,45.972278],[11.373413,45.983214],[11.398838,45.980298],[11.446417,45.9814],[11.468756,45.997226],[11.482229,45.998656],[11.491231,46.008552],[11.510734,46.011994],[11.516491,46.009608],[11.537174,46.012828],[11.554626,46.011361],[11.565877,46.006334],[11.577275,46.006489],[11.587741,45.969934],[11.599002,45.97169],[11.612827,45.966945],[11.629017,45.969295],[11.627641,45.960641],[11.651821,45.965108],[11.671036,45.964309],[11.685838,45.969287],[11.684318,45.984078]]]]}},{"type":"Feature","properties":{"NUTS_ID":"ITH33","LEVL_CODE":3,"CNTR_CODE":"IT","NAME_LATN":"Belluno","NUTS_NAME":"Belluno","MOUNT_TYPE":3,"URBN_TYPE":3,"COAST_TYPE":3,"FID":"ITH33"},"geometry":{"type":"MultiPolygon","coordinates":[[[[12.690635,46.656972],[12.700627,46.651334],[12.715312,46.648857],[12.731393,46.634288],[12.727451,46.630394],[12.729648,46.610492],[12.741383,46.595148],[12.738727,46.587884],[12.741895,46.576295],[12.732965,46.57065],[12.735262,46.554285],[12.749661,46.543995],[12.72671,46.539644],[12.71444,46.544578],[12.69292,46.538767],[12.680701,46.528568],[12.630602,46.51218],[12.631152,46.500112],[12.656386,46.481516],[12.661582,46.469407],[12.64893,46.467154],[12.638201,46.473023],[12.621472,46.474529],[12.606803,46.464297],[12.591441,46.471732],[12.569082,46.475358],[12.539487,46.457156],[12.527285,46.458743],[12.528531,46.449403],[12.50637,46.441097],[12.492498,46.424273],[12.498703,46.412222],[12.480561,46.402195],[12.468388,46.389922],[12.455068,46.39168],[12.462079,46.369799],[12.451673,46.362145],[12.428717,46.352249],[12.417396,46.354865],[12.420426,46.341961],[12.411109,46.330808],[12.386142,46.329248],[12.378479,46.331183],[12.355626,46.319749],[12.354488,46.29569],[12.341418,46.286075],[12.33002,46.283141],[12.321419,46.269081],[12.32427,46.255851],[12.333445,46.252029],[12.337612,46.240042],[12.345942,46.239341],[12.355524,46.231284],[12.376443,46.22295],[12.401698,46.229003],[12.408411,46.221287],[12.400285,46.211265],[12.407683,46.207457],[12.430541,46.209279],[12.446472,46.207775],[12.442898,46.197266],[12.447746,46.180073],[12.465802,46.165959],[12.475188,46.164031],[12.493244,46.155144],[12.498196,46.138504],[12.493291,46.120272],[12.483448,46.104064],[12.47081,46.095542],[12.436306,46.083664],[12.417381,46.060961],[12.409964,46.059154],[12.404805,46.043575],[12.400534,46.041996],[12.403387,46.045792],[12.398844,46.061997],[12.388329,46.06339],[12.389714,46.071538],[12.372984,46.075817],[12.361902,46.071605],[12.349975,46.07845],[12.328796,46.082402],[12.302804,46.076354],[12.275691,46.045197],[12.254921,46.036478],[12.253955,46.028789],[12.239938,46.024277],[12.229553,46.015228],[12.190887,46.004623],[12.179088,46.013419],[12.166884,46.013572],[12.167766,46.005782],[12.139379,45.99984],[12.120367,46.003587],[12.104009,45.997727],[12.102522,45.988555],[12.094125,45.981993],[12.078163,45.976527],[12.076982,45.971836],[12.061119,45.961756],[12.04937,45.961199],[12.03275,45.973619],[12.024552,45.971066],[12.019242,45.962719],[12.003773,45.968146],[11.988999,45.960565],[11.961733,45.954365],[11.952952,45.948841],[11.945668,45.927773],[11.944436,45.912764],[11.950563,45.895793],[11.929796,45.893742],[11.913336,45.889161],[11.900905,45.889133],[11.869234,45.880746],[11.847178,45.884679],[11.845578,45.895425],[11.825337,45.908096],[11.810178,45.888462],[11.799596,45.880558],[11.775634,45.890534],[11.7806,45.907461],[11.790705,45.915691],[11.787312,45.924287],[11.770782,45.922937],[11.745766,45.934261],[11.730269,45.933991],[11.727098,45.948924],[11.711107,45.959209],[11.716221,45.967227],[11.705814,45.976242],[11.691288,45.977556],[11.684318,45.984078],[11.689019,45.98998],[11.668658,46.017593],[11.68146,46.027395],[11.671911,46.030819],[11.668118,46.038585],[11.679202,46.045379],[11.705256,46.045878],[11.703728,46.054123],[11.687183,46.065927],[11.682228,46.087212],[11.688704,46.09454],[11.70349,46.090492],[11.717277,46.102719],[11.750777,46.105126],[11.758724,46.095603],[11.768994,46.101349],[11.803523,46.103741],[11.818908,46.107353],[11.884194,46.117353],[11.891798,46.120477],[11.904318,46.133361],[11.901275,46.13663],[11.920864,46.149537],[11.918985,46.156225],[11.928559,46.167654],[11.928658,46.175803],[11.950938,46.17027],[11.950013,46.180676],[11.961249,46.18701],[11.961044,46.198717],[11.936585,46.200527],[11.923677,46.217518],[11.909601,46.224431],[11.91841,46.238469],[11.92117,46.248426],[11.90494,46.255725],[11.892137,46.252647],[11.885519,46.260313],[11.888126,46.272607],[11.885261,46.278822],[11.861009,46.271142],[11.838055,46.270979],[11.827118,46.285005],[11.830756,46.29446],[11.841482,46.306351],[11.833083,46.312577],[11.829882,46.325628],[11.805064,46.333219],[11.800616,46.342919],[11.781524,46.350213],[11.774403,46.358238],[11.793155,46.366943],[11.812408,46.367939],[11.820213,46.376654],[11.834289,46.36681],[11.832747,46.38746],[11.836291,46.400656],[11.843728,46.409929],[11.839179,46.416552],[11.850337,46.434186],[11.870865,46.433515],[11.887917,46.442028],[11.886865,46.464596],[11.874066,46.472702],[11.840841,46.476722],[11.824913,46.47573],[11.814049,46.478055],[11.811009,46.484421],[11.814896,46.498461],[11.828336,46.508914],[11.851353,46.517682],[11.889836,46.523325],[11.914634,46.532925],[11.931165,46.528357],[11.942594,46.528806],[11.952952,46.540765],[11.966303,46.544471],[11.986992,46.544989],[11.998413,46.532862],[12.014013,46.550923],[12.025483,46.560733],[12.034525,46.576312],[12.047008,46.586697],[12.049353,46.59799],[12.04603,46.607227],[12.054205,46.617745],[12.064451,46.623945],[12.072633,46.643202],[12.067817,46.652198],[12.070637,46.660841],[12.068302,46.675115],[12.105976,46.658716],[12.125096,46.645842],[12.13731,46.643293],[12.148131,46.634248],[12.16267,46.636076],[12.171923,46.633234],[12.182791,46.621289],[12.194574,46.621344],[12.195948,46.607847],[12.20404,46.59973],[12.213373,46.60901],[12.240541,46.616172],[12.244996,46.623348],[12.259597,46.628412],[12.271077,46.621344],[12.283949,46.618359],[12.305559,46.619557],[12.315959,46.629994],[12.33491,46.628806],[12.361659,46.619723],[12.384595,46.623068],[12.38985,46.627546],[12.378822,46.636962],[12.380239,46.642454],[12.405019,46.643356],[12.434692,46.668255],[12.477924,46.679835],[12.490292,46.676897],[12.502828,46.68006],[12.51756,46.677936],[12.547099,46.659299],[12.570071,46.651453],[12.577965,46.656276],[12.602934,46.656367],[12.619671,46.661594],[12.631037,46.661389],[12.642401,46.652366],[12.665486,46.657859],[12.690635,46.656972]]]]}},{"type":"Feature","properties":{"NUTS_ID":"ITC46","LEVL_CODE":3,"CNTR_CODE":"IT","NAME_LATN":"Bergamo","NUTS_NAME":"Bergamo","MOUNT_TYPE":2,"URBN_TYPE":1,"COAST_TYPE":3,"FID":"ITC46"},"geometry":{"type":"MultiPolygon","coordinates":[[[[10.16959,46.057053],[10.174254,46.052236],[10.191807,46.051573],[10.201659,46.046191],[10.214666,46.052505],[10.22812,46.048223],[10.231718,46.035665],[10.249994,46.035433],[10.262242,46.020764],[10.251398,46.011579],[10.205147,46.006849],[10.192807,45.999483],[10.189396,45.991658],[10.176536,45.982721],[10.17679,45.972256],[10.138376,45.963298],[10.122174,45.956425],[10.114502,45.938113],[10.097049,45.929005],[10.091693,45.922578],[10.096781,45.908092],[10.109411,45.891515],[10.10907,45.885705],[10.129471,45.873042],[10.149827,45.863099],[10.145837,45.851951],[10.121419,45.835955],[10.120131,45.829822],[10.10781,45.814775],[10.095545,45.806801],[10.071369,45.796921],[10.06251,45.786654],[10.055039,45.76417],[10.06633,45.740751],[10.059326,45.708133],[10.065532,45.689272],[10.063187,45.682834],[10.044394,45.674943],[9.999855,45.67211],[9.965159,45.664144],[9.953121,45.666845],[9.942262,45.665262],[9.930673,45.647309],[9.916913,45.642782],[9.904387,45.630708],[9.895332,45.609131],[9.890023,45.603767],[9.878141,45.610305],[9.864472,45.609379],[9.8496,45.598725],[9.855052,45.584085],[9.84394,45.582328],[9.84274,45.560904],[9.836778,45.548407],[9.853432,45.539934],[9.853481,45.51928],[9.862706,45.513469],[9.878706,45.474828],[9.886574,45.472202],[9.892021,45.460306],[9.887653,45.446464],[9.889639,45.427335],[9.879077,45.434517],[9.861189,45.432997],[9.847171,45.450518],[9.834734,45.449436],[9.824149,45.456451],[9.812587,45.451742],[9.822047,45.445813],[9.811634,45.43845],[9.807905,45.422789],[9.784652,45.429524],[9.769312,45.430175],[9.769582,45.440048],[9.760329,45.456573],[9.753716,45.455695],[9.746577,45.466865],[9.733613,45.476187],[9.722301,45.476834],[9.709103,45.482065],[9.700079,45.469043],[9.698853,45.460615],[9.690304,45.458401],[9.685091,45.443013],[9.661837,45.437221],[9.650335,45.454029],[9.638005,45.458317],[9.62066,45.456427],[9.610785,45.464021],[9.60866,45.475457],[9.590847,45.476072],[9.577576,45.46024],[9.550796,45.460322],[9.540431,45.487877],[9.519207,45.504482],[9.540546,45.502182],[9.549245,45.50818],[9.550321,45.524194],[9.53856,45.525428],[9.53711,45.533674],[9.529615,45.537179],[9.525512,45.561726],[9.531435,45.56662],[9.538616,45.582318],[9.519373,45.622513],[9.496946,45.632079],[9.495871,45.639704],[9.495027,45.648644],[9.486561,45.653078],[9.487208,45.664591],[9.476588,45.669248],[9.451026,45.684424],[9.457965,45.706605],[9.449749,45.71586],[9.448305,45.735829],[9.456292,45.747544],[9.445865,45.760518],[9.460941,45.761182],[9.470631,45.768078],[9.483102,45.768503],[9.499986,45.773055],[9.518698,45.784035],[9.496436,45.796339],[9.49219,45.806887],[9.481267,45.814477],[9.473094,45.824997],[9.473953,45.838881],[9.467377,45.849302],[9.469906,45.856967],[9.490352,45.866006],[9.506028,45.869951],[9.524038,45.870348],[9.506057,45.88425],[9.51706,45.886032],[9.505667,45.898986],[9.527655,45.917069],[9.529417,45.927339],[9.539183,45.937892],[9.536844,45.957201],[9.522853,45.96443],[9.503901,45.967447],[9.499111,45.975679],[9.499562,45.988815],[9.494055,45.999849],[9.486695,46.003578],[9.494651,46.012139],[9.526921,46.01151],[9.55085,46.014404],[9.55903,46.022373],[9.575988,46.020664],[9.59968,46.031447],[9.604077,46.043628],[9.621886,46.047278],[9.632299,46.046581],[9.643481,46.059973],[9.668083,46.060655],[9.68859,46.054941],[9.704205,46.057533],[9.7189,46.063566],[9.735398,46.057235],[9.745894,46.062763],[9.768356,46.063834],[9.79244,46.053871],[9.807445,46.053736],[9.811091,46.049692],[9.827642,46.049864],[9.836868,46.044276],[9.861009,46.046375],[9.872557,46.050773],[9.885817,46.045804],[9.908101,46.046389],[9.911115,46.057661],[9.941878,46.066447],[9.963296,46.067631],[9.980881,46.065513],[9.995384,46.075088],[10.010057,46.072998],[10.012665,46.082293],[10.034481,46.087568],[10.055687,46.085504],[10.065451,46.089591],[10.076539,46.086439],[10.095472,46.091019],[10.103915,46.082844],[10.093033,46.069261],[10.092948,46.0605],[10.10264,46.050781],[10.126349,46.06103],[10.144147,46.055847],[10.16959,46.057053]]]]}},{"type":"Feature","properties":{"NUTS_ID":"FRF12","LEVL_CODE":3,"CNTR_CODE":"FR","NAME_LATN":"Haut-Rhin","NUTS_NAME":"Haut-Rhin","MOUNT_TYPE":4,"URBN_TYPE":2,"COAST_TYPE":3,"FID":"FRF12"},"geometry":{"type":"MultiPolygon","coordinates":[[[[7.57792,48.121392],[7.577291,48.115655],[7.578586,48.099148],[7.569174,48.080047],[7.573381,48.059648],[7.568848,48.03561],[7.578537,48.024921],[7.603507,48.005193],[7.613442,47.994688],[7.621651,47.976511],[7.620942,47.968981],[7.609558,47.95423],[7.587991,47.937122],[7.581063,47.926817],[7.582927,47.903417],[7.575445,47.891247],[7.5593,47.881951],[7.555458,47.870509],[7.563406,47.851191],[7.561884,47.840213],[7.545838,47.812673],[7.530235,47.782609],[7.533385,47.766039],[7.545991,47.743574],[7.548529,47.735079],[7.540385,47.718534],[7.513769,47.702824],[7.51159,47.696756],[7.51888,47.684696],[7.52108,47.663848],[7.537903,47.64918],[7.567361,47.631741],[7.573972,47.616673],[7.589082,47.606515],[7.592712,47.598707],[7.589039,47.589878],[7.584471,47.576474],[7.566869,47.576967],[7.558515,47.572952],[7.55516,47.564564],[7.527164,47.552417],[7.519176,47.546435],[7.507889,47.544761],[7.49823,47.536617],[7.503745,47.528634],[7.519454,47.533914],[7.531475,47.527717],[7.5239,47.515232],[7.504634,47.5148],[7.510905,47.502582],[7.509958,47.496826],[7.487628,47.482307],[7.470897,47.480449],[7.456975,47.488651],[7.434775,47.49797],[7.430006,47.481786],[7.455797,47.47279],[7.445019,47.461723],[7.430072,47.459282],[7.421139,47.446388],[7.400356,47.435398],[7.380894,47.431892],[7.352754,47.434413],[7.337403,47.440884],[7.326466,47.439853],[7.303917,47.438421],[7.291976,47.433628],[7.283225,47.43449],[7.270529,47.427333],[7.245589,47.420299],[7.235908,47.436889],[7.225773,47.439536],[7.206239,47.434894],[7.170422,47.443454],[7.179051,47.461128],[7.178328,47.46885],[7.191192,47.487681],[7.159363,47.490772],[7.149779,47.497271],[7.130353,47.50304],[7.136982,47.508961],[7.142169,47.525022],[7.13278,47.53965],[7.10808,47.552112],[7.10454,47.56942],[7.094354,47.573491],[7.085383,47.593052],[7.064995,47.600819],[7.041404,47.600953],[7.025422,47.59268],[7.010008,47.604737],[7.005056,47.619592],[7.005929,47.62892],[7.013602,47.62997],[7.0198,47.650679],[7.039242,47.650389],[7.03419,47.66109],[7.046317,47.671501],[7.037636,47.675142],[7.047749,47.682931],[7.038637,47.68794],[7.02757,47.705371],[7.037414,47.721552],[7.012852,47.741282],[6.981089,47.751239],[6.973157,47.751751],[6.943525,47.76653],[6.940435,47.771564],[6.924516,47.769864],[6.91398,47.777193],[6.902087,47.776444],[6.864963,47.784604],[6.860936,47.793193],[6.85028,47.799451],[6.842623,47.813113],[6.846176,47.822942],[6.858106,47.823246],[6.8676,47.829453],[6.8886,47.833633],[6.907021,47.845977],[6.920041,47.850286],[6.91937,47.858139],[6.907663,47.86443],[6.904936,47.878601],[6.897513,47.890005],[6.918457,47.898407],[6.926158,47.90667],[6.92514,47.916912],[6.912352,47.918375],[6.925068,47.929271],[6.920032,47.944439],[6.931597,47.972294],[6.943761,47.980377],[6.945909,48.000301],[6.961899,48.000857],[6.981539,48.00942],[6.989917,48.018967],[7.00233,48.022915],[7.016024,48.037189],[7.009746,48.04289],[7.022876,48.063624],[7.037405,48.078086],[7.051655,48.082603],[7.070403,48.10644],[7.076708,48.108483],[7.084161,48.129216],[7.070133,48.129883],[7.058575,48.138256],[7.079193,48.164837],[7.086364,48.183542],[7.106283,48.194304],[7.105562,48.20046],[7.117637,48.208031],[7.134101,48.237763],[7.13304,48.247534],[7.139034,48.250253],[7.147737,48.264391],[7.158502,48.268347],[7.163197,48.280068],[7.175647,48.289116],[7.172443,48.297483],[7.193615,48.302025],[7.198287,48.310471],[7.234222,48.308871],[7.242674,48.302961],[7.254697,48.305961],[7.275262,48.304967],[7.282216,48.296597],[7.290798,48.293839],[7.300705,48.280692],[7.290548,48.2742],[7.297051,48.268323],[7.331721,48.269894],[7.311693,48.253388],[7.325368,48.244898],[7.353989,48.247977],[7.361473,48.243588],[7.401677,48.231541],[7.405939,48.226152],[7.435471,48.217865],[7.451809,48.210988],[7.476943,48.203533],[7.473544,48.197734],[7.470139,48.160172],[7.478597,48.156474],[7.510414,48.152579],[7.520333,48.149495],[7.514986,48.139639],[7.518593,48.127765],[7.548895,48.122421],[7.57792,48.121392]]]]}},{"type":"Feature","properties":{"NUTS_ID":"ITC11","LEVL_CODE":3,"CNTR_CODE":"IT","NAME_LATN":"Torino","NUTS_NAME":"Torino","MOUNT_TYPE":2,"URBN_TYPE":1,"COAST_TYPE":3,"FID":"ITC11"},"geometry":{"type":"MultiPolygon","coordinates":[[[[7.895811,45.590028],[7.893056,45.585519],[7.895184,45.57127],[7.901629,45.558614],[7.882228,45.534277],[7.885551,45.530862],[7.912254,45.522652],[7.923446,45.521486],[7.919065,45.509285],[7.96632,45.48203],[7.968293,45.475451],[7.996946,45.460922],[8.019661,45.453242],[8.038455,45.441399],[8.035379,45.432145],[8.022257,45.422295],[8.027012,45.403092],[8.008894,45.39789],[8.008331,45.386387],[8.012197,45.367439],[8.023789,45.362221],[8.019512,45.34376],[8.008682,45.338406],[7.98995,45.34547],[7.95781,45.343677],[7.964202,45.332594],[7.955213,45.326928],[7.949495,45.306605],[7.976169,45.317338],[7.988655,45.311343],[7.991798,45.290564],[7.98943,45.264748],[7.983997,45.257558],[7.987823,45.241434],[7.985057,45.235864],[8.006608,45.214893],[8.034706,45.202168],[8.042497,45.204857],[8.04667,45.187883],[8.055275,45.18224],[8.094852,45.186933],[8.102944,45.183144],[8.120338,45.18237],[8.14505,45.169506],[8.151934,45.168558],[8.139425,45.159263],[8.143892,45.143856],[8.137152,45.139438],[8.136181,45.12888],[8.128987,45.122996],[8.101373,45.128551],[8.075391,45.097426],[8.047806,45.107873],[8.044351,45.116576],[8.046899,45.128058],[8.025899,45.132469],[8.014567,45.125418],[8.006314,45.128633],[7.989786,45.129136],[7.966841,45.116659],[7.950389,45.11565],[7.928525,45.104719],[7.93624,45.098208],[7.942207,45.086249],[7.937175,45.081798],[7.923908,45.082695],[7.918227,45.075622],[7.906164,45.09507],[7.896151,45.094984],[7.893032,45.059857],[7.900275,45.061626],[7.923611,45.054524],[7.929484,45.041706],[7.947532,45.048792],[7.956996,45.042496],[7.953826,45.029657],[7.921993,45.022876],[7.916406,45.003697],[7.933129,45.000356],[7.928038,44.983012],[7.902791,44.965804],[7.899759,44.941029],[7.883449,44.936235],[7.887951,44.920873],[7.893067,44.915581],[7.917309,44.917006],[7.925733,44.901739],[7.915092,44.891991],[7.894397,44.896955],[7.885874,44.89589],[7.885908,44.884642],[7.899596,44.880678],[7.909102,44.885588],[7.917739,44.882838],[7.926124,44.87232],[7.931177,44.854808],[7.943386,44.846305],[7.922575,44.833193],[7.911178,44.831097],[7.902409,44.821724],[7.880954,44.829932],[7.8524,44.833411],[7.831046,44.840996],[7.815528,44.853105],[7.810249,44.843466],[7.787979,44.844253],[7.77913,44.841365],[7.775818,44.833653],[7.764689,44.82229],[7.766209,44.815434],[7.748986,44.815569],[7.723944,44.812377],[7.707484,44.816928],[7.68386,44.810722],[7.664792,44.820823],[7.651382,44.818888],[7.653339,44.831561],[7.641254,44.835478],[7.615428,44.829208],[7.597709,44.836298],[7.592644,44.82842],[7.596745,44.823198],[7.591539,44.808276],[7.577645,44.809962],[7.575147,44.817978],[7.560573,44.810618],[7.564427,44.798616],[7.554172,44.79519],[7.536601,44.794578],[7.529071,44.781411],[7.515317,44.782612],[7.505556,44.768318],[7.499326,44.768094],[7.47376,44.757935],[7.451016,44.762081],[7.446754,44.773357],[7.437005,44.762616],[7.413384,44.766135],[7.401375,44.760346],[7.395123,44.762483],[7.367546,44.759422],[7.36468,44.752066],[7.345117,44.751819],[7.34949,44.76312],[7.344675,44.78271],[7.318223,44.779567],[7.294566,44.781732],[7.278449,44.779748],[7.269518,44.775676],[7.2427,44.769183],[7.232513,44.769479],[7.190612,44.759452],[7.159001,44.760418],[7.149454,44.743328],[7.140249,44.737529],[7.127763,44.736992],[7.118971,44.725509],[7.095966,44.72087],[7.087626,44.715678],[7.071303,44.717914],[7.065755,44.713464],[7.042556,44.718659],[7.030539,44.729446],[7.02427,44.739958],[7.021517,44.751993],[7.024525,44.761322],[7.019114,44.775568],[7.011475,44.783338],[6.999093,44.789613],[7.008977,44.798756],[7.024146,44.823035],[7.010412,44.826271],[7.006345,44.839091],[7.001394,44.842365],[6.96965,44.847009],[6.931374,44.863678],[6.922637,44.851842],[6.912296,44.845314],[6.900447,44.848314],[6.883005,44.848178],[6.86409,44.850684],[6.854758,44.857391],[6.84009,44.860343],[6.829684,44.867667],[6.805103,44.877688],[6.799099,44.890065],[6.785445,44.889473],[6.772093,44.902638],[6.751577,44.905582],[6.749523,44.922985],[6.757758,44.937174],[6.758541,44.948088],[6.764565,44.959371],[6.763616,44.970176],[6.751977,44.97796],[6.738427,44.993783],[6.751167,44.996985],[6.743962,45.015168],[6.724501,45.021636],[6.672935,45.020879],[6.664474,45.033728],[6.669389,45.044296],[6.659774,45.051979],[6.663091,45.056986],[6.662268,45.070327],[6.645799,45.075855],[6.64645,45.084603],[6.627429,45.102536],[6.630051,45.109856],[6.633949,45.115658],[6.649363,45.115345],[6.671871,45.124804],[6.680419,45.139718],[6.693099,45.139697],[6.711672,45.144982],[6.725145,45.139392],[6.745694,45.139623],[6.768255,45.159437],[6.77903,45.158249],[6.821954,45.144902],[6.835275,45.135958],[6.845703,45.135334],[6.852216,45.127762],[6.873614,45.135735],[6.893517,45.137551],[6.893517,45.144639],[6.885561,45.155885],[6.893517,45.167642],[6.910223,45.166108],[6.930289,45.17101],[6.953765,45.180441],[6.953572,45.189806],[6.967771,45.196881],[6.965118,45.207248],[6.992402,45.210914],[7.002365,45.219774],[7.026468,45.215778],[7.041404,45.224884],[7.051087,45.22557],[7.068804,45.209632],[7.078866,45.213875],[7.083344,45.225049],[7.104633,45.237104],[7.110054,45.245119],[7.125068,45.245087],[7.136005,45.254986],[7.129913,45.271621],[7.13625,45.280968],[7.121872,45.295915],[7.117216,45.311377],[7.110059,45.318105],[7.109844,45.326943],[7.12573,45.327245],[7.1336,45.3308],[7.134258,45.347061],[7.161407,45.35996],[7.15884,45.370386],[7.162895,45.380869],[7.178104,45.389736],[7.184039,45.406912],[7.165121,45.412718],[7.150843,45.423308],[7.1336,45.426587],[7.113104,45.434265],[7.114072,45.441511],[7.099101,45.457542],[7.104723,45.468454],[7.113634,45.47385],[7.11548,45.488331],[7.122632,45.507777],[7.137549,45.516256],[7.143571,45.507401],[7.14299,45.496741],[7.138103,45.488331],[7.144558,45.478235],[7.159914,45.486412],[7.171904,45.482293],[7.198859,45.480969],[7.211006,45.47231],[7.222684,45.470469],[7.24899,45.494604],[7.263534,45.499521],[7.269522,45.51467],[7.283936,45.512961],[7.301381,45.516749],[7.322978,45.514444],[7.33419,45.520429],[7.359825,45.525521],[7.37574,45.516485],[7.395275,45.527853],[7.397841,45.532297],[7.4149,45.536585],[7.4176,45.545814],[7.426059,45.546598],[7.447991,45.55556],[7.449172,45.560495],[7.465935,45.577171],[7.489878,45.582965],[7.505812,45.581955],[7.530344,45.576844],[7.549162,45.588696],[7.568907,45.590806],[7.582556,45.581826],[7.600748,45.57719],[7.609093,45.56287],[7.634072,45.570781],[7.646849,45.567965],[7.676188,45.552182],[7.688299,45.557339],[7.703225,45.555612],[7.719587,45.558308],[7.73032,45.550734],[7.747181,45.559519],[7.778772,45.571365],[7.804489,45.58716],[7.828169,45.59703],[7.842101,45.597761],[7.848897,45.60226],[7.862301,45.596985],[7.88164,45.59954],[7.895811,45.590028]]]]}},{"type":"Feature","properties":{"NUTS_ID":"ITC47","LEVL_CODE":3,"CNTR_CODE":"IT","NAME_LATN":"Brescia","NUTS_NAME":"Brescia","MOUNT_TYPE":2,"URBN_TYPE":2,"COAST_TYPE":3,"FID":"ITC47"},"geometry":{"type":"MultiPolygon","coordinates":[[[[10.515751,46.343224],[10.525596,46.34262],[10.564856,46.326048],[10.565138,46.313356],[10.579604,46.298808],[10.560633,46.283657],[10.575607,46.274648],[10.585216,46.247108],[10.58005,46.239504],[10.56879,46.233459],[10.570439,46.223209],[10.552405,46.208138],[10.54148,46.188584],[10.552405,46.181718],[10.564573,46.167299],[10.55795,46.160128],[10.554354,46.148774],[10.546621,46.143147],[10.550284,46.137254],[10.550726,46.123464],[10.541081,46.103074],[10.520945,46.0878],[10.516649,46.080327],[10.493441,46.068078],[10.478518,46.051531],[10.484081,46.047508],[10.485821,46.028597],[10.482413,46.021801],[10.47216,46.02146],[10.457612,46.008782],[10.457486,45.997277],[10.45309,45.98887],[10.453449,45.976536],[10.476781,45.970753],[10.487648,45.970453],[10.489005,45.96256],[10.483872,45.951159],[10.491461,45.94195],[10.49128,45.933237],[10.507841,45.923541],[10.510329,45.916364],[10.506204,45.903442],[10.493235,45.898548],[10.490503,45.885866],[10.503323,45.875211],[10.502016,45.85927],[10.507092,45.841219],[10.502897,45.830345],[10.508843,45.824262],[10.528666,45.826316],[10.543376,45.815719],[10.526062,45.805648],[10.5339,45.787862],[10.552405,45.783738],[10.574469,45.78711],[10.58489,45.795583],[10.614024,45.805626],[10.647254,45.806288],[10.656583,45.82265],[10.654696,45.832406],[10.676505,45.830879],[10.698217,45.841079],[10.711518,45.836231],[10.733319,45.842593],[10.749958,45.837158],[10.777424,45.842346],[10.790978,45.833835],[10.825951,45.837329],[10.840177,45.832758],[10.834581,45.818196],[10.814813,45.804047],[10.772018,45.750782],[10.705639,45.676416],[10.627922,45.606832],[10.632315,45.568459],[10.640791,45.479183],[10.648673,45.440225],[10.645234,45.433235],[10.650832,45.427519],[10.644588,45.418485],[10.654656,45.415827],[10.64672,45.407195],[10.639262,45.386555],[10.613734,45.38267],[10.597996,45.387327],[10.580021,45.381152],[10.562003,45.388823],[10.54785,45.38651],[10.526275,45.404332],[10.511821,45.411721],[10.49686,45.414518],[10.452045,45.415795],[10.467052,45.406602],[10.450336,45.383124],[10.459318,45.378351],[10.468502,45.358305],[10.46821,45.342792],[10.464585,45.325367],[10.448496,45.326731],[10.445309,45.321081],[10.42841,45.320704],[10.431008,45.313126],[10.42512,45.296558],[10.409124,45.293323],[10.397477,45.285819],[10.392031,45.27328],[10.391188,45.256956],[10.394646,45.245518],[10.378917,45.251902],[10.376277,45.241048],[10.361989,45.246101],[10.356046,45.229529],[10.361385,45.215375],[10.344436,45.211081],[10.342895,45.204331],[10.317723,45.204716],[10.320305,45.208499],[10.305554,45.223912],[10.286029,45.227409],[10.270042,45.239808],[10.263572,45.251488],[10.251245,45.252477],[10.245749,45.243263],[10.2252,45.240525],[10.218071,45.230349],[10.196319,45.229215],[10.183994,45.232497],[10.17853,45.239398],[10.164917,45.241738],[10.153487,45.23977],[10.125889,45.246809],[10.104662,45.246925],[10.086565,45.259561],[10.082705,45.271412],[10.075054,45.269185],[10.06253,45.276499],[10.048728,45.278168],[10.029305,45.276781],[10.019385,45.28404],[9.994426,45.291178],[9.984012,45.297015],[9.980896,45.305207],[9.944799,45.32049],[9.914703,45.336527],[9.897295,45.33928],[9.887281,45.351647],[9.889965,45.377018],[9.884676,45.382854],[9.892648,45.393219],[9.889639,45.427335],[9.887653,45.446464],[9.892021,45.460306],[9.886574,45.472202],[9.878706,45.474828],[9.862706,45.513469],[9.853481,45.51928],[9.853432,45.539934],[9.836778,45.548407],[9.84274,45.560904],[9.84394,45.582328],[9.855052,45.584085],[9.8496,45.598725],[9.864472,45.609379],[9.878141,45.610305],[9.890023,45.603767],[9.895332,45.609131],[9.904387,45.630708],[9.916913,45.642782],[9.930673,45.647309],[9.942262,45.665262],[9.953121,45.666845],[9.965159,45.664144],[9.999855,45.67211],[10.044394,45.674943],[10.063187,45.682834],[10.065532,45.689272],[10.059326,45.708133],[10.06633,45.740751],[10.055039,45.76417],[10.06251,45.786654],[10.071369,45.796921],[10.095545,45.806801],[10.10781,45.814775],[10.120131,45.829822],[10.121419,45.835955],[10.145837,45.851951],[10.149827,45.863099],[10.129471,45.873042],[10.10907,45.885705],[10.109411,45.891515],[10.096781,45.908092],[10.091693,45.922578],[10.097049,45.929005],[10.114502,45.938113],[10.122174,45.956425],[10.138376,45.963298],[10.17679,45.972256],[10.176536,45.982721],[10.189396,45.991658],[10.192807,45.999483],[10.205147,46.006849],[10.251398,46.011579],[10.262242,46.020764],[10.249994,46.035433],[10.231718,46.035665],[10.22812,46.048223],[10.214666,46.052505],[10.201659,46.046191],[10.191807,46.051573],[10.174254,46.052236],[10.16959,46.057053],[10.174291,46.06908],[10.185059,46.080953],[10.174831,46.093207],[10.173902,46.100887],[10.165357,46.106629],[10.16579,46.117613],[10.172334,46.134983],[10.163701,46.147633],[10.159419,46.159553],[10.174861,46.165845],[10.180126,46.177366],[10.223571,46.18639],[10.229632,46.199059],[10.257425,46.204344],[10.294088,46.223744],[10.300445,46.248919],[10.314332,46.259863],[10.315318,46.275756],[10.328258,46.286864],[10.369336,46.292829],[10.384453,46.302391],[10.404781,46.324091],[10.421922,46.334992],[10.432801,46.337093],[10.456964,46.351695],[10.471068,46.354658],[10.485811,46.34867],[10.498922,46.335158],[10.51233,46.335466],[10.515751,46.343224]]]]}},{"type":"Feature","properties":{"NUTS_ID":"FRC24","LEVL_CODE":3,"CNTR_CODE":"FR","NAME_LATN":"Territoire de Belfort","NUTS_NAME":"Territoire de Belfort","MOUNT_TYPE":4,"URBN_TYPE":2,"COAST_TYPE":3,"FID":"FRC24"},"geometry":{"type":"MultiPolygon","coordinates":[[[[7.130353,47.50304],[7.111858,47.495105],[7.096733,47.495144],[7.074878,47.488167],[7.062912,47.494523],[7.036975,47.497501],[7.024406,47.504223],[7.005752,47.501121],[6.982914,47.49427],[6.988263,47.487132],[6.988503,47.473049],[7.000361,47.466877],[6.995177,47.449616],[6.970294,47.44706],[6.966236,47.437717],[6.939186,47.433704],[6.93232,47.455818],[6.922734,47.466927],[6.907348,47.47289],[6.915715,47.478235],[6.907612,47.494548],[6.930188,47.500413],[6.935225,47.485617],[6.946495,47.487602],[6.945002,47.51334],[6.928343,47.518326],[6.912164,47.52739],[6.91628,47.531147],[6.901724,47.549875],[6.889831,47.550073],[6.883473,47.55533],[6.859874,47.547551],[6.816659,47.547922],[6.806999,47.5628],[6.820114,47.575492],[6.803082,47.583532],[6.801898,47.590222],[6.786703,47.610515],[6.777605,47.615638],[6.78041,47.62526],[6.789435,47.625635],[6.800455,47.636263],[6.798139,47.643716],[6.780804,47.656438],[6.776697,47.666888],[6.781906,47.687677],[6.778148,47.697774],[6.770078,47.703397],[6.77158,47.712573],[6.757493,47.724415],[6.760811,47.730841],[6.757641,47.747875],[6.764407,47.758517],[6.774581,47.766732],[6.785588,47.781655],[6.810855,47.794741],[6.824008,47.809012],[6.823533,47.813051],[6.846176,47.822942],[6.842623,47.813113],[6.85028,47.799451],[6.860936,47.793193],[6.864963,47.784604],[6.902087,47.776444],[6.91398,47.777193],[6.924516,47.769864],[6.940435,47.771564],[6.943525,47.76653],[6.973157,47.751751],[6.981089,47.751239],[7.012852,47.741282],[7.037414,47.721552],[7.02757,47.705371],[7.038637,47.68794],[7.047749,47.682931],[7.037636,47.675142],[7.046317,47.671501],[7.03419,47.66109],[7.039242,47.650389],[7.0198,47.650679],[7.013602,47.62997],[7.005929,47.62892],[7.005056,47.619592],[7.010008,47.604737],[7.025422,47.59268],[7.041404,47.600953],[7.064995,47.600819],[7.085383,47.593052],[7.094354,47.573491],[7.10454,47.56942],[7.10808,47.552112],[7.13278,47.53965],[7.142169,47.525022],[7.136982,47.508961],[7.130353,47.50304]]]]}},{"type":"Feature","properties":{"NUTS_ID":"ITC42","LEVL_CODE":3,"CNTR_CODE":"IT","NAME_LATN":"Como","NUTS_NAME":"Como","MOUNT_TYPE":2,"URBN_TYPE":1,"COAST_TYPE":3,"FID":"ITC42"},"geometry":{"type":"MultiPolygon","coordinates":[[[[9.414123,46.136869],[9.409731,46.149725],[9.375309,46.152528],[9.361877,46.157413],[9.357259,46.150354],[9.340403,46.142133],[9.300504,46.125883],[9.292356,46.115742],[9.298988,46.107358],[9.298217,46.095847],[9.289004,46.073613],[9.289626,46.059346],[9.275662,46.040859],[9.262998,46.027575],[9.261202,46.008933],[9.264599,46.000771],[9.27705,45.993027],[9.284601,45.967053],[9.266176,45.96601],[9.259043,45.958876],[9.257651,45.949345],[9.271364,45.947601],[9.277739,45.939178],[9.268292,45.925547],[9.281111,45.911454],[9.284161,45.898778],[9.292296,45.892861],[9.301357,45.893842],[9.312403,45.905364],[9.324079,45.895782],[9.316052,45.888558],[9.319299,45.881212],[9.331732,45.872503],[9.330226,45.863533],[9.318324,45.849157],[9.320426,45.843563],[9.300119,45.836778],[9.286115,45.822981],[9.292829,45.812347],[9.274205,45.804118],[9.260149,45.792423],[9.262265,45.781928],[9.251409,45.782128],[9.244182,45.767301],[9.255752,45.751296],[9.247139,45.742652],[9.24351,45.732849],[9.231441,45.722427],[9.231498,45.717535],[9.216339,45.715629],[9.204178,45.709242],[9.195331,45.698346],[9.197603,45.689867],[9.192782,45.683245],[9.194449,45.66769],[9.179671,45.663493],[9.16327,45.673477],[9.153812,45.686562],[9.138014,45.694317],[9.116145,45.689564],[9.103194,45.696874],[9.092863,45.687033],[9.067063,45.685125],[9.055755,45.646504],[9.038785,45.640177],[9.020539,45.645901],[9.008501,45.64474],[8.990704,45.648613],[8.983573,45.665082],[8.986129,45.676521],[8.977794,45.679824],[8.963194,45.663809],[8.942468,45.659914],[8.930061,45.652852],[8.922712,45.66257],[8.921942,45.670063],[8.898668,45.676719],[8.894686,45.6846],[8.91609,45.688964],[8.931654,45.697822],[8.931915,45.706232],[8.951178,45.71394],[8.950415,45.731058],[8.939694,45.73786],[8.942687,45.744979],[8.929997,45.747461],[8.929311,45.754318],[8.913137,45.768964],[8.900419,45.784773],[8.908642,45.793273],[8.903502,45.797026],[8.896971,45.812924],[8.906996,45.815376],[8.912147,45.830445],[8.929034,45.833375],[8.934195,45.839272],[8.955774,45.842909],[8.969984,45.832353],[8.986298,45.837907],[8.997488,45.834944],[8.99458,45.822636],[9.015922,45.818362],[9.0318,45.825136],[9.035432,45.839658],[9.050774,45.852212],[9.04942,45.862048],[9.055845,45.873922],[9.066333,45.875962],[9.077839,45.885057],[9.07645,45.910761],[9.049529,45.921159],[9.042515,45.926953],[9.019358,45.928368],[9.022036,45.938087],[9.012199,45.943784],[9.016443,45.949145],[9.013567,45.960102],[8.993706,45.966988],[8.99611,45.980011],[9.007638,45.98081],[9.01233,45.987936],[9.028461,45.993626],[9.02451,46.000762],[9.022543,46.016856],[9.008128,46.02946],[9.017824,46.04977],[9.050367,46.061991],[9.06225,46.061088],[9.078315,46.06532],[9.078811,46.074345],[9.089433,46.085693],[9.072518,46.118103],[9.098557,46.126818],[9.10486,46.131701],[9.121476,46.134818],[9.134435,46.152633],[9.15561,46.162093],[9.159378,46.169601],[9.183523,46.17053],[9.193406,46.178465],[9.198089,46.18701],[9.195174,46.192873],[9.202173,46.208306],[9.217987,46.213881],[9.220907,46.228893],[9.235531,46.233416],[9.248531,46.233768],[9.259453,46.232945],[9.27587,46.239078],[9.319363,46.233201],[9.331953,46.234491],[9.347594,46.229549],[9.354815,46.221182],[9.374952,46.212817],[9.401142,46.212077],[9.415328,46.215795],[9.422103,46.222672],[9.440832,46.214485],[9.424898,46.189902],[9.424223,46.155051],[9.414123,46.136869]]],[[[8.967301,45.963211],[8.958594,45.964794],[8.966871,45.984156],[8.977565,45.982565],[8.975668,45.96169],[8.967301,45.963211]]]]}},{"type":"Feature","properties":{"NUTS_ID":"ITC43","LEVL_CODE":3,"CNTR_CODE":"IT","NAME_LATN":"Lecco","NUTS_NAME":"Lecco","MOUNT_TYPE":3,"URBN_TYPE":1,"COAST_TYPE":3,"FID":"ITC43"},"geometry":{"type":"MultiPolygon","coordinates":[[[[9.526921,46.01151],[9.494651,46.012139],[9.486695,46.003578],[9.494055,45.999849],[9.499562,45.988815],[9.499111,45.975679],[9.503901,45.967447],[9.522853,45.96443],[9.536844,45.957201],[9.539183,45.937892],[9.529417,45.927339],[9.527655,45.917069],[9.505667,45.898986],[9.51706,45.886032],[9.506057,45.88425],[9.524038,45.870348],[9.506028,45.869951],[9.490352,45.866006],[9.469906,45.856967],[9.467377,45.849302],[9.473953,45.838881],[9.473094,45.824997],[9.481267,45.814477],[9.49219,45.806887],[9.496436,45.796339],[9.518698,45.784035],[9.499986,45.773055],[9.483102,45.768503],[9.470631,45.768078],[9.460941,45.761182],[9.445865,45.760518],[9.456292,45.747544],[9.448305,45.735829],[9.449749,45.71586],[9.457965,45.706605],[9.451026,45.684424],[9.476588,45.669248],[9.465033,45.663874],[9.446859,45.649707],[9.422654,45.656523],[9.414459,45.676507],[9.398666,45.671191],[9.372305,45.655095],[9.368468,45.6633],[9.343378,45.671401],[9.314078,45.660703],[9.311038,45.670777],[9.295079,45.690002],[9.298887,45.700639],[9.286036,45.731137],[9.274261,45.742238],[9.258477,45.739969],[9.247139,45.742652],[9.255752,45.751296],[9.244182,45.767301],[9.251409,45.782128],[9.262265,45.781928],[9.260149,45.792423],[9.274205,45.804118],[9.292829,45.812347],[9.286115,45.822981],[9.300119,45.836778],[9.320426,45.843563],[9.318324,45.849157],[9.330226,45.863533],[9.331732,45.872503],[9.319299,45.881212],[9.316052,45.888558],[9.324079,45.895782],[9.312403,45.905364],[9.301357,45.893842],[9.292296,45.892861],[9.284161,45.898778],[9.281111,45.911454],[9.268292,45.925547],[9.277739,45.939178],[9.271364,45.947601],[9.257651,45.949345],[9.259043,45.958876],[9.266176,45.96601],[9.284601,45.967053],[9.27705,45.993027],[9.264599,46.000771],[9.261202,46.008933],[9.262998,46.027575],[9.275662,46.040859],[9.289626,46.059346],[9.289004,46.073613],[9.298217,46.095847],[9.298988,46.107358],[9.292356,46.115742],[9.300504,46.125883],[9.340403,46.142133],[9.357259,46.150354],[9.361877,46.157413],[9.375309,46.152528],[9.409731,46.149725],[9.414123,46.136869],[9.412641,46.120761],[9.415024,46.094799],[9.430571,46.086102],[9.478343,46.070801],[9.49289,46.070836],[9.509468,46.060236],[9.502472,46.046939],[9.521696,46.031608],[9.521669,46.021294],[9.526921,46.01151]]]]}},{"type":"Feature","properties":{"NUTS_ID":"ITC44","LEVL_CODE":3,"CNTR_CODE":"IT","NAME_LATN":"Sondrio","NUTS_NAME":"Sondrio","MOUNT_TYPE":3,"URBN_TYPE":2,"COAST_TYPE":3,"FID":"ITC44"},"geometry":{"type":"MultiPolygon","coordinates":[[[[10.452801,46.530683],[10.458143,46.510971],[10.47614,46.495553],[10.493217,46.497805],[10.552405,46.491203],[10.559778,46.483264],[10.577735,46.47344],[10.600488,46.468681],[10.622145,46.448102],[10.61693,46.442851],[10.618502,46.415688],[10.631056,46.401597],[10.622926,46.39729],[10.606796,46.379689],[10.596759,46.377248],[10.566659,46.377358],[10.552405,46.367545],[10.542202,46.364907],[10.540101,46.355041],[10.520429,46.355519],[10.515751,46.343224],[10.51233,46.335466],[10.498922,46.335158],[10.485811,46.34867],[10.471068,46.354658],[10.456964,46.351695],[10.432801,46.337093],[10.421922,46.334992],[10.404781,46.324091],[10.384453,46.302391],[10.369336,46.292829],[10.328258,46.286864],[10.315318,46.275756],[10.314332,46.259863],[10.300445,46.248919],[10.294088,46.223744],[10.257425,46.204344],[10.229632,46.199059],[10.223571,46.18639],[10.180126,46.177366],[10.174861,46.165845],[10.159419,46.159553],[10.163701,46.147633],[10.172334,46.134983],[10.16579,46.117613],[10.165357,46.106629],[10.173902,46.100887],[10.174831,46.093207],[10.185059,46.080953],[10.174291,46.06908],[10.16959,46.057053],[10.144147,46.055847],[10.126349,46.06103],[10.10264,46.050781],[10.092948,46.0605],[10.093033,46.069261],[10.103915,46.082844],[10.095472,46.091019],[10.076539,46.086439],[10.065451,46.089591],[10.055687,46.085504],[10.034481,46.087568],[10.012665,46.082293],[10.010057,46.072998],[9.995384,46.075088],[9.980881,46.065513],[9.963296,46.067631],[9.941878,46.066447],[9.911115,46.057661],[9.908101,46.046389],[9.885817,46.045804],[9.872557,46.050773],[9.861009,46.046375],[9.836868,46.044276],[9.827642,46.049864],[9.811091,46.049692],[9.807445,46.053736],[9.79244,46.053871],[9.768356,46.063834],[9.745894,46.062763],[9.735398,46.057235],[9.7189,46.063566],[9.704205,46.057533],[9.68859,46.054941],[9.668083,46.060655],[9.643481,46.059973],[9.632299,46.046581],[9.621886,46.047278],[9.604077,46.043628],[9.59968,46.031447],[9.575988,46.020664],[9.55903,46.022373],[9.55085,46.014404],[9.526921,46.01151],[9.521669,46.021294],[9.521696,46.031608],[9.502472,46.046939],[9.509468,46.060236],[9.49289,46.070836],[9.478343,46.070801],[9.430571,46.086102],[9.415024,46.094799],[9.412641,46.120761],[9.414123,46.136869],[9.424223,46.155051],[9.424898,46.189902],[9.440832,46.214485],[9.422103,46.222672],[9.415328,46.215795],[9.401142,46.212077],[9.374952,46.212817],[9.354815,46.221182],[9.347594,46.229549],[9.331953,46.234491],[9.319363,46.233201],[9.27587,46.239078],[9.259453,46.232945],[9.248531,46.233768],[9.248358,46.247533],[9.252117,46.267392],[9.26001,46.278528],[9.284598,46.297346],[9.282296,46.308779],[9.294097,46.317425],[9.300141,46.326456],[9.29268,46.334983],[9.299384,46.343376],[9.296675,46.354529],[9.283208,46.358103],[9.276073,46.367811],[9.283519,46.386295],[9.276155,46.393808],[9.281713,46.406659],[9.274534,46.418845],[9.265197,46.419998],[9.249791,46.431403],[9.24742,46.445805],[9.268319,46.452928],[9.276332,46.459922],[9.275172,46.483737],[9.282739,46.496695],[9.313222,46.504251],[9.35473,46.504816],[9.362347,46.509505],[9.373433,46.503551],[9.371115,46.49019],[9.385794,46.481308],[9.390522,46.473269],[9.410788,46.466791],[9.423646,46.47642],[9.425639,46.488778],[9.434064,46.49748],[9.459013,46.508112],[9.461471,46.504548],[9.461037,46.484844],[9.465038,46.469451],[9.459076,46.460407],[9.460322,46.442836],[9.454626,46.422137],[9.461309,46.411533],[9.467863,46.389533],[9.461712,46.376057],[9.495418,46.364159],[9.507861,46.351093],[9.511965,46.337246],[9.519615,46.326176],[9.534497,46.311719],[9.549575,46.302338],[9.5587,46.305978],[9.583035,46.294285],[9.609229,46.294313],[9.618854,46.287913],[9.638206,46.286361],[9.676306,46.302428],[9.688211,46.294267],[9.702515,46.291237],[9.714149,46.292708],[9.717711,46.304334],[9.725589,46.313084],[9.717798,46.324005],[9.726473,46.333299],[9.723928,46.340488],[9.735846,46.349878],[9.74316,46.351187],[9.770273,46.335985],[9.802361,46.344521],[9.821302,46.3519],[9.832073,46.360988],[9.849923,46.36408],[9.86957,46.363218],[9.884457,46.372948],[9.907832,46.380506],[9.92573,46.366601],[9.936785,46.375479],[9.952126,46.378829],[9.964442,46.36422],[9.985602,46.352319],[9.995907,46.350657],[9.995503,46.342607],[9.986133,46.334288],[9.981078,46.32368],[9.999714,46.312253],[9.999875,46.302378],[9.992358,46.295129],[10.000578,46.282931],[10.029369,46.277174],[10.053595,46.266546],[10.060568,46.248229],[10.052609,46.235308],[10.044623,46.230538],[10.070593,46.217118],[10.08339,46.226206],[10.101428,46.227781],[10.123197,46.224237],[10.145536,46.230657],[10.151602,46.239923],[10.173625,46.253883],[10.176525,46.258276],[10.163414,46.274439],[10.153496,46.292864],[10.137526,46.301086],[10.138353,46.304616],[10.116108,46.315011],[10.105076,46.333311],[10.109434,46.352139],[10.128858,46.361546],[10.128804,46.378336],[10.143784,46.386283],[10.158954,46.385749],[10.163372,46.390377],[10.165535,46.408848],[10.159631,46.415397],[10.14973,46.41363],[10.142828,46.4277],[10.130932,46.431499],[10.116745,46.426591],[10.10792,46.427606],[10.09906,46.42147],[10.082181,46.421233],[10.076571,46.427957],[10.061274,46.427875],[10.056374,46.440096],[10.042331,46.442366],[10.042636,46.452984],[10.053332,46.463265],[10.043541,46.481328],[10.048079,46.499618],[10.042649,46.508658],[10.051112,46.513421],[10.052145,46.53202],[10.044183,46.53798],[10.046767,46.544044],[10.061344,46.546246],[10.072015,46.558995],[10.084154,46.566458],[10.079385,46.574597],[10.096009,46.578561],[10.10063,46.584439],[10.097488,46.594589],[10.102128,46.610741],[10.129339,46.605863],[10.138654,46.610582],[10.162837,46.616059],[10.189741,46.625657],[10.21514,46.617604],[10.224318,46.628953],[10.238169,46.634675],[10.244875,46.622092],[10.257951,46.610434],[10.241563,46.591571],[10.24643,46.574601],[10.253709,46.571852],[10.267277,46.577213],[10.28596,46.569932],[10.295303,46.558092],[10.297072,46.549717],[10.3116,46.547254],[10.325451,46.551081],[10.339814,46.543265],[10.352248,46.555092],[10.361864,46.555457],[10.396776,46.544424],[10.418313,46.550631],[10.437734,46.537096],[10.452801,46.530683]]]]}},{"type":"Feature","properties":{"NUTS_ID":"ITC4A","LEVL_CODE":3,"CNTR_CODE":"IT","NAME_LATN":"Cremona","NUTS_NAME":"Cremona","MOUNT_TYPE":4,"URBN_TYPE":2,"COAST_TYPE":3,"FID":"ITC4A"},"geometry":{"type":"MultiPolygon","coordinates":[[[[9.889639,45.427335],[9.892648,45.393219],[9.884676,45.382854],[9.889965,45.377018],[9.887281,45.351647],[9.897295,45.33928],[9.914703,45.336527],[9.944799,45.32049],[9.980896,45.305207],[9.984012,45.297015],[9.994426,45.291178],[10.019385,45.28404],[10.029305,45.276781],[10.048728,45.278168],[10.06253,45.276499],[10.075054,45.269185],[10.082705,45.271412],[10.086565,45.259561],[10.104662,45.246925],[10.125889,45.246809],[10.153487,45.23977],[10.164917,45.241738],[10.17853,45.239398],[10.183994,45.232497],[10.196319,45.229215],[10.218071,45.230349],[10.2252,45.240525],[10.245749,45.243263],[10.251245,45.252477],[10.263572,45.251488],[10.270042,45.239808],[10.286029,45.227409],[10.305554,45.223912],[10.320305,45.208499],[10.317723,45.204716],[10.31285,45.201871],[10.312265,45.187246],[10.327746,45.184291],[10.330003,45.178811],[10.349501,45.166188],[10.363579,45.161966],[10.367193,45.147873],[10.379438,45.139238],[10.412049,45.136375],[10.421338,45.141213],[10.436357,45.137515],[10.460216,45.146763],[10.473164,45.145673],[10.492495,45.132415],[10.486224,45.126559],[10.460715,45.123249],[10.45659,45.115279],[10.465853,45.097514],[10.463234,45.093653],[10.436793,45.090644],[10.417338,45.091909],[10.412188,45.085495],[10.41719,45.065995],[10.412113,45.044381],[10.418177,45.041491],[10.441202,45.045433],[10.466401,45.059012],[10.493852,45.056304],[10.495012,45.067896],[10.49976,45.075032],[10.533144,45.074523],[10.53949,45.0631],[10.5343,45.045298],[10.519963,45.040782],[10.510883,45.019033],[10.499319,45.021274],[10.479486,45.015097],[10.464439,45.014704],[10.458139,45.004713],[10.456651,44.984496],[10.469336,44.980106],[10.489651,44.980199],[10.514025,44.984447],[10.531568,44.991685],[10.542163,45.001266],[10.559116,45.005694],[10.578486,44.996157],[10.562958,44.994828],[10.552405,44.984748],[10.531524,44.980628],[10.522933,44.97082],[10.508488,44.972101],[10.501465,44.95462],[10.495487,44.948399],[10.472149,44.946113],[10.464031,44.937171],[10.436506,44.943537],[10.425188,44.960205],[10.417967,44.975718],[10.403796,44.984586],[10.393264,44.983492],[10.368227,44.967625],[10.358857,44.96548],[10.348833,44.968744],[10.331553,44.980312],[10.309804,44.987475],[10.303183,44.999035],[10.275314,44.998259],[10.265141,45.004772],[10.258055,45.015698],[10.211094,45.034026],[10.193827,45.028334],[10.175079,45.032944],[10.167368,45.043295],[10.158845,45.043972],[10.146053,45.034853],[10.106159,45.022492],[10.093997,45.023783],[10.084675,45.032686],[10.081037,45.047003],[10.051439,45.041622],[10.052038,45.051455],[10.040728,45.063768],[10.025717,45.070283],[10.021841,45.077696],[10.02943,45.093389],[9.988769,45.132016],[9.975095,45.133401],[9.935279,45.104223],[9.917715,45.099899],[9.914306,45.107959],[9.922187,45.11544],[9.926696,45.130056],[9.912571,45.138476],[9.891101,45.130898],[9.872492,45.140617],[9.870571,45.15827],[9.859252,45.152925],[9.849849,45.159807],[9.839001,45.14996],[9.827676,45.154183],[9.823429,45.163491],[9.804963,45.159269],[9.785157,45.165771],[9.782234,45.179317],[9.773704,45.183313],[9.773602,45.190025],[9.758851,45.18885],[9.761867,45.198273],[9.772168,45.202964],[9.776929,45.213146],[9.767152,45.21552],[9.76267,45.222446],[9.743698,45.216102],[9.742372,45.224612],[9.728468,45.22358],[9.715807,45.23392],[9.724531,45.243421],[9.711025,45.248074],[9.70841,45.261961],[9.694119,45.256476],[9.680553,45.257321],[9.66896,45.261918],[9.672039,45.268107],[9.657248,45.275892],[9.635763,45.283889],[9.628439,45.292873],[9.617052,45.294491],[9.605513,45.322888],[9.598302,45.328751],[9.596674,45.339924],[9.58204,45.362696],[9.568075,45.366948],[9.563535,45.344092],[9.551409,45.339143],[9.537003,45.344409],[9.509098,45.349088],[9.510641,45.359152],[9.505588,45.366359],[9.495911,45.364341],[9.479712,45.375989],[9.467488,45.374605],[9.455204,45.386757],[9.467616,45.413319],[9.480234,45.419865],[9.480532,45.427884],[9.48792,45.438499],[9.48393,45.448691],[9.494102,45.471475],[9.491864,45.474435],[9.501396,45.491219],[9.519207,45.504482],[9.540431,45.487877],[9.550796,45.460322],[9.577576,45.46024],[9.590847,45.476072],[9.60866,45.475457],[9.610785,45.464021],[9.62066,45.456427],[9.638005,45.458317],[9.650335,45.454029],[9.661837,45.437221],[9.685091,45.443013],[9.690304,45.458401],[9.698853,45.460615],[9.700079,45.469043],[9.709103,45.482065],[9.722301,45.476834],[9.733613,45.476187],[9.746577,45.466865],[9.753716,45.455695],[9.760329,45.456573],[9.769582,45.440048],[9.769312,45.430175],[9.784652,45.429524],[9.807905,45.422789],[9.811634,45.43845],[9.822047,45.445813],[9.812587,45.451742],[9.824149,45.456451],[9.834734,45.449436],[9.847171,45.450518],[9.861189,45.432997],[9.879077,45.434517],[9.889639,45.427335]]]]}},{"type":"Feature","properties":{"NUTS_ID":"ITC4C","LEVL_CODE":3,"CNTR_CODE":"IT","NAME_LATN":"Milano","NUTS_NAME":"Milano","MOUNT_TYPE":4,"URBN_TYPE":1,"COAST_TYPE":3,"FID":"ITC4C"},"geometry":{"type":"MultiPolygon","coordinates":[[[[9.052902,45.623193],[9.092759,45.621061],[9.107799,45.622722],[9.104158,45.612686],[9.094657,45.604557],[9.100599,45.5956],[9.094076,45.590202],[9.119969,45.584234],[9.14489,45.583712],[9.146785,45.587784],[9.167811,45.592335],[9.194341,45.577097],[9.211504,45.577923],[9.223604,45.575699],[9.227645,45.566664],[9.247835,45.563323],[9.250331,45.553257],[9.26861,45.551276],[9.276042,45.545588],[9.29203,45.542324],[9.305093,45.536653],[9.324509,45.539739],[9.321295,45.547421],[9.326393,45.561637],[9.340403,45.56139],[9.361412,45.554263],[9.369227,45.557593],[9.385572,45.557381],[9.40314,45.573246],[9.423804,45.581273],[9.442569,45.585584],[9.444632,45.59194],[9.467171,45.593596],[9.483587,45.610673],[9.48119,45.619641],[9.492465,45.62789],[9.495871,45.639704],[9.496946,45.632079],[9.519373,45.622513],[9.538616,45.582318],[9.531435,45.56662],[9.525512,45.561726],[9.529615,45.537179],[9.53711,45.533674],[9.53856,45.525428],[9.550321,45.524194],[9.549245,45.50818],[9.540546,45.502182],[9.519207,45.504482],[9.501396,45.491219],[9.491864,45.474435],[9.494102,45.471475],[9.48393,45.448691],[9.472296,45.448553],[9.460413,45.454683],[9.456494,45.467298],[9.434246,45.468828],[9.433611,45.461294],[9.417554,45.451535],[9.41715,45.438487],[9.426001,45.422048],[9.416136,45.408759],[9.407414,45.402511],[9.407856,45.395931],[9.388938,45.399843],[9.380847,45.388474],[9.373116,45.386543],[9.378222,45.36895],[9.361351,45.365179],[9.362454,45.346212],[9.356343,45.343551],[9.371823,45.329841],[9.385906,45.306813],[9.368654,45.304187],[9.366291,45.315414],[9.351153,45.317153],[9.338846,45.312966],[9.331485,45.312984],[9.316467,45.325797],[9.283804,45.331241],[9.276303,45.32463],[9.264282,45.32711],[9.246049,45.32452],[9.228712,45.328713],[9.21771,45.326829],[9.201774,45.334816],[9.195791,45.316149],[9.183515,45.309359],[9.189783,45.298857],[9.168299,45.299587],[9.153087,45.296302],[9.142901,45.30815],[9.129596,45.311088],[9.081926,45.303265],[9.075944,45.307162],[9.039092,45.302451],[9.025896,45.304881],[9.034154,45.311873],[9.019871,45.326015],[8.998624,45.318444],[8.988326,45.321598],[9.003669,45.291414],[9.014624,45.290782],[9.018717,45.280578],[9.005131,45.277047],[8.982958,45.264994],[8.972936,45.276112],[8.945457,45.291069],[8.94333,45.313941],[8.933469,45.319499],[8.924464,45.317402],[8.9076,45.325892],[8.907867,45.333255],[8.865963,45.344791],[8.866457,45.358773],[8.849545,45.368806],[8.847118,45.389736],[8.842916,45.393841],[8.842212,45.39895],[8.824554,45.419501],[8.818025,45.434721],[8.799987,45.455825],[8.789367,45.461985],[8.791147,45.468748],[8.787505,45.486235],[8.77272,45.485309],[8.757101,45.498064],[8.740043,45.498182],[8.727181,45.503055],[8.713215,45.519934],[8.719422,45.531056],[8.71102,45.541333],[8.706897,45.558316],[8.721199,45.5716],[8.729376,45.562475],[8.739189,45.560191],[8.750178,45.565567],[8.744049,45.571616],[8.765973,45.576939],[8.770973,45.587171],[8.782274,45.587511],[8.786168,45.602422],[8.806386,45.601677],[8.814903,45.59728],[8.812091,45.590616],[8.821189,45.581691],[8.833728,45.582234],[8.837019,45.568465],[8.854233,45.574938],[8.866008,45.57592],[8.873244,45.580915],[8.867842,45.592018],[8.903521,45.606763],[8.922193,45.612483],[8.932442,45.626464],[8.929663,45.634949],[8.939942,45.642669],[8.965656,45.629333],[8.974855,45.614329],[8.967275,45.608281],[8.973299,45.588116],[8.983549,45.591061],[9.002109,45.574172],[9.006337,45.579831],[9.025682,45.588472],[9.049455,45.578139],[9.063546,45.582226],[9.065219,45.595867],[9.06134,45.607694],[9.053987,45.614932],[9.052902,45.623193]]],[[[9.531602,45.165352],[9.478259,45.161658],[9.468009,45.168451],[9.455623,45.183295],[9.438572,45.187634],[9.450193,45.189664],[9.470726,45.201326],[9.48677,45.191842],[9.49603,45.193138],[9.500294,45.186601],[9.51573,45.187078],[9.525683,45.180823],[9.531602,45.165352]]]]}},{"type":"Feature","properties":{"NUTS_ID":"ITC4D","LEVL_CODE":3,"CNTR_CODE":"IT","NAME_LATN":"Monza e della Brianza","NUTS_NAME":"Monza e della Brianza","MOUNT_TYPE":4,"URBN_TYPE":1,"COAST_TYPE":3,"FID":"ITC4D"},"geometry":{"type":"MultiPolygon","coordinates":[[[[9.247139,45.742652],[9.258477,45.739969],[9.274261,45.742238],[9.286036,45.731137],[9.298887,45.700639],[9.295079,45.690002],[9.311038,45.670777],[9.314078,45.660703],[9.343378,45.671401],[9.368468,45.6633],[9.372305,45.655095],[9.398666,45.671191],[9.414459,45.676507],[9.422654,45.656523],[9.446859,45.649707],[9.465033,45.663874],[9.476588,45.669248],[9.487208,45.664591],[9.486561,45.653078],[9.495027,45.648644],[9.495871,45.639704],[9.492465,45.62789],[9.48119,45.619641],[9.483587,45.610673],[9.467171,45.593596],[9.444632,45.59194],[9.442569,45.585584],[9.423804,45.581273],[9.40314,45.573246],[9.385572,45.557381],[9.369227,45.557593],[9.361412,45.554263],[9.340403,45.56139],[9.326393,45.561637],[9.321295,45.547421],[9.324509,45.539739],[9.305093,45.536653],[9.29203,45.542324],[9.276042,45.545588],[9.26861,45.551276],[9.250331,45.553257],[9.247835,45.563323],[9.227645,45.566664],[9.223604,45.575699],[9.211504,45.577923],[9.194341,45.577097],[9.167811,45.592335],[9.146785,45.587784],[9.14489,45.583712],[9.119969,45.584234],[9.094076,45.590202],[9.100599,45.5956],[9.094657,45.604557],[9.104158,45.612686],[9.107799,45.622722],[9.092759,45.621061],[9.052902,45.623193],[9.051853,45.632549],[9.061722,45.636852],[9.055755,45.646504],[9.067063,45.685125],[9.092863,45.687033],[9.103194,45.696874],[9.116145,45.689564],[9.138014,45.694317],[9.153812,45.686562],[9.16327,45.673477],[9.179671,45.663493],[9.194449,45.66769],[9.192782,45.683245],[9.197603,45.689867],[9.195331,45.698346],[9.204178,45.709242],[9.216339,45.715629],[9.231498,45.717535],[9.231441,45.722427],[9.24351,45.732849],[9.247139,45.742652]]]]}},{"type":"Feature","properties":{"NUTS_ID":"ITH41","LEVL_CODE":3,"CNTR_CODE":"IT","NAME_LATN":"Pordenone","NUTS_NAME":"Pordenone","MOUNT_TYPE":4,"URBN_TYPE":2,"COAST_TYPE":2,"FID":"ITH41"},"geometry":{"type":"MultiPolygon","coordinates":[[[[12.979058,45.834049],[12.967994,45.836394],[12.962225,45.845789],[12.951552,45.842264],[12.95108,45.831054],[12.957383,45.822845],[12.929509,45.817358],[12.920526,45.831347],[12.905724,45.828413],[12.892346,45.820625],[12.877571,45.825451],[12.869688,45.833787],[12.877213,45.843195],[12.860204,45.850497],[12.838451,45.847389],[12.83397,45.838927],[12.81992,45.834187],[12.817329,45.823824],[12.801825,45.822954],[12.799297,45.833175],[12.80369,45.844187],[12.793823,45.846103],[12.779838,45.854448],[12.743775,45.827101],[12.730649,45.836763],[12.702921,45.815272],[12.695036,45.806357],[12.672687,45.791719],[12.661673,45.792441],[12.650462,45.802167],[12.654028,45.809495],[12.646281,45.81983],[12.634319,45.818499],[12.630238,45.82943],[12.617851,45.828936],[12.605474,45.837002],[12.59508,45.83092],[12.597412,45.822148],[12.589939,45.815339],[12.580434,45.824743],[12.572887,45.824376],[12.555006,45.830145],[12.549938,45.839501],[12.558578,45.845679],[12.550886,45.850082],[12.549632,45.860702],[12.531122,45.863079],[12.535766,45.869362],[12.532495,45.884489],[12.522428,45.886415],[12.508301,45.897429],[12.51589,45.904657],[12.50995,45.9091],[12.504594,45.923354],[12.478278,45.927139],[12.465362,45.933054],[12.463113,45.940528],[12.443806,45.947174],[12.426116,45.948372],[12.423014,45.956254],[12.426534,45.967917],[12.428275,45.994136],[12.419015,46.007995],[12.414859,46.027072],[12.400534,46.041996],[12.404805,46.043575],[12.409964,46.059154],[12.417381,46.060961],[12.436306,46.083664],[12.47081,46.095542],[12.483448,46.104064],[12.493291,46.120272],[12.498196,46.138504],[12.493244,46.155144],[12.475188,46.164031],[12.465802,46.165959],[12.447746,46.180073],[12.442898,46.197266],[12.446472,46.207775],[12.430541,46.209279],[12.407683,46.207457],[12.400285,46.211265],[12.408411,46.221287],[12.401698,46.229003],[12.376443,46.22295],[12.355524,46.231284],[12.345942,46.239341],[12.337612,46.240042],[12.333445,46.252029],[12.32427,46.255851],[12.321419,46.269081],[12.33002,46.283141],[12.341418,46.286075],[12.354488,46.29569],[12.355626,46.319749],[12.378479,46.331183],[12.386142,46.329248],[12.411109,46.330808],[12.420426,46.341961],[12.417396,46.354865],[12.428717,46.352249],[12.451673,46.362145],[12.462079,46.369799],[12.455068,46.39168],[12.468388,46.389922],[12.480561,46.402195],[12.498703,46.412222],[12.50386,46.40481],[12.519085,46.398012],[12.526621,46.372249],[12.541535,46.360272],[12.557021,46.369073],[12.576945,46.365135],[12.586176,46.366877],[12.604096,46.355883],[12.59671,46.348335],[12.609206,46.343902],[12.627272,46.347113],[12.637932,46.33932],[12.652554,46.338516],[12.660676,46.345399],[12.677268,46.34815],[12.693029,46.343202],[12.694687,46.337685],[12.708789,46.326017],[12.722306,46.329844],[12.729233,46.336388],[12.781145,46.346121],[12.778729,46.35532],[12.810108,46.359245],[12.820639,46.356855],[12.835207,46.344296],[12.858978,46.345582],[12.879278,46.342227],[12.876402,46.333162],[12.891893,46.330951],[12.90645,46.334775],[12.916252,46.345705],[12.936431,46.334184],[12.961212,46.33701],[12.973565,46.328256],[12.974772,46.316636],[12.955221,46.302918],[12.956636,46.293173],[12.966825,46.284115],[12.976629,46.281837],[12.990589,46.273251],[12.977893,46.268261],[12.976737,46.254747],[12.971166,46.24686],[12.974655,46.236136],[12.948798,46.216365],[12.937678,46.211916],[12.957721,46.202822],[12.965194,46.194914],[12.957487,46.187171],[12.957311,46.178606],[12.951608,46.168002],[12.947907,46.151361],[12.93292,46.122358],[12.926697,46.090122],[12.917126,46.074179],[12.916313,46.042217],[12.912051,45.995703],[12.903874,45.963278],[12.907368,45.944519],[12.915518,45.914175],[12.928007,45.897764],[12.950055,45.884758],[12.95851,45.883075],[12.974263,45.873096],[12.981505,45.851265],[12.976541,45.84217],[12.979058,45.834049]]]]}},{"type":"Feature","properties":{"NUTS_ID":"ITH42","LEVL_CODE":3,"CNTR_CODE":"IT","NAME_LATN":"Udine","NUTS_NAME":"Udine","MOUNT_TYPE":2,"URBN_TYPE":2,"COAST_TYPE":1,"FID":"ITH42"},"geometry":{"type":"MultiPolygon","coordinates":[[[[13.504249,46.566304],[13.506342,46.556396],[13.519894,46.546901],[13.545858,46.553399],[13.562715,46.551056],[13.569756,46.54016],[13.581273,46.539369],[13.592154,46.545894],[13.621895,46.542197],[13.673853,46.523263],[13.690159,46.521295],[13.714185,46.522703],[13.715385,46.506961],[13.702811,46.498726],[13.703801,46.485266],[13.708416,46.480441],[13.694159,46.467602],[13.698125,46.455991],[13.69277,46.443202],[13.684032,46.437472],[13.676088,46.440056],[13.655626,46.439882],[13.648106,46.445778],[13.597087,46.43855],[13.582561,46.430185],[13.577289,46.409355],[13.566162,46.398858],[13.527463,46.387526],[13.49818,46.371015],[13.482444,46.368998],[13.469733,46.361237],[13.450252,46.362757],[13.437466,46.35437],[13.448363,46.333282],[13.439654,46.323223],[13.426138,46.322321],[13.415971,46.314913],[13.417359,46.306358],[13.40288,46.300137],[13.375492,46.298232],[13.381952,46.289002],[13.391414,46.282943],[13.399125,46.253808],[13.407488,46.242245],[13.421873,46.234485],[13.412482,46.227089],[13.416065,46.221596],[13.41072,46.212356],[13.423357,46.206054],[13.448232,46.21625],[13.444043,46.22543],[13.472984,46.225248],[13.496927,46.221849],[13.503403,46.215895],[13.529461,46.212214],[13.54558,46.212168],[13.560664,46.20465],[13.573008,46.184874],[13.589854,46.188283],[13.611972,46.188854],[13.614582,46.184326],[13.633614,46.191791],[13.65839,46.184182],[13.666058,46.174168],[13.653471,46.158629],[13.652414,46.14771],[13.643762,46.137347],[13.6326,46.133453],[13.622023,46.12321],[13.602479,46.113118],[13.59554,46.104671],[13.57976,46.097644],[13.572595,46.088542],[13.544673,46.082386],[13.530245,46.067383],[13.514244,46.061874],[13.501998,46.061504],[13.496939,46.051335],[13.485124,46.046603],[13.467417,46.009204],[13.460249,46.005456],[13.46762,45.996867],[13.464894,45.986078],[13.436635,45.972074],[13.442221,45.958313],[13.430786,45.953461],[13.420427,45.938792],[13.42078,45.930511],[13.396665,45.908583],[13.399688,45.8956],[13.410345,45.891437],[13.418979,45.880939],[13.415611,45.866422],[13.407739,45.857545],[13.426088,45.833977],[13.426339,45.813237],[13.433089,45.795005],[13.442203,45.787644],[13.437593,45.777346],[13.425372,45.769177],[13.422728,45.75652],[13.434992,45.759155],[13.452808,45.747458],[13.418691,45.7424],[13.404559,45.738493],[13.406493,45.725175],[13.381952,45.725505],[13.365791,45.732726],[13.353669,45.735112],[13.319763,45.74437],[13.312928,45.748438],[13.290953,45.749816],[13.275755,45.748346],[13.270711,45.753056],[13.254814,45.750299],[13.250071,45.756451],[13.237588,45.755237],[13.227436,45.755947],[13.221849,45.771793],[13.203365,45.766298],[13.193693,45.773658],[13.184257,45.773332],[13.179074,45.762533],[13.16734,45.761749],[13.16141,45.754233],[13.144667,45.751322],[13.133235,45.76543],[13.112376,45.757727],[13.115488,45.752301],[13.105819,45.7372],[13.092361,45.734198],[13.086817,45.71906],[13.070584,45.714009],[13.068123,45.709967],[13.078515,45.696941],[13.076453,45.691024],[13.098075,45.689278],[13.110979,45.686061],[13.133276,45.691981],[13.144667,45.698562],[13.147169,45.688835],[13.110966,45.66439],[13.098786,45.644533],[13.08168,45.658349],[13.064305,45.656779],[13.06692,45.670874],[13.062869,45.67819],[13.054207,45.678282],[13.045017,45.684433],[13.051383,45.690275],[13.037348,45.699615],[13.038539,45.72074],[13.017241,45.730843],[13.01549,45.740258],[13.00232,45.748111],[12.999891,45.76801],[12.992973,45.775543],[12.984119,45.777337],[12.983536,45.784896],[12.973084,45.789842],[12.981803,45.797547],[12.975475,45.805748],[12.980447,45.813945],[12.971868,45.827297],[12.979058,45.834049],[12.976541,45.84217],[12.981505,45.851265],[12.974263,45.873096],[12.95851,45.883075],[12.950055,45.884758],[12.928007,45.897764],[12.915518,45.914175],[12.907368,45.944519],[12.903874,45.963278],[12.912051,45.995703],[12.916313,46.042217],[12.917126,46.074179],[12.926697,46.090122],[12.93292,46.122358],[12.947907,46.151361],[12.951608,46.168002],[12.957311,46.178606],[12.957487,46.187171],[12.965194,46.194914],[12.957721,46.202822],[12.937678,46.211916],[12.948798,46.216365],[12.974655,46.236136],[12.971166,46.24686],[12.976737,46.254747],[12.977893,46.268261],[12.990589,46.273251],[12.976629,46.281837],[12.966825,46.284115],[12.956636,46.293173],[12.955221,46.302918],[12.974772,46.316636],[12.973565,46.328256],[12.961212,46.33701],[12.936431,46.334184],[12.916252,46.345705],[12.90645,46.334775],[12.891893,46.330951],[12.876402,46.333162],[12.879278,46.342227],[12.858978,46.345582],[12.835207,46.344296],[12.820639,46.356855],[12.810108,46.359245],[12.778729,46.35532],[12.781145,46.346121],[12.729233,46.336388],[12.722306,46.329844],[12.708789,46.326017],[12.694687,46.337685],[12.693029,46.343202],[12.677268,46.34815],[12.660676,46.345399],[12.652554,46.338516],[12.637932,46.33932],[12.627272,46.347113],[12.609206,46.343902],[12.59671,46.348335],[12.604096,46.355883],[12.586176,46.366877],[12.576945,46.365135],[12.557021,46.369073],[12.541535,46.360272],[12.526621,46.372249],[12.519085,46.398012],[12.50386,46.40481],[12.498703,46.412222],[12.492498,46.424273],[12.50637,46.441097],[12.528531,46.449403],[12.527285,46.458743],[12.539487,46.457156],[12.569082,46.475358],[12.591441,46.471732],[12.606803,46.464297],[12.621472,46.474529],[12.638201,46.473023],[12.64893,46.467154],[12.661582,46.469407],[12.656386,46.481516],[12.631152,46.500112],[12.630602,46.51218],[12.680701,46.528568],[12.69292,46.538767],[12.71444,46.544578],[12.72671,46.539644],[12.749661,46.543995],[12.735262,46.554285],[12.732965,46.57065],[12.741895,46.576295],[12.738727,46.587884],[12.741383,46.595148],[12.729648,46.610492],[12.727451,46.630394],[12.731393,46.634288],[12.744086,46.637747],[12.755963,46.646934],[12.778383,46.64618],[12.794375,46.642295],[12.799507,46.636042],[12.819827,46.628656],[12.835917,46.627378],[12.833574,46.611188],[12.853427,46.604914],[12.8664,46.609356],[12.888081,46.60664],[12.929447,46.610223],[12.947811,46.602852],[12.95743,46.605915],[12.987308,46.599654],[13.021839,46.601518],[13.032034,46.596318],[13.047279,46.595689],[13.087607,46.601258],[13.10377,46.595113],[13.13919,46.590218],[13.168601,46.588899],[13.180053,46.577823],[13.194842,46.57202],[13.217403,46.569888],[13.231702,46.559553],[13.232567,46.55362],[13.250898,46.559553],[13.261263,46.557723],[13.27165,46.560928],[13.285125,46.55762],[13.2955,46.560401],[13.318743,46.552411],[13.343809,46.56913],[13.362893,46.570065],[13.372423,46.578594],[13.406877,46.571408],[13.40803,46.561966],[13.444573,46.556691],[13.454169,46.559243],[13.472923,46.557445],[13.504249,46.566304]]],[[[13.178345,45.712126],[13.178907,45.706386],[13.168034,45.702609],[13.157975,45.70964],[13.178345,45.712126]]]]}},{"type":"Feature","properties":{"NUTS_ID":"ITH35","LEVL_CODE":3,"CNTR_CODE":"IT","NAME_LATN":"Venezia","NUTS_NAME":"Venezia","MOUNT_TYPE":4,"URBN_TYPE":1,"COAST_TYPE":1,"FID":"ITH35"},"geometry":{"type":"MultiPolygon","coordinates":[[[[12.979058,45.834049],[12.971868,45.827297],[12.980447,45.813945],[12.975475,45.805748],[12.981803,45.797547],[12.973084,45.789842],[12.983536,45.784896],[12.984119,45.777337],[12.992973,45.775543],[12.999891,45.76801],[13.00232,45.748111],[13.01549,45.740258],[13.017241,45.730843],[13.038539,45.72074],[13.037348,45.699615],[13.051383,45.690275],[13.045017,45.684433],[13.054207,45.678282],[13.062869,45.67819],[13.06692,45.670874],[13.064305,45.656779],[13.08168,45.658349],[13.098786,45.644533],[13.096033,45.635843],[13.059775,45.630821],[13.026277,45.630037],[12.978331,45.625332],[12.919894,45.613368],[12.908655,45.614384],[12.88936,45.598206],[12.787843,45.556727],[12.761765,45.542854],[12.719593,45.525064],[12.672687,45.512865],[12.6148,45.492694],[12.583967,45.479162],[12.531922,45.463514],[12.489123,45.451537],[12.455379,45.4396],[12.432892,45.425437],[12.422675,45.434272],[12.421384,45.442027],[12.447322,45.471391],[12.470193,45.476932],[12.477252,45.490953],[12.487586,45.499042],[12.502775,45.497754],[12.50942,45.503043],[12.542976,45.499178],[12.552054,45.494126],[12.553549,45.485962],[12.573745,45.493266],[12.569639,45.500386],[12.588516,45.506696],[12.602138,45.514787],[12.62241,45.513486],[12.632616,45.527139],[12.622238,45.536823],[12.600317,45.53748],[12.585289,45.526096],[12.586063,45.537984],[12.596602,45.545274],[12.573941,45.551631],[12.562281,45.564666],[12.557237,45.559346],[12.538401,45.568626],[12.537981,45.57531],[12.473622,45.562062],[12.458026,45.552738],[12.448865,45.537019],[12.438957,45.535295],[12.415898,45.544454],[12.395686,45.531985],[12.391761,45.518962],[12.371,45.519678],[12.338334,45.492321],[12.329392,45.495433],[12.299188,45.479142],[12.281252,45.476989],[12.283357,45.466966],[12.27375,45.450736],[12.260521,45.454654],[12.257737,45.418382],[12.238088,45.423008],[12.193646,45.412501],[12.165706,45.390955],[12.18668,45.374711],[12.17569,45.367079],[12.163577,45.37196],[12.153182,45.387393],[12.147016,45.378521],[12.14986,45.365556],[12.141609,45.356284],[12.139657,45.321228],[12.133767,45.315016],[12.132562,45.30037],[12.113992,45.305022],[12.091695,45.330142],[12.081019,45.331868],[12.068175,45.320527],[12.058242,45.321528],[12.051343,45.312595],[12.035265,45.314212],[12.02185,45.3221],[12.015301,45.332435],[12.013663,45.342732],[12.034728,45.357314],[12.026577,45.367324],[12.012134,45.370389],[11.993933,45.380112],[11.996442,45.387978],[11.990015,45.394551],[11.976347,45.396679],[11.981063,45.408182],[12.002847,45.408422],[11.994754,45.415107],[11.996746,45.423871],[12.018342,45.424393],[12.025545,45.448493],[12.018596,45.450958],[12.004708,45.447587],[11.979105,45.455412],[11.976952,45.463514],[11.98143,45.474956],[11.989999,45.47339],[12.003088,45.508658],[12.002296,45.518709],[12.007612,45.531949],[12.02632,45.523008],[12.033066,45.534453],[12.033384,45.562736],[12.03573,45.570746],[12.060197,45.572529],[12.06308,45.577235],[12.082291,45.581142],[12.092476,45.598335],[12.097661,45.603729],[12.108356,45.604095],[12.108569,45.613007],[12.121364,45.609349],[12.1252,45.597848],[12.144443,45.594351],[12.145222,45.585178],[12.160769,45.583994],[12.167106,45.577206],[12.190972,45.583093],[12.195318,45.573605],[12.209536,45.570429],[12.21164,45.563588],[12.205291,45.542349],[12.213838,45.537819],[12.23404,45.538256],[12.246062,45.530888],[12.27974,45.535746],[12.276263,45.543269],[12.281605,45.553746],[12.27528,45.561192],[12.280692,45.567717],[12.294338,45.574133],[12.319195,45.570758],[12.335348,45.561839],[12.35239,45.587875],[12.37025,45.583091],[12.381025,45.577618],[12.387874,45.56939],[12.407063,45.564401],[12.416573,45.567155],[12.42276,45.562065],[12.43972,45.559949],[12.453133,45.571851],[12.444513,45.578667],[12.438008,45.59059],[12.443168,45.603273],[12.424518,45.621527],[12.434104,45.626442],[12.437759,45.639685],[12.463288,45.638768],[12.484755,45.643025],[12.488723,45.649786],[12.48831,45.661404],[12.504912,45.665416],[12.49526,45.673883],[12.504557,45.683573],[12.518866,45.688487],[12.523991,45.679001],[12.557403,45.684632],[12.57519,45.697166],[12.591167,45.69034],[12.602479,45.68007],[12.616875,45.695091],[12.642284,45.699071],[12.658071,45.709342],[12.677208,45.705243],[12.685051,45.712992],[12.671215,45.717461],[12.672687,45.736381],[12.647715,45.747346],[12.661203,45.752167],[12.668472,45.770913],[12.655803,45.778326],[12.656698,45.791345],[12.661673,45.792441],[12.672687,45.791719],[12.695036,45.806357],[12.702921,45.815272],[12.730649,45.836763],[12.743775,45.827101],[12.779838,45.854448],[12.793823,45.846103],[12.80369,45.844187],[12.799297,45.833175],[12.801825,45.822954],[12.817329,45.823824],[12.81992,45.834187],[12.83397,45.838927],[12.838451,45.847389],[12.860204,45.850497],[12.877213,45.843195],[12.869688,45.833787],[12.877571,45.825451],[12.892346,45.820625],[12.905724,45.828413],[12.920526,45.831347],[12.929509,45.817358],[12.957383,45.822845],[12.95108,45.831054],[12.951552,45.842264],[12.962225,45.845789],[12.967994,45.836394],[12.979058,45.834049]]],[[[12.425303,45.463534],[12.414326,45.453914],[12.392814,45.445384],[12.390655,45.455333],[12.406086,45.457744],[12.425884,45.473034],[12.425303,45.463534]]],[[[12.42296,45.494183],[12.404961,45.483142],[12.397463,45.489984],[12.412071,45.494993],[12.42296,45.494183]]],[[[12.377507,45.413715],[12.359112,45.394597],[12.333116,45.357748],[12.328565,45.3384],[12.309115,45.341294],[12.323723,45.351643],[12.331602,45.360479],[12.337718,45.375126],[12.367533,45.416596],[12.374834,45.420549],[12.385746,45.433277],[12.398548,45.428906],[12.377507,45.413715]]],[[[12.326343,45.448994],[12.360293,45.435631],[12.361675,45.42551],[12.345409,45.433484],[12.331421,45.428798],[12.308881,45.432548],[12.305793,45.436534],[12.319672,45.447738],[12.326343,45.448994]]],[[[12.330572,45.16055],[12.309026,45.143926],[12.282928,45.143031],[12.28304,45.124874],[12.245866,45.108256],[12.215317,45.104476],[12.20329,45.104733],[12.187033,45.089616],[12.167467,45.093008],[12.159772,45.083332],[12.158798,45.073304],[12.148032,45.067971],[12.147537,45.058565],[12.136543,45.056256],[12.112467,45.062946],[12.083895,45.080957],[12.048648,45.104956],[12.049005,45.114817],[12.025561,45.119593],[12.041966,45.132201],[12.024768,45.138389],[11.991827,45.139193],[11.968785,45.133983],[11.961977,45.149312],[11.983456,45.155598],[11.977376,45.163094],[11.973504,45.181683],[11.978743,45.186804],[12.021966,45.193487],[12.12203,45.209998],[12.153407,45.194216],[12.175871,45.196303],[12.155734,45.208379],[12.154593,45.221359],[12.193436,45.234485],[12.188827,45.240534],[12.200494,45.257337],[12.213151,45.252415],[12.212533,45.245449],[12.203716,45.232946],[12.220992,45.20273],[12.207408,45.196171],[12.246381,45.184836],[12.258487,45.184552],[12.268683,45.193428],[12.263509,45.209023],[12.274373,45.212134],[12.274862,45.224308],[12.288218,45.217549],[12.298349,45.229224],[12.302843,45.20194],[12.310416,45.187308],[12.329226,45.167964],[12.330572,45.16055]]]]}},{"type":"Feature","properties":{"NUTS_ID":"ITH20","LEVL_CODE":3,"CNTR_CODE":"IT","NAME_LATN":"Trento","NUTS_NAME":"Trento","MOUNT_TYPE":3,"URBN_TYPE":2,"COAST_TYPE":3,"FID":"ITH20"},"geometry":{"type":"MultiPolygon","coordinates":[[[[11.828336,46.508914],[11.814896,46.498461],[11.811009,46.484421],[11.814049,46.478055],[11.824913,46.47573],[11.840841,46.476722],[11.874066,46.472702],[11.886865,46.464596],[11.887917,46.442028],[11.870865,46.433515],[11.850337,46.434186],[11.839179,46.416552],[11.843728,46.409929],[11.836291,46.400656],[11.832747,46.38746],[11.834289,46.36681],[11.820213,46.376654],[11.812408,46.367939],[11.793155,46.366943],[11.774403,46.358238],[11.781524,46.350213],[11.800616,46.342919],[11.805064,46.333219],[11.829882,46.325628],[11.833083,46.312577],[11.841482,46.306351],[11.830756,46.29446],[11.827118,46.285005],[11.838055,46.270979],[11.861009,46.271142],[11.885261,46.278822],[11.888126,46.272607],[11.885519,46.260313],[11.892137,46.252647],[11.90494,46.255725],[11.92117,46.248426],[11.91841,46.238469],[11.909601,46.224431],[11.923677,46.217518],[11.936585,46.200527],[11.961044,46.198717],[11.961249,46.18701],[11.950013,46.180676],[11.950938,46.17027],[11.928658,46.175803],[11.928559,46.167654],[11.918985,46.156225],[11.920864,46.149537],[11.901275,46.13663],[11.904318,46.133361],[11.891798,46.120477],[11.884194,46.117353],[11.818908,46.107353],[11.803523,46.103741],[11.768994,46.101349],[11.758724,46.095603],[11.750777,46.105126],[11.717277,46.102719],[11.70349,46.090492],[11.688704,46.09454],[11.682228,46.087212],[11.687183,46.065927],[11.703728,46.054123],[11.705256,46.045878],[11.679202,46.045379],[11.668118,46.038585],[11.671911,46.030819],[11.68146,46.027395],[11.668658,46.017593],[11.689019,45.98998],[11.684318,45.984078],[11.685838,45.969287],[11.671036,45.964309],[11.651821,45.965108],[11.627641,45.960641],[11.629017,45.969295],[11.612827,45.966945],[11.599002,45.97169],[11.587741,45.969934],[11.577275,46.006489],[11.565877,46.006334],[11.554626,46.011361],[11.537174,46.012828],[11.516491,46.009608],[11.510734,46.011994],[11.491231,46.008552],[11.482229,45.998656],[11.468756,45.997226],[11.446417,45.9814],[11.398838,45.980298],[11.373413,45.983214],[11.372899,45.972278],[11.377801,45.957724],[11.383323,45.951051],[11.379924,45.943303],[11.358474,45.94327],[11.35815,45.925253],[11.333593,45.917152],[11.320755,45.919485],[11.313345,45.926446],[11.301222,45.930447],[11.301689,45.919],[11.261901,45.917359],[11.259547,45.904901],[11.249851,45.898854],[11.254807,45.885106],[11.24337,45.884566],[11.235974,45.879632],[11.24337,45.872672],[11.238977,45.856483],[11.218587,45.843225],[11.219076,45.8329],[11.1987,45.82419],[11.189081,45.811627],[11.193722,45.794401],[11.20282,45.783374],[11.191634,45.781712],[11.174002,45.787079],[11.180472,45.764805],[11.175584,45.749087],[11.178273,45.737589],[11.172937,45.731763],[11.138372,45.707933],[11.138338,45.697088],[11.124793,45.690782],[11.120371,45.695521],[11.094605,45.693216],[11.071833,45.704627],[11.056402,45.71767],[11.041821,45.706802],[11.016495,45.705727],[11.007989,45.711202],[10.993736,45.707524],[10.997522,45.698315],[10.988783,45.690324],[10.968352,45.680095],[10.962033,45.685679],[10.949647,45.684054],[10.943871,45.674237],[10.937491,45.673414],[10.920553,45.680655],[10.912027,45.688314],[10.924597,45.699626],[10.895973,45.709573],[10.887948,45.71549],[10.843868,45.718594],[10.849874,45.734907],[10.862785,45.745019],[10.866034,45.762214],[10.875875,45.765166],[10.883447,45.779753],[10.87354,45.789989],[10.877099,45.802778],[10.886761,45.811257],[10.881894,45.817403],[10.840177,45.832758],[10.825951,45.837329],[10.790978,45.833835],[10.777424,45.842346],[10.749958,45.837158],[10.733319,45.842593],[10.711518,45.836231],[10.698217,45.841079],[10.676505,45.830879],[10.654696,45.832406],[10.656583,45.82265],[10.647254,45.806288],[10.614024,45.805626],[10.58489,45.795583],[10.574469,45.78711],[10.552405,45.783738],[10.5339,45.787862],[10.526062,45.805648],[10.543376,45.815719],[10.528666,45.826316],[10.508843,45.824262],[10.502897,45.830345],[10.507092,45.841219],[10.502016,45.85927],[10.503323,45.875211],[10.490503,45.885866],[10.493235,45.898548],[10.506204,45.903442],[10.510329,45.916364],[10.507841,45.923541],[10.49128,45.933237],[10.491461,45.94195],[10.483872,45.951159],[10.489005,45.96256],[10.487648,45.970453],[10.476781,45.970753],[10.453449,45.976536],[10.45309,45.98887],[10.457486,45.997277],[10.457612,46.008782],[10.47216,46.02146],[10.482413,46.021801],[10.485821,46.028597],[10.484081,46.047508],[10.478518,46.051531],[10.493441,46.068078],[10.516649,46.080327],[10.520945,46.0878],[10.541081,46.103074],[10.550726,46.123464],[10.550284,46.137254],[10.546621,46.143147],[10.554354,46.148774],[10.55795,46.160128],[10.564573,46.167299],[10.552405,46.181718],[10.54148,46.188584],[10.552405,46.208138],[10.570439,46.223209],[10.56879,46.233459],[10.58005,46.239504],[10.585216,46.247108],[10.575607,46.274648],[10.560633,46.283657],[10.579604,46.298808],[10.565138,46.313356],[10.564856,46.326048],[10.525596,46.34262],[10.515751,46.343224],[10.520429,46.355519],[10.540101,46.355041],[10.542202,46.364907],[10.552405,46.367545],[10.566659,46.377358],[10.596759,46.377248],[10.606796,46.379689],[10.622926,46.39729],[10.631056,46.401597],[10.618502,46.415688],[10.61693,46.442851],[10.622145,46.448102],[10.635554,46.444524],[10.667525,46.451937],[10.680979,46.449381],[10.695364,46.457858],[10.716073,46.46146],[10.719648,46.466303],[10.743963,46.484155],[10.764954,46.485972],[10.780054,46.471071],[10.791739,46.450964],[10.800095,46.443567],[10.835285,46.439138],[10.850045,46.439315],[10.861314,46.436154],[10.882057,46.450243],[10.892961,46.444717],[10.910694,46.44403],[10.932292,46.453551],[10.936975,46.466166],[10.955317,46.47013],[10.964254,46.481484],[10.987412,46.483497],[11.004716,46.477136],[11.010439,46.470701],[11.028856,46.461926],[11.041832,46.447525],[11.049936,46.449598],[11.074953,46.442373],[11.07432,46.454216],[11.067236,46.46712],[11.061514,46.487632],[11.049083,46.507014],[11.034478,46.513848],[11.058911,46.516549],[11.067344,46.524159],[11.082487,46.531389],[11.089339,46.502554],[11.112151,46.496533],[11.129697,46.481659],[11.158654,46.488366],[11.166539,46.495664],[11.179039,46.499462],[11.186909,46.508898],[11.209555,46.494366],[11.212272,46.477397],[11.217488,46.473417],[11.220111,46.46092],[11.212365,46.455348],[11.217801,46.44192],[11.206387,46.427523],[11.207421,46.416593],[11.214794,46.406051],[11.206999,46.381613],[11.191886,46.359008],[11.203599,46.342358],[11.176781,46.302746],[11.165268,46.297278],[11.159861,46.29038],[11.144047,46.28797],[11.158296,46.26924],[11.173148,46.259993],[11.20243,46.255583],[11.195229,46.245632],[11.187851,46.252068],[11.173228,46.238308],[11.183597,46.22636],[11.20649,46.219779],[11.24337,46.229378],[11.289594,46.260564],[11.305677,46.258761],[11.315368,46.273307],[11.310909,46.2813],[11.323288,46.292621],[11.336545,46.289244],[11.342867,46.281423],[11.356079,46.275935],[11.358812,46.265672],[11.370248,46.26245],[11.387465,46.261753],[11.396867,46.265396],[11.394354,46.273836],[11.380572,46.291231],[11.358925,46.296122],[11.363621,46.300946],[11.378869,46.301522],[11.393373,46.30817],[11.404266,46.32499],[11.41226,46.324364],[11.452376,46.334171],[11.462124,46.349633],[11.478512,46.355271],[11.476938,46.363923],[11.510881,46.358614],[11.536075,46.352251],[11.548425,46.345329],[11.55728,46.350955],[11.559056,46.368711],[11.564866,46.381583],[11.592623,46.383667],[11.600713,46.388975],[11.600632,46.397993],[11.619448,46.425405],[11.618101,46.440868],[11.625902,46.470848],[11.640765,46.475482],[11.649369,46.483562],[11.641186,46.492402],[11.647859,46.498274],[11.665912,46.497804],[11.698149,46.503549],[11.715869,46.513862],[11.743648,46.504969],[11.785574,46.511953],[11.79455,46.522711],[11.811901,46.532437],[11.824739,46.522183],[11.828336,46.508914]]]]}},{"type":"Feature","properties":{"NUTS_ID":"ITH31","LEVL_CODE":3,"CNTR_CODE":"IT","NAME_LATN":"Verona","NUTS_NAME":"Verona","MOUNT_TYPE":4,"URBN_TYPE":2,"COAST_TYPE":3,"FID":"ITH31"},"geometry":{"type":"MultiPolygon","coordinates":[[[[11.138338,45.697088],[11.14082,45.68616],[11.155675,45.680094],[11.148665,45.651634],[11.155964,45.646667],[11.177144,45.621207],[11.192938,45.620015],[11.204566,45.626214],[11.212517,45.61756],[11.221408,45.601909],[11.235876,45.600087],[11.233626,45.591309],[11.24337,45.588003],[11.246515,45.577288],[11.24337,45.560157],[11.252717,45.541228],[11.279666,45.521948],[11.28489,45.510735],[11.297207,45.504136],[11.320259,45.498959],[11.328332,45.482563],[11.323443,45.473053],[11.328465,45.463514],[11.320372,45.455611],[11.329409,45.444606],[11.318873,45.437143],[11.324128,45.429944],[11.332942,45.432616],[11.341319,45.416252],[11.344441,45.398332],[11.335861,45.397776],[11.331536,45.387629],[11.352776,45.371563],[11.354613,45.356256],[11.352451,45.348649],[11.383794,45.349326],[11.396254,45.347109],[11.408313,45.341072],[11.421789,45.339244],[11.452646,45.323621],[11.447201,45.315901],[11.433246,45.315435],[11.432447,45.309217],[11.440614,45.302938],[11.462671,45.294469],[11.471085,45.288231],[11.489942,45.283517],[11.487054,45.265952],[11.480216,45.258913],[11.466596,45.262053],[11.450688,45.261315],[11.425987,45.253823],[11.402831,45.264898],[11.393096,45.258964],[11.400946,45.251288],[11.405976,45.238927],[11.400187,45.227484],[11.408876,45.175524],[11.422347,45.164963],[11.419976,45.155871],[11.428786,45.150486],[11.416932,45.129329],[11.411167,45.122053],[11.421186,45.11718],[11.429185,45.105988],[11.440439,45.0975],[11.438731,45.086861],[11.443576,45.074347],[11.437362,45.068991],[11.422819,45.067572],[11.40206,45.053593],[11.387205,45.056981],[11.360811,45.057312],[11.355455,45.069202],[11.335603,45.074302],[11.320997,45.08097],[11.31418,45.089869],[11.303513,45.092166],[11.280566,45.09108],[11.263897,45.093318],[11.24424,45.09246],[11.224558,45.0838],[11.209316,45.094516],[11.20422,45.10166],[11.205503,45.109487],[11.188531,45.110226],[11.160732,45.118315],[11.147673,45.125797],[11.138562,45.123576],[11.133985,45.108462],[11.12873,45.103851],[11.115459,45.104795],[11.100486,45.111846],[11.094476,45.101306],[11.072968,45.098744],[11.041492,45.112756],[11.029096,45.123512],[11.042798,45.133723],[11.04604,45.152606],[11.032627,45.150431],[11.027679,45.158589],[11.011197,45.149523],[10.995117,45.151058],[10.998676,45.165372],[10.99583,45.170938],[10.997145,45.185901],[10.990515,45.195524],[10.965365,45.205456],[10.946983,45.205734],[10.944361,45.211163],[10.931011,45.219446],[10.93678,45.232916],[10.903812,45.237371],[10.896882,45.247049],[10.879886,45.246815],[10.87778,45.252166],[10.846587,45.257383],[10.8295,45.283804],[10.817346,45.289587],[10.815519,45.295407],[10.782865,45.315409],[10.737787,45.287897],[10.728336,45.291306],[10.732659,45.305185],[10.73048,45.315267],[10.713006,45.32412],[10.714599,45.333419],[10.703795,45.340261],[10.687553,45.342391],[10.685573,45.353688],[10.703461,45.358579],[10.713385,45.367222],[10.698643,45.379246],[10.707046,45.38325],[10.717263,45.396877],[10.718863,45.404369],[10.714574,45.417586],[10.691953,45.42346],[10.664646,45.427382],[10.654656,45.415827],[10.644588,45.418485],[10.650832,45.427519],[10.645234,45.433235],[10.648673,45.440225],[10.640791,45.479183],[10.632315,45.568459],[10.627922,45.606832],[10.705639,45.676416],[10.772018,45.750782],[10.814813,45.804047],[10.834581,45.818196],[10.840177,45.832758],[10.881894,45.817403],[10.886761,45.811257],[10.877099,45.802778],[10.87354,45.789989],[10.883447,45.779753],[10.875875,45.765166],[10.866034,45.762214],[10.862785,45.745019],[10.849874,45.734907],[10.843868,45.718594],[10.887948,45.71549],[10.895973,45.709573],[10.924597,45.699626],[10.912027,45.688314],[10.920553,45.680655],[10.937491,45.673414],[10.943871,45.674237],[10.949647,45.684054],[10.962033,45.685679],[10.968352,45.680095],[10.988783,45.690324],[10.997522,45.698315],[10.993736,45.707524],[11.007989,45.711202],[11.016495,45.705727],[11.041821,45.706802],[11.056402,45.71767],[11.071833,45.704627],[11.094605,45.693216],[11.120371,45.695521],[11.124793,45.690782],[11.138338,45.697088]]]]}},{"type":"Feature","properties":{"NUTS_ID":"ITC48","LEVL_CODE":3,"CNTR_CODE":"IT","NAME_LATN":"Pavia","NUTS_NAME":"Pavia","MOUNT_TYPE":4,"URBN_TYPE":2,"COAST_TYPE":3,"FID":"ITC48"},"geometry":{"type":"MultiPolygon","coordinates":[[[[8.842916,45.393841],[8.847118,45.389736],[8.849545,45.368806],[8.866457,45.358773],[8.865963,45.344791],[8.907867,45.333255],[8.9076,45.325892],[8.924464,45.317402],[8.933469,45.319499],[8.94333,45.313941],[8.945457,45.291069],[8.972936,45.276112],[8.982958,45.264994],[9.005131,45.277047],[9.018717,45.280578],[9.014624,45.290782],[9.003669,45.291414],[8.988326,45.321598],[8.998624,45.318444],[9.019871,45.326015],[9.034154,45.311873],[9.025896,45.304881],[9.039092,45.302451],[9.075944,45.307162],[9.081926,45.303265],[9.129596,45.311088],[9.142901,45.30815],[9.153087,45.296302],[9.168299,45.299587],[9.189783,45.298857],[9.183515,45.309359],[9.195791,45.316149],[9.201774,45.334816],[9.21771,45.326829],[9.228712,45.328713],[9.246049,45.32452],[9.264282,45.32711],[9.276303,45.32463],[9.283804,45.331241],[9.316467,45.325797],[9.331485,45.312984],[9.338846,45.312966],[9.342965,45.305359],[9.356805,45.29341],[9.342119,45.291739],[9.331561,45.297981],[9.32992,45.281831],[9.340403,45.271112],[9.326804,45.269573],[9.315249,45.259628],[9.310413,45.248956],[9.322462,45.244107],[9.328453,45.248989],[9.356767,45.240056],[9.37063,45.244454],[9.387737,45.223505],[9.397635,45.21765],[9.404277,45.201459],[9.41834,45.204744],[9.421136,45.194843],[9.432156,45.193973],[9.438572,45.187634],[9.455623,45.183295],[9.468009,45.168451],[9.478259,45.161658],[9.531602,45.165352],[9.545999,45.147709],[9.542937,45.137384],[9.548685,45.132648],[9.53578,45.121997],[9.550814,45.091751],[9.532049,45.078427],[9.52453,45.081587],[9.505075,45.102072],[9.494371,45.103262],[9.467034,45.094885],[9.439029,45.093442],[9.435271,45.082403],[9.413321,45.083208],[9.413583,45.075259],[9.402789,45.07307],[9.370829,45.048137],[9.375709,45.042296],[9.369472,45.02372],[9.375629,45.019911],[9.364771,45.002402],[9.347383,44.997054],[9.335628,44.975057],[9.337572,44.965372],[9.324616,44.956038],[9.320503,44.942799],[9.309836,44.93541],[9.28589,44.930004],[9.294485,44.923027],[9.290017,44.910153],[9.277434,44.895598],[9.29123,44.891013],[9.290924,44.883229],[9.309678,44.876262],[9.323305,44.878423],[9.32649,44.872869],[9.340403,44.869951],[9.348688,44.840233],[9.363122,44.822391],[9.354355,44.812125],[9.328992,44.800061],[9.321552,44.800018],[9.315892,44.783755],[9.286998,44.772482],[9.285923,44.759413],[9.313842,44.745118],[9.322377,44.743189],[9.332604,44.735025],[9.326195,44.723639],[9.313493,44.717233],[9.30903,44.705125],[9.32466,44.69],[9.303972,44.687952],[9.298529,44.681005],[9.284414,44.680136],[9.281746,44.685747],[9.267367,44.684711],[9.258774,44.680763],[9.253389,44.695921],[9.235106,44.716344],[9.232799,44.701604],[9.241917,44.686651],[9.222435,44.683474],[9.200074,44.686099],[9.208112,44.702774],[9.203331,44.721367],[9.213036,44.74219],[9.213573,44.752333],[9.192044,44.757675],[9.171984,44.772045],[9.173901,44.79661],[9.155979,44.809161],[9.121226,44.809322],[9.109665,44.806132],[9.095167,44.819012],[9.079436,44.814547],[9.074831,44.822527],[9.049136,44.850291],[9.067434,44.860705],[9.054518,44.888538],[9.042616,44.884926],[9.030385,44.888487],[9.018419,44.900791],[9.005016,44.904916],[8.995907,44.919064],[8.976461,44.940123],[8.969611,44.943481],[8.972299,44.952243],[8.97951,44.954059],[8.978145,44.967197],[8.960645,44.987276],[8.949706,44.988133],[8.941915,44.982281],[8.925624,44.982148],[8.917495,44.987376],[8.901398,45.009695],[8.902566,45.03633],[8.897978,45.049754],[8.886551,45.050452],[8.879543,45.058517],[8.865169,45.048145],[8.843733,45.049429],[8.821433,45.037528],[8.796391,45.034156],[8.802331,45.026066],[8.798355,45.021114],[8.777564,45.022348],[8.773599,45.007547],[8.75883,45.01],[8.749956,45.020753],[8.743019,45.023697],[8.724272,45.022992],[8.714264,45.03611],[8.708108,45.038149],[8.69403,45.021702],[8.683499,45.027521],[8.668258,45.027402],[8.664487,45.020944],[8.653684,45.02318],[8.652663,45.033152],[8.637557,45.039315],[8.639481,45.048906],[8.645711,45.054612],[8.637898,45.066994],[8.640175,45.077554],[8.634917,45.088405],[8.62204,45.091232],[8.622391,45.097175],[8.609174,45.107801],[8.608906,45.11925],[8.613328,45.126206],[8.590129,45.133016],[8.585312,45.147914],[8.554726,45.15817],[8.555709,45.166472],[8.547797,45.168147],[8.545388,45.182358],[8.565036,45.198086],[8.581206,45.202223],[8.576386,45.207252],[8.556126,45.204435],[8.551159,45.196464],[8.530766,45.193725],[8.524646,45.198318],[8.544177,45.205157],[8.52498,45.222808],[8.540003,45.233245],[8.54563,45.241413],[8.527645,45.245839],[8.541428,45.252812],[8.531384,45.267064],[8.535012,45.276827],[8.524646,45.278401],[8.513058,45.275289],[8.517487,45.289902],[8.498354,45.292226],[8.51356,45.313278],[8.537916,45.317247],[8.53291,45.334394],[8.526388,45.342176],[8.55016,45.352716],[8.557917,45.353465],[8.577178,45.347788],[8.590913,45.351383],[8.598147,45.348232],[8.613534,45.354502],[8.633376,45.348728],[8.631684,45.338382],[8.655728,45.325681],[8.662264,45.310604],[8.665745,45.292262],[8.690663,45.292526],[8.714168,45.301625],[8.723142,45.320033],[8.724786,45.33571],[8.742141,45.33206],[8.743741,45.339372],[8.761439,45.347774],[8.754573,45.356985],[8.744472,45.355331],[8.730496,45.367596],[8.730787,45.375541],[8.750026,45.375375],[8.76182,45.37781],[8.767126,45.387576],[8.790997,45.379841],[8.810214,45.383171],[8.813505,45.389736],[8.842916,45.393841]]]]}},{"type":"Feature","properties":{"NUTS_ID":"FRC23","LEVL_CODE":3,"CNTR_CODE":"FR","NAME_LATN":"Haute-Saône","NUTS_NAME":"Haute-Saône","MOUNT_TYPE":4,"URBN_TYPE":3,"COAST_TYPE":3,"FID":"FRC23"},"geometry":{"type":"MultiPolygon","coordinates":[[[[6.823533,47.813051],[6.824008,47.809012],[6.810855,47.794741],[6.785588,47.781655],[6.774581,47.766732],[6.764407,47.758517],[6.757641,47.747875],[6.760811,47.730841],[6.757493,47.724415],[6.77158,47.712573],[6.770078,47.703397],[6.778148,47.697774],[6.781906,47.687677],[6.776697,47.666888],[6.780804,47.656438],[6.798139,47.643716],[6.800455,47.636263],[6.789435,47.625635],[6.78041,47.62526],[6.777605,47.615638],[6.786703,47.610515],[6.801898,47.590222],[6.803082,47.583532],[6.820114,47.575492],[6.806999,47.5628],[6.801232,47.562361],[6.797498,47.549516],[6.785278,47.543409],[6.780663,47.536633],[6.767398,47.538013],[6.752888,47.543521],[6.740202,47.556428],[6.725944,47.560398],[6.715411,47.552914],[6.689797,47.560229],[6.688865,47.570804],[6.660462,47.572416],[6.670177,47.557901],[6.648114,47.536112],[6.62543,47.529499],[6.609056,47.531266],[6.596716,47.542065],[6.584924,47.542678],[6.568436,47.531842],[6.579599,47.525939],[6.583672,47.510341],[6.573516,47.49549],[6.545269,47.499094],[6.532899,47.50629],[6.522418,47.497257],[6.495897,47.505688],[6.47591,47.49654],[6.453691,47.51512],[6.440963,47.514716],[6.409552,47.521843],[6.395645,47.517632],[6.38979,47.506158],[6.368083,47.513491],[6.348674,47.505562],[6.331568,47.503452],[6.327273,47.493371],[6.31814,47.486183],[6.302502,47.491526],[6.29916,47.483219],[6.301265,47.469202],[6.28643,47.460507],[6.280177,47.443969],[6.263406,47.446071],[6.260856,47.428576],[6.250549,47.424667],[6.238998,47.431856],[6.22715,47.421358],[6.200902,47.428586],[6.193061,47.413913],[6.177482,47.416462],[6.171647,47.407945],[6.189252,47.40556],[6.172707,47.397779],[6.170056,47.391495],[6.152242,47.386118],[6.131507,47.387842],[6.120178,47.395974],[6.104395,47.378941],[6.100846,47.370743],[6.082013,47.371708],[6.080312,47.355097],[6.07373,47.351065],[6.051,47.348935],[6.037844,47.344749],[6.023552,47.332345],[6.010495,47.333165],[5.996649,47.339864],[5.992651,47.329306],[5.977326,47.32645],[5.963682,47.33721],[5.926701,47.344758],[5.92644,47.327072],[5.904072,47.333676],[5.896709,47.329073],[5.90206,47.314996],[5.895269,47.310764],[5.882705,47.321625],[5.860879,47.312928],[5.845061,47.300893],[5.815036,47.295139],[5.795296,47.289699],[5.783335,47.290197],[5.774968,47.280221],[5.757453,47.27633],[5.743569,47.264832],[5.71138,47.270574],[5.698727,47.265],[5.692162,47.271418],[5.676648,47.275725],[5.663918,47.265746],[5.653361,47.265008],[5.642301,47.256186],[5.623509,47.253405],[5.602181,47.260679],[5.575442,47.253714],[5.571669,47.267576],[5.558661,47.270566],[5.557998,47.27774],[5.543545,47.280465],[5.533168,47.28974],[5.529059,47.298572],[5.518537,47.304184],[5.497427,47.315189],[5.472745,47.317537],[5.478795,47.331322],[5.492786,47.332404],[5.495103,47.342313],[5.488,47.362006],[5.495062,47.376127],[5.496923,47.388545],[5.476064,47.394809],[5.451388,47.383973],[5.439361,47.391774],[5.43583,47.402018],[5.44343,47.404477],[5.430427,47.421354],[5.431012,47.436012],[5.440057,47.447911],[5.419409,47.449246],[5.413953,47.459961],[5.406495,47.461824],[5.389621,47.453448],[5.37953,47.466135],[5.407646,47.477186],[5.387294,47.481189],[5.399209,47.499013],[5.426178,47.496022],[5.436431,47.490417],[5.447461,47.496198],[5.463361,47.514664],[5.471749,47.527455],[5.486405,47.526968],[5.496862,47.544147],[5.496642,47.555281],[5.485722,47.569044],[5.487563,47.577153],[5.477769,47.607386],[5.471056,47.608218],[5.44751,47.62337],[5.441681,47.629519],[5.425591,47.632074],[5.406624,47.609039],[5.399808,47.597157],[5.389117,47.595233],[5.37408,47.604538],[5.373865,47.61981],[5.3991,47.64903],[5.406487,47.673624],[5.420211,47.677059],[5.436783,47.67105],[5.463134,47.673183],[5.482769,47.684638],[5.512829,47.673836],[5.529373,47.673296],[5.567385,47.707118],[5.584532,47.699764],[5.585057,47.691313],[5.601205,47.674772],[5.616917,47.673507],[5.631335,47.677105],[5.647951,47.675327],[5.667649,47.685478],[5.691244,47.685609],[5.692967,47.705047],[5.684203,47.712278],[5.695891,47.725175],[5.688688,47.730469],[5.693339,47.737536],[5.709424,47.744948],[5.706346,47.751114],[5.70912,47.764266],[5.705088,47.769109],[5.679973,47.769967],[5.676612,47.779155],[5.681925,47.808733],[5.696702,47.822818],[5.741096,47.819165],[5.749735,47.829248],[5.744202,47.848854],[5.774755,47.85804],[5.79888,47.855706],[5.796086,47.846742],[5.828525,47.851943],[5.820695,47.8691],[5.834881,47.882314],[5.83748,47.891238],[5.852623,47.905291],[5.872626,47.900654],[5.88303,47.90077],[5.890579,47.909934],[5.884723,47.926046],[5.895853,47.93046],[5.894116,47.93893],[5.90004,47.944357],[5.918046,47.947355],[5.921328,47.97102],[5.937591,47.97881],[5.959696,47.966552],[5.937565,47.950627],[5.929562,47.93799],[5.953596,47.937191],[5.968901,47.947407],[5.970782,47.957207],[5.994577,47.958041],[6.008257,47.960858],[6.025141,47.980528],[6.019541,47.983518],[6.033713,47.999325],[6.041888,48.004528],[6.072215,48.015545],[6.097739,48.015043],[6.10923,48.012467],[6.116512,48.019017],[6.1314,48.024085],[6.156058,48.006943],[6.152859,47.996109],[6.159846,47.990888],[6.162676,47.972642],[6.15091,47.96982],[6.169207,47.952474],[6.181,47.955538],[6.194401,47.952801],[6.207139,47.946473],[6.205225,47.932045],[6.219173,47.935763],[6.237983,47.93284],[6.277332,47.953805],[6.293671,47.955646],[6.308494,47.950105],[6.323797,47.949196],[6.332497,47.954967],[6.344119,47.954576],[6.364995,47.962569],[6.379333,47.95871],[6.389978,47.960201],[6.404849,47.952751],[6.408413,47.943191],[6.431915,47.943811],[6.449125,47.922111],[6.461705,47.917208],[6.457003,47.906651],[6.464792,47.897681],[6.477207,47.892922],[6.478264,47.885443],[6.504555,47.896483],[6.542016,47.902527],[6.551611,47.911867],[6.567999,47.934112],[6.589767,47.942162],[6.606286,47.943861],[6.619543,47.931214],[6.640904,47.918991],[6.639827,47.910326],[6.645207,47.90408],[6.66747,47.893896],[6.689193,47.887633],[6.710109,47.875818],[6.735241,47.86492],[6.737955,47.861409],[6.760213,47.858171],[6.766724,47.852923],[6.784948,47.84957],[6.791732,47.841799],[6.791943,47.830162],[6.816975,47.818271],[6.823533,47.813051]]]]}},{"type":"Feature","properties":{"NUTS_ID":"ITC49","LEVL_CODE":3,"CNTR_CODE":"IT","NAME_LATN":"Lodi","NUTS_NAME":"Lodi","MOUNT_TYPE":4,"URBN_TYPE":2,"COAST_TYPE":3,"FID":"ITC49"},"geometry":{"type":"MultiPolygon","coordinates":[[[[9.48393,45.448691],[9.48792,45.438499],[9.480532,45.427884],[9.480234,45.419865],[9.467616,45.413319],[9.455204,45.386757],[9.467488,45.374605],[9.479712,45.375989],[9.495911,45.364341],[9.505588,45.366359],[9.510641,45.359152],[9.509098,45.349088],[9.537003,45.344409],[9.551409,45.339143],[9.563535,45.344092],[9.568075,45.366948],[9.58204,45.362696],[9.596674,45.339924],[9.598302,45.328751],[9.605513,45.322888],[9.617052,45.294491],[9.628439,45.292873],[9.635763,45.283889],[9.657248,45.275892],[9.672039,45.268107],[9.66896,45.261918],[9.680553,45.257321],[9.694119,45.256476],[9.70841,45.261961],[9.711025,45.248074],[9.724531,45.243421],[9.715807,45.23392],[9.728468,45.22358],[9.742372,45.224612],[9.743698,45.216102],[9.76267,45.222446],[9.767152,45.21552],[9.776929,45.213146],[9.772168,45.202964],[9.761867,45.198273],[9.758851,45.18885],[9.773602,45.190025],[9.773704,45.183313],[9.782234,45.179317],[9.785157,45.165771],[9.804963,45.159269],[9.823429,45.163491],[9.827676,45.154183],[9.839001,45.14996],[9.849849,45.159807],[9.859252,45.152925],[9.870571,45.15827],[9.872492,45.140617],[9.891101,45.130898],[9.880199,45.12645],[9.875342,45.119776],[9.880199,45.111338],[9.898283,45.097905],[9.900841,45.090286],[9.89677,45.080825],[9.880199,45.074961],[9.86359,45.092078],[9.847622,45.0965],[9.833234,45.091282],[9.831472,45.082147],[9.835208,45.071618],[9.833539,45.062015],[9.823784,45.052585],[9.816508,45.056523],[9.816662,45.070796],[9.807932,45.080264],[9.791225,45.082854],[9.778987,45.08958],[9.766681,45.107262],[9.757561,45.112535],[9.746723,45.111966],[9.745079,45.105829],[9.753124,45.087225],[9.747874,45.076425],[9.737637,45.072752],[9.72958,45.063562],[9.713512,45.058871],[9.682694,45.071238],[9.676918,45.077604],[9.660881,45.08176],[9.643769,45.080693],[9.631702,45.089554],[9.640531,45.117664],[9.63659,45.126405],[9.619032,45.132794],[9.610153,45.109726],[9.588636,45.100216],[9.584799,45.104757],[9.570354,45.105433],[9.561452,45.121428],[9.548685,45.132648],[9.542937,45.137384],[9.545999,45.147709],[9.531602,45.165352],[9.525683,45.180823],[9.51573,45.187078],[9.500294,45.186601],[9.49603,45.193138],[9.48677,45.191842],[9.470726,45.201326],[9.450193,45.189664],[9.438572,45.187634],[9.432156,45.193973],[9.421136,45.194843],[9.41834,45.204744],[9.404277,45.201459],[9.397635,45.21765],[9.387737,45.223505],[9.37063,45.244454],[9.356767,45.240056],[9.328453,45.248989],[9.322462,45.244107],[9.310413,45.248956],[9.315249,45.259628],[9.326804,45.269573],[9.340403,45.271112],[9.32992,45.281831],[9.331561,45.297981],[9.342119,45.291739],[9.356805,45.29341],[9.342965,45.305359],[9.338846,45.312966],[9.351153,45.317153],[9.366291,45.315414],[9.368654,45.304187],[9.385906,45.306813],[9.371823,45.329841],[9.356343,45.343551],[9.362454,45.346212],[9.361351,45.365179],[9.378222,45.36895],[9.373116,45.386543],[9.380847,45.388474],[9.388938,45.399843],[9.407856,45.395931],[9.407414,45.402511],[9.416136,45.408759],[9.426001,45.422048],[9.41715,45.438487],[9.417554,45.451535],[9.433611,45.461294],[9.434246,45.468828],[9.456494,45.467298],[9.460413,45.454683],[9.472296,45.448553],[9.48393,45.448691]]]]}},{"type":"Feature","properties":{"NUTS_ID":"FRK27","LEVL_CODE":3,"CNTR_CODE":"FR","NAME_LATN":"Savoie","NUTS_NAME":"Savoie","MOUNT_TYPE":3,"URBN_TYPE":2,"COAST_TYPE":3,"FID":"FRK27"},"geometry":{"type":"MultiPolygon","coordinates":[[[[5.83123,45.938457],[5.837622,45.93252],[5.862099,45.932404],[5.86246,45.91715],[5.876086,45.863408],[5.877448,45.846667],[5.873421,45.839041],[5.88344,45.826475],[5.903377,45.826177],[5.905247,45.811725],[5.914289,45.804303],[5.930531,45.807524],[5.934117,45.814599],[5.948814,45.810319],[5.96278,45.812732],[5.958064,45.794917],[5.980551,45.796171],[5.982303,45.783424],[5.974579,45.775802],[5.980914,45.76845],[5.996495,45.759639],[5.993804,45.74769],[6.008653,45.750843],[6.017925,45.746044],[6.042249,45.739256],[6.055283,45.750339],[6.067127,45.743481],[6.081976,45.740386],[6.103837,45.746391],[6.103139,45.763438],[6.124541,45.750371],[6.136649,45.755958],[6.137612,45.76133],[6.166239,45.755718],[6.165827,45.748886],[6.178378,45.747151],[6.182876,45.733261],[6.195544,45.73233],[6.191922,45.720114],[6.190121,45.700525],[6.212344,45.700584],[6.214285,45.708984],[6.231652,45.702752],[6.228187,45.6824],[6.239811,45.685179],[6.258118,45.683589],[6.260525,45.687536],[6.279888,45.684311],[6.3015,45.689944],[6.304826,45.693295],[6.328635,45.69281],[6.340807,45.709941],[6.34401,45.719981],[6.353285,45.732917],[6.347679,45.737171],[6.370447,45.75293],[6.374418,45.764734],[6.363556,45.768857],[6.385027,45.778632],[6.403642,45.792857],[6.423672,45.802445],[6.425649,45.810841],[6.449484,45.838383],[6.445068,45.844818],[6.453639,45.854542],[6.450753,45.861321],[6.460928,45.866661],[6.470941,45.884234],[6.494103,45.889744],[6.511058,45.909055],[6.516729,45.90284],[6.533347,45.896462],[6.557482,45.893031],[6.559549,45.886489],[6.572913,45.877553],[6.566744,45.871943],[6.568192,45.862418],[6.53533,45.861978],[6.55305,45.832293],[6.551307,45.827679],[6.56555,45.815706],[6.577213,45.816573],[6.584248,45.8009],[6.59562,45.793081],[6.624419,45.796235],[6.636997,45.800063],[6.659178,45.800525],[6.661171,45.794584],[6.676457,45.780208],[6.690535,45.770968],[6.687006,45.75403],[6.698773,45.743239],[6.689724,45.728273],[6.711945,45.722919],[6.739407,45.745039],[6.742873,45.752966],[6.757647,45.767164],[6.781591,45.770053],[6.802368,45.778562],[6.805674,45.769572],[6.806237,45.74769],[6.817062,45.740078],[6.809076,45.725401],[6.818508,45.718769],[6.828574,45.703432],[6.841612,45.699736],[6.845962,45.690504],[6.875051,45.679868],[6.893517,45.676256],[6.902646,45.680368],[6.906408,45.66963],[6.90219,45.663825],[6.915747,45.659831],[6.914168,45.651444],[6.930927,45.646316],[6.9613,45.65484],[6.976115,45.646488],[6.999526,45.639465],[6.996954,45.629828],[6.984754,45.619436],[6.985754,45.612022],[6.978371,45.588289],[6.994716,45.575381],[6.99581,45.567826],[6.990039,45.55933],[6.995712,45.544029],[6.99145,45.531714],[7.00453,45.518493],[7.000017,45.504667],[7.021868,45.496628],[7.053074,45.495128],[7.056451,45.488331],[7.046346,45.479456],[7.050873,45.472242],[7.077404,45.473361],[7.104723,45.468454],[7.099101,45.457542],[7.114072,45.441511],[7.113104,45.434265],[7.1336,45.426587],[7.150843,45.423308],[7.165121,45.412718],[7.184039,45.406912],[7.178104,45.389736],[7.162895,45.380869],[7.15884,45.370386],[7.161407,45.35996],[7.134258,45.347061],[7.1336,45.3308],[7.12573,45.327245],[7.109844,45.326943],[7.110059,45.318105],[7.117216,45.311377],[7.121872,45.295915],[7.13625,45.280968],[7.129913,45.271621],[7.136005,45.254986],[7.125068,45.245087],[7.110054,45.245119],[7.104633,45.237104],[7.083344,45.225049],[7.078866,45.213875],[7.068804,45.209632],[7.051087,45.22557],[7.041404,45.224884],[7.026468,45.215778],[7.002365,45.219774],[6.992402,45.210914],[6.965118,45.207248],[6.967771,45.196881],[6.953572,45.189806],[6.953765,45.180441],[6.930289,45.17101],[6.910223,45.166108],[6.893517,45.167642],[6.885561,45.155885],[6.893517,45.144639],[6.893517,45.137551],[6.873614,45.135735],[6.852216,45.127762],[6.845703,45.135334],[6.835275,45.135958],[6.821954,45.144902],[6.77903,45.158249],[6.768255,45.159437],[6.745694,45.139623],[6.725145,45.139392],[6.711672,45.144982],[6.693099,45.139697],[6.680419,45.139718],[6.671871,45.124804],[6.649363,45.115345],[6.633949,45.115658],[6.630051,45.109856],[6.615377,45.120466],[6.590835,45.119152],[6.576529,45.123092],[6.563901,45.113819],[6.559976,45.104888],[6.537719,45.099045],[6.527915,45.099412],[6.510424,45.108998],[6.505118,45.104021],[6.480787,45.093266],[6.486446,45.082459],[6.489198,45.068986],[6.487087,45.056404],[6.450712,45.052295],[6.437663,45.06269],[6.422773,45.060081],[6.404431,45.064917],[6.39609,45.061017],[6.378498,45.067803],[6.364879,45.070172],[6.374104,45.0826],[6.364823,45.102171],[6.334236,45.122936],[6.325757,45.1153],[6.294471,45.108638],[6.275716,45.115693],[6.26057,45.126844],[6.265014,45.139318],[6.251033,45.149764],[6.223535,45.142182],[6.210185,45.155497],[6.190683,45.163451],[6.180997,45.164852],[6.169247,45.153939],[6.158317,45.150875],[6.146215,45.153939],[6.146633,45.165415],[6.15377,45.170595],[6.161919,45.188405],[6.158508,45.203182],[6.138656,45.213178],[6.141296,45.221653],[6.128018,45.231272],[6.1257,45.244269],[6.138287,45.2559],[6.138839,45.266501],[6.133103,45.271533],[6.132155,45.287827],[6.152835,45.303633],[6.155588,45.311771],[6.184445,45.317952],[6.190857,45.345702],[6.19476,45.352244],[6.174675,45.355681],[6.190916,45.368842],[6.1769,45.393266],[6.144674,45.414092],[6.13096,45.434838],[6.120569,45.438663],[6.094513,45.432054],[6.096409,45.442077],[6.063161,45.444228],[6.049233,45.437803],[6.008517,45.453848],[6.010292,45.472645],[5.990222,45.475829],[5.981954,45.486482],[5.967043,45.492153],[5.953359,45.48481],[5.915369,45.476443],[5.925512,45.466077],[5.921408,45.444234],[5.91441,45.435949],[5.904454,45.432306],[5.901686,45.417495],[5.909168,45.408687],[5.9276,45.415731],[5.909253,45.391119],[5.891843,45.391665],[5.890447,45.400176],[5.881143,45.40627],[5.861123,45.40955],[5.853689,45.416789],[5.819246,45.421623],[5.809944,45.42576],[5.796823,45.438192],[5.782851,45.441634],[5.766622,45.440027],[5.757663,45.434922],[5.739983,45.437578],[5.732036,45.451867],[5.735835,45.45747],[5.736528,45.471856],[5.719737,45.483396],[5.710816,45.502288],[5.701649,45.509003],[5.701052,45.517683],[5.691247,45.521805],[5.691103,45.527887],[5.676136,45.531192],[5.67072,45.537752],[5.675186,45.552766],[5.669834,45.563224],[5.661488,45.56609],[5.646907,45.577018],[5.645157,45.583778],[5.623021,45.604282],[5.623743,45.613268],[5.635807,45.614399],[5.637438,45.622365],[5.646567,45.624797],[5.649412,45.633717],[5.659531,45.638684],[5.676887,45.638078],[5.689182,45.648501],[5.684884,45.666159],[5.706734,45.681128],[5.709581,45.688831],[5.701013,45.7021],[5.700594,45.709947],[5.720453,45.707864],[5.738214,45.710343],[5.747862,45.705278],[5.755661,45.707742],[5.764529,45.719981],[5.775994,45.727079],[5.769679,45.740812],[5.783586,45.745204],[5.77902,45.760608],[5.782533,45.768425],[5.780072,45.777416],[5.783408,45.785463],[5.786593,45.808345],[5.784226,45.815877],[5.789611,45.826833],[5.79722,45.831056],[5.801112,45.845795],[5.826145,45.903274],[5.829171,45.916341],[5.82261,45.929553],[5.83123,45.938457]]]]}},{"type":"Feature","properties":{"NUTS_ID":"ITC4B","LEVL_CODE":3,"CNTR_CODE":"IT","NAME_LATN":"Mantova","NUTS_NAME":"Mantova","MOUNT_TYPE":4,"URBN_TYPE":3,"COAST_TYPE":3,"FID":"ITC4B"},"geometry":{"type":"MultiPolygon","coordinates":[[[[11.205503,45.109487],[11.178078,45.09706],[11.177379,45.089158],[11.187778,45.084244],[11.174684,45.073832],[11.17587,45.060667],[11.19912,45.060299],[11.215738,45.055918],[11.238582,45.043509],[11.244862,45.043719],[11.257431,45.054044],[11.268145,45.053614],[11.270394,45.044005],[11.264644,45.031741],[11.276313,45.017932],[11.308764,45.012354],[11.3275,44.995456],[11.344441,44.987677],[11.395862,44.971278],[11.414816,44.967341],[11.42649,44.95863],[11.426765,44.950076],[11.402392,44.948365],[11.397847,44.954813],[11.376927,44.958055],[11.356921,44.950544],[11.326517,44.962242],[11.313298,44.958605],[11.286265,44.956216],[11.272446,44.940961],[11.246232,44.951428],[11.238595,44.945326],[11.213151,44.94349],[11.19809,44.9384],[11.162331,44.939019],[11.150414,44.934521],[11.119555,44.953401],[11.089467,44.960155],[11.073089,44.962115],[11.059565,44.948895],[10.996454,44.954446],[10.966164,44.934808],[10.950617,44.933317],[10.951396,44.927868],[10.939673,44.922188],[10.916312,44.923905],[10.892069,44.913324],[10.8902,44.919221],[10.876658,44.917044],[10.864995,44.929021],[10.848358,44.926067],[10.836764,44.935237],[10.828531,44.932676],[10.80112,44.941697],[10.793575,44.939698],[10.744324,44.94941],[10.748175,44.962666],[10.737556,44.986006],[10.728391,44.991616],[10.713826,44.986418],[10.709692,44.972088],[10.701503,44.964878],[10.688912,44.96589],[10.695446,44.974494],[10.686704,44.986586],[10.679531,44.976939],[10.662406,44.966868],[10.650357,44.948071],[10.622445,44.925036],[10.599443,44.915226],[10.568769,44.908708],[10.515976,44.91417],[10.504344,44.922418],[10.464031,44.937171],[10.472149,44.946113],[10.495487,44.948399],[10.501465,44.95462],[10.508488,44.972101],[10.522933,44.97082],[10.531524,44.980628],[10.552405,44.984748],[10.562958,44.994828],[10.578486,44.996157],[10.559116,45.005694],[10.542163,45.001266],[10.531568,44.991685],[10.514025,44.984447],[10.489651,44.980199],[10.469336,44.980106],[10.456651,44.984496],[10.458139,45.004713],[10.464439,45.014704],[10.479486,45.015097],[10.499319,45.021274],[10.510883,45.019033],[10.519963,45.040782],[10.5343,45.045298],[10.53949,45.0631],[10.533144,45.074523],[10.49976,45.075032],[10.495012,45.067896],[10.493852,45.056304],[10.466401,45.059012],[10.441202,45.045433],[10.418177,45.041491],[10.412113,45.044381],[10.41719,45.065995],[10.412188,45.085495],[10.417338,45.091909],[10.436793,45.090644],[10.463234,45.093653],[10.465853,45.097514],[10.45659,45.115279],[10.460715,45.123249],[10.486224,45.126559],[10.492495,45.132415],[10.473164,45.145673],[10.460216,45.146763],[10.436357,45.137515],[10.421338,45.141213],[10.412049,45.136375],[10.379438,45.139238],[10.367193,45.147873],[10.363579,45.161966],[10.349501,45.166188],[10.330003,45.178811],[10.327746,45.184291],[10.312265,45.187246],[10.31285,45.201871],[10.317723,45.204716],[10.342895,45.204331],[10.344436,45.211081],[10.361385,45.215375],[10.356046,45.229529],[10.361989,45.246101],[10.376277,45.241048],[10.378917,45.251902],[10.394646,45.245518],[10.391188,45.256956],[10.392031,45.27328],[10.397477,45.285819],[10.409124,45.293323],[10.42512,45.296558],[10.431008,45.313126],[10.42841,45.320704],[10.445309,45.321081],[10.448496,45.326731],[10.464585,45.325367],[10.46821,45.342792],[10.468502,45.358305],[10.459318,45.378351],[10.450336,45.383124],[10.467052,45.406602],[10.452045,45.415795],[10.49686,45.414518],[10.511821,45.411721],[10.526275,45.404332],[10.54785,45.38651],[10.562003,45.388823],[10.580021,45.381152],[10.597996,45.387327],[10.613734,45.38267],[10.639262,45.386555],[10.64672,45.407195],[10.654656,45.415827],[10.664646,45.427382],[10.691953,45.42346],[10.714574,45.417586],[10.718863,45.404369],[10.717263,45.396877],[10.707046,45.38325],[10.698643,45.379246],[10.713385,45.367222],[10.703461,45.358579],[10.685573,45.353688],[10.687553,45.342391],[10.703795,45.340261],[10.714599,45.333419],[10.713006,45.32412],[10.73048,45.315267],[10.732659,45.305185],[10.728336,45.291306],[10.737787,45.287897],[10.782865,45.315409],[10.815519,45.295407],[10.817346,45.289587],[10.8295,45.283804],[10.846587,45.257383],[10.87778,45.252166],[10.879886,45.246815],[10.896882,45.247049],[10.903812,45.237371],[10.93678,45.232916],[10.931011,45.219446],[10.944361,45.211163],[10.946983,45.205734],[10.965365,45.205456],[10.990515,45.195524],[10.997145,45.185901],[10.99583,45.170938],[10.998676,45.165372],[10.995117,45.151058],[11.011197,45.149523],[11.027679,45.158589],[11.032627,45.150431],[11.04604,45.152606],[11.042798,45.133723],[11.029096,45.123512],[11.041492,45.112756],[11.072968,45.098744],[11.094476,45.101306],[11.100486,45.111846],[11.115459,45.104795],[11.12873,45.103851],[11.133985,45.108462],[11.138562,45.123576],[11.147673,45.125797],[11.160732,45.118315],[11.188531,45.110226],[11.205503,45.109487]]]]}},{"type":"Feature","properties":{"NUTS_ID":"FRL02","LEVL_CODE":3,"CNTR_CODE":"FR","NAME_LATN":"Hautes-Alpes","NUTS_NAME":"Hautes-Alpes","MOUNT_TYPE":3,"URBN_TYPE":3,"COAST_TYPE":3,"FID":"FRL02"},"geometry":{"type":"MultiPolygon","coordinates":[[[[6.630051,45.109856],[6.627429,45.102536],[6.64645,45.084603],[6.645799,45.075855],[6.662268,45.070327],[6.663091,45.056986],[6.659774,45.051979],[6.669389,45.044296],[6.664474,45.033728],[6.672935,45.020879],[6.724501,45.021636],[6.743962,45.015168],[6.751167,44.996985],[6.738427,44.993783],[6.751977,44.97796],[6.763616,44.970176],[6.764565,44.959371],[6.758541,44.948088],[6.757758,44.937174],[6.749523,44.922985],[6.751577,44.905582],[6.772093,44.902638],[6.785445,44.889473],[6.799099,44.890065],[6.805103,44.877688],[6.829684,44.867667],[6.84009,44.860343],[6.854758,44.857391],[6.86409,44.850684],[6.883005,44.848178],[6.900447,44.848314],[6.912296,44.845314],[6.922637,44.851842],[6.931374,44.863678],[6.96965,44.847009],[7.001394,44.842365],[7.006345,44.839091],[7.010412,44.826271],[7.024146,44.823035],[7.008977,44.798756],[6.999093,44.789613],[7.011475,44.783338],[7.019114,44.775568],[7.024525,44.761322],[7.021517,44.751993],[7.02427,44.739958],[7.030539,44.729446],[7.042556,44.718659],[7.065755,44.713464],[7.065827,44.707856],[7.074779,44.691537],[7.077083,44.681009],[7.05963,44.680424],[7.028801,44.691528],[7.003443,44.687578],[6.987108,44.690113],[6.971259,44.677268],[6.958169,44.671706],[6.958305,44.662745],[6.948443,44.654742],[6.9396,44.652058],[6.907605,44.656391],[6.900809,44.646159],[6.88218,44.630738],[6.859072,44.628842],[6.853303,44.61493],[6.844819,44.609847],[6.821859,44.608213],[6.808955,44.601991],[6.799945,44.604246],[6.792523,44.593257],[6.7822,44.594363],[6.76839,44.587419],[6.771241,44.575717],[6.752763,44.570504],[6.748749,44.56172],[6.739316,44.55375],[6.72841,44.552349],[6.704334,44.53937],[6.679942,44.541943],[6.682713,44.53093],[6.668494,44.5003],[6.651922,44.494072],[6.641667,44.48554],[6.632299,44.44691],[6.607463,44.446169],[6.600058,44.448679],[6.58886,44.445551],[6.577437,44.448096],[6.557636,44.445823],[6.534795,44.451611],[6.522066,44.448219],[6.498614,44.449281],[6.481649,44.454024],[6.468844,44.451735],[6.459019,44.464849],[6.445726,44.466055],[6.434618,44.474106],[6.423323,44.468052],[6.414787,44.469265],[6.407966,44.481845],[6.397566,44.491812],[6.370683,44.510429],[6.362004,44.522073],[6.332397,44.509999],[6.348272,44.498092],[6.341034,44.487983],[6.33822,44.47138],[6.324089,44.463477],[6.31186,44.466919],[6.298345,44.474459],[6.293494,44.480928],[6.270395,44.472053],[6.265202,44.466431],[6.233518,44.463744],[6.240254,44.447748],[6.246491,44.443555],[6.258888,44.423284],[6.262489,44.412252],[6.247593,44.389425],[6.227249,44.381737],[6.202736,44.412676],[6.184367,44.424159],[6.173949,44.43958],[6.16235,44.434422],[6.15625,44.442107],[6.155618,44.461963],[6.125681,44.468341],[6.115317,44.475577],[6.101781,44.472743],[6.082682,44.477401],[6.076863,44.469296],[6.08182,44.464199],[6.072639,44.451532],[6.059864,44.450144],[6.026309,44.434637],[6.02038,44.420054],[5.995623,44.412152],[5.979689,44.409504],[5.953541,44.395013],[5.941363,44.372658],[5.941045,44.366313],[5.918424,44.339141],[5.903251,44.337404],[5.904431,44.326915],[5.896094,44.318618],[5.911807,44.310743],[5.925138,44.313394],[5.92577,44.293238],[5.913346,44.288141],[5.916333,44.280651],[5.913326,44.269005],[5.92473,44.264583],[5.9197,44.25482],[5.90915,44.252357],[5.881503,44.269973],[5.874732,44.277258],[5.875491,44.290968],[5.849038,44.30066],[5.836122,44.297537],[5.836079,44.291733],[5.823145,44.276524],[5.826773,44.263029],[5.84029,44.253717],[5.859304,44.245071],[5.861613,44.235838],[5.87067,44.229281],[5.876425,44.214367],[5.894967,44.207123],[5.914743,44.203429],[5.909304,44.190462],[5.89043,44.190106],[5.887832,44.193745],[5.86852,44.193211],[5.844958,44.199679],[5.829664,44.200569],[5.812617,44.210386],[5.796981,44.213088],[5.775636,44.205812],[5.754536,44.209825],[5.740027,44.201947],[5.714914,44.199019],[5.710754,44.19455],[5.692087,44.186479],[5.676036,44.191428],[5.686443,44.197158],[5.676021,44.212146],[5.682471,44.234397],[5.674412,44.239118],[5.674546,44.257091],[5.685737,44.267801],[5.675606,44.275887],[5.64751,44.272475],[5.632672,44.28285],[5.636249,44.300769],[5.626451,44.301518],[5.611785,44.315533],[5.631921,44.329055],[5.603223,44.333694],[5.574342,44.332273],[5.560689,44.334923],[5.550033,44.330589],[5.538058,44.333842],[5.539119,44.342093],[5.528456,44.343671],[5.520637,44.350349],[5.503005,44.344048],[5.492943,44.337132],[5.480835,44.350082],[5.469033,44.351576],[5.462787,44.367237],[5.438319,44.367401],[5.43077,44.375922],[5.443182,44.37928],[5.442268,44.392189],[5.43325,44.411052],[5.423155,44.416555],[5.418398,44.424768],[5.438586,44.43355],[5.464193,44.425877],[5.475305,44.420048],[5.486045,44.428966],[5.493615,44.428217],[5.49549,44.438802],[5.466395,44.447343],[5.459056,44.467704],[5.466906,44.473967],[5.458905,44.488521],[5.458414,44.499389],[5.470847,44.499997],[5.480392,44.491406],[5.517985,44.491058],[5.549716,44.479897],[5.558779,44.47307],[5.570304,44.476755],[5.595079,44.466508],[5.603641,44.465497],[5.617786,44.474636],[5.624596,44.48498],[5.62635,44.498091],[5.634766,44.502442],[5.650068,44.499164],[5.664504,44.501895],[5.657825,44.510603],[5.627404,44.533996],[5.61499,44.532773],[5.597253,44.543273],[5.607145,44.568344],[5.614631,44.572857],[5.618269,44.583732],[5.626323,44.586621],[5.627479,44.594966],[5.636587,44.604612],[5.646326,44.609513],[5.649467,44.619375],[5.643065,44.622169],[5.639255,44.635164],[5.641718,44.651077],[5.651546,44.655211],[5.666921,44.648992],[5.680376,44.651717],[5.7068,44.642714],[5.726222,44.639419],[5.737374,44.640767],[5.735541,44.648312],[5.752349,44.648821],[5.74843,44.654912],[5.754656,44.662166],[5.765275,44.655556],[5.790624,44.653293],[5.801339,44.674723],[5.826077,44.686159],[5.829764,44.690213],[5.825029,44.701274],[5.80147,44.706777],[5.81068,44.713269],[5.818422,44.730957],[5.828892,44.741653],[5.827098,44.759688],[5.848526,44.7514],[5.866212,44.751343],[5.885449,44.747284],[5.891637,44.754667],[5.910021,44.75755],[5.919687,44.752375],[5.93826,44.763095],[5.951122,44.759618],[5.953165,44.77131],[5.980275,44.781177],[5.977779,44.790983],[5.953059,44.80041],[5.949521,44.804527],[5.979185,44.818588],[5.996166,44.817874],[6.00486,44.820439],[6.015539,44.835274],[6.030215,44.838098],[6.050245,44.818775],[6.056496,44.815811],[6.101521,44.842539],[6.112428,44.844924],[6.132986,44.864031],[6.144885,44.858555],[6.157223,44.858631],[6.169664,44.852389],[6.187752,44.85409],[6.196376,44.858978],[6.225049,44.852345],[6.248266,44.851969],[6.258932,44.863866],[6.268314,44.869712],[6.294397,44.874052],[6.304217,44.872858],[6.316798,44.861417],[6.321224,44.853527],[6.336316,44.84837],[6.354608,44.854787],[6.350564,44.876309],[6.358493,44.88786],[6.354545,44.897712],[6.358589,44.906542],[6.353558,44.925565],[6.358166,44.941575],[6.330485,44.94695],[6.323739,44.952585],[6.323682,44.961781],[6.32891,44.968357],[6.315653,44.979842],[6.316826,44.990328],[6.322736,44.998764],[6.318202,45.003859],[6.306396,45.004751],[6.285183,45.000114],[6.251761,44.9967],[6.203924,45.012471],[6.202963,45.022442],[6.209147,45.029566],[6.209102,45.04141],[6.214967,45.048306],[6.22008,45.065369],[6.243396,45.070192],[6.230097,45.097856],[6.229483,45.108141],[6.246476,45.119839],[6.26057,45.126844],[6.275716,45.115693],[6.294471,45.108638],[6.325757,45.1153],[6.334236,45.122936],[6.364823,45.102171],[6.374104,45.0826],[6.364879,45.070172],[6.378498,45.067803],[6.39609,45.061017],[6.404431,45.064917],[6.422773,45.060081],[6.437663,45.06269],[6.450712,45.052295],[6.487087,45.056404],[6.489198,45.068986],[6.486446,45.082459],[6.480787,45.093266],[6.505118,45.104021],[6.510424,45.108998],[6.527915,45.099412],[6.537719,45.099045],[6.559976,45.104888],[6.563901,45.113819],[6.576529,45.123092],[6.590835,45.119152],[6.615377,45.120466],[6.630051,45.109856]]]]}},{"type":"Feature","properties":{"NUTS_ID":"FRF11","LEVL_CODE":3,"CNTR_CODE":"FR","NAME_LATN":"Bas-Rhin","NUTS_NAME":"Bas-Rhin","MOUNT_TYPE":4,"URBN_TYPE":2,"COAST_TYPE":3,"FID":"FRF11"},"geometry":{"type":"MultiPolygon","coordinates":[[[[8.232633,48.966571],[8.202893,48.959794],[8.193614,48.953957],[8.169517,48.925454],[8.14655,48.902291],[8.130357,48.880481],[8.115653,48.852616],[8.103828,48.820122],[8.094315,48.808346],[8.072218,48.7924],[8.058331,48.789008],[8.041777,48.790672],[8.026109,48.782883],[8.023144,48.769082],[8.017481,48.762811],[8.005392,48.75918],[7.983017,48.761115],[7.973622,48.758808],[7.967155,48.746727],[7.967736,48.729816],[7.959631,48.718581],[7.889976,48.662598],[7.861735,48.650592],[7.848096,48.646911],[7.83804,48.638859],[7.83011,48.619814],[7.800859,48.58545],[7.805343,48.56006],[7.803266,48.537174],[7.806197,48.517949],[7.801326,48.507854],[7.791531,48.49998],[7.771469,48.49246],[7.766948,48.48713],[7.766024,48.460463],[7.76167,48.448499],[7.733689,48.398712],[7.731039,48.383001],[7.745174,48.335108],[7.743449,48.325466],[7.73708,48.31961],[7.704977,48.309507],[7.693549,48.301509],[7.680713,48.257267],[7.665095,48.220155],[7.647228,48.209692],[7.629519,48.183705],[7.599795,48.155742],[7.600365,48.140684],[7.597283,48.134299],[7.57792,48.121392],[7.548895,48.122421],[7.518593,48.127765],[7.514986,48.139639],[7.520333,48.149495],[7.510414,48.152579],[7.478597,48.156474],[7.470139,48.160172],[7.473544,48.197734],[7.476943,48.203533],[7.451809,48.210988],[7.435471,48.217865],[7.405939,48.226152],[7.401677,48.231541],[7.361473,48.243588],[7.353989,48.247977],[7.325368,48.244898],[7.311693,48.253388],[7.331721,48.269894],[7.297051,48.268323],[7.290548,48.2742],[7.300705,48.280692],[7.290798,48.293839],[7.282216,48.296597],[7.275262,48.304967],[7.254697,48.305961],[7.242674,48.302961],[7.234222,48.308871],[7.198287,48.310471],[7.190974,48.324381],[7.177504,48.326114],[7.183647,48.338547],[7.169531,48.342301],[7.15347,48.333392],[7.14132,48.332015],[7.116667,48.334643],[7.105975,48.344107],[7.075962,48.352578],[7.083046,48.356013],[7.096191,48.371282],[7.109336,48.37874],[7.104462,48.387872],[7.084979,48.397881],[7.097426,48.405647],[7.095688,48.426532],[7.109381,48.438796],[7.102942,48.451719],[7.110897,48.467943],[7.117913,48.474316],[7.118812,48.483718],[7.09366,48.489281],[7.090621,48.503652],[7.104909,48.499807],[7.122014,48.505288],[7.123163,48.513588],[7.077109,48.516335],[7.065386,48.524297],[7.079356,48.536418],[7.091896,48.529506],[7.1165,48.537258],[7.136888,48.528044],[7.151522,48.531004],[7.167908,48.527592],[7.17184,48.53242],[7.1871,48.537271],[7.192485,48.548794],[7.201356,48.5527],[7.218322,48.55264],[7.230162,48.565922],[7.256278,48.588671],[7.265134,48.591716],[7.256757,48.600213],[7.269133,48.611671],[7.278175,48.626195],[7.268833,48.631942],[7.280191,48.636525],[7.30435,48.660204],[7.284389,48.660337],[7.264829,48.663361],[7.260522,48.672337],[7.24842,48.682106],[7.246868,48.69513],[7.26017,48.694299],[7.2666,48.713207],[7.273011,48.71639],[7.286135,48.731521],[7.292998,48.752971],[7.310851,48.763203],[7.291226,48.793993],[7.270143,48.802504],[7.25843,48.803775],[7.24524,48.810028],[7.251519,48.815568],[7.22816,48.828121],[7.21435,48.82487],[7.187234,48.833881],[7.195151,48.840242],[7.185444,48.85032],[7.173511,48.842017],[7.148854,48.844592],[7.141659,48.834272],[7.147169,48.822607],[7.122964,48.81005],[7.126796,48.801145],[7.086075,48.792083],[7.079249,48.786287],[7.068744,48.793244],[7.067194,48.79948],[7.087794,48.806382],[7.079307,48.814035],[7.054312,48.813679],[7.047119,48.820636],[7.054356,48.832144],[7.052069,48.846883],[7.066137,48.848574],[7.075965,48.845486],[7.098742,48.854204],[7.09415,48.862883],[7.080623,48.86417],[7.050545,48.858928],[7.047334,48.873146],[7.03388,48.875157],[7.02533,48.880446],[6.987977,48.891361],[6.974595,48.890402],[6.955824,48.894059],[6.964001,48.905998],[6.955086,48.921915],[6.941306,48.923893],[6.9444,48.934799],[6.961452,48.925866],[6.978133,48.933928],[6.977934,48.938705],[6.995093,48.958468],[7.032222,48.956048],[7.027461,48.969175],[7.040059,48.977212],[7.031095,48.98798],[7.053609,49.011104],[7.048575,49.016404],[7.054912,49.030622],[7.078657,49.050359],[7.067928,49.065818],[7.074249,49.072644],[7.085716,49.069321],[7.099345,49.077885],[7.113312,49.064743],[7.101682,49.06373],[7.108849,49.042126],[7.119474,49.037217],[7.12755,49.013688],[7.127229,49.00569],[7.174239,49.006366],[7.194295,48.995185],[7.209316,48.980085],[7.238412,48.987664],[7.275237,48.976062],[7.293932,48.972618],[7.2902,48.956511],[7.306114,48.953517],[7.326848,48.943375],[7.344547,48.94855],[7.358876,48.957605],[7.369202,48.952248],[7.392314,48.95271],[7.395921,48.95589],[7.443575,48.964043],[7.478726,48.961268],[7.487016,48.950061],[7.500804,48.944484],[7.529015,48.942078],[7.533252,48.9335],[7.549939,48.934815],[7.553309,48.943255],[7.567678,48.953846],[7.577484,48.957143],[7.580866,48.97035],[7.592331,48.98484],[7.588721,48.991304],[7.610577,49.012332],[7.606427,49.020024],[7.626238,49.033716],[7.639126,49.048173],[7.635651,49.05395],[7.673469,49.045397],[7.681416,49.048665],[7.708943,49.052931],[7.721526,49.051639],[7.732053,49.044367],[7.741313,49.046956],[7.766064,49.046781],[7.776525,49.056737],[7.789047,49.058925],[7.795718,49.065085],[7.809623,49.061185],[7.830873,49.047665],[7.850356,49.043113],[7.855464,49.035346],[7.867369,49.033013],[7.888204,49.048324],[7.921124,49.042703],[7.933512,49.057584],[7.964402,49.042877],[7.975433,49.027549],[7.9971,49.028643],[8.011362,49.024857],[8.023282,49.018097],[8.050422,49.013191],[8.063054,49.005489],[8.070497,48.996822],[8.091439,48.989389],[8.103881,48.989419],[8.123819,48.985232],[8.147476,48.977652],[8.174468,48.978835],[8.194234,48.976471],[8.199517,48.96773],[8.223701,48.975344],[8.232633,48.966571]]]]}},{"type":"Feature","properties":{"NUTS_ID":"FRK22","LEVL_CODE":3,"CNTR_CODE":"FR","NAME_LATN":"Ardèche","NUTS_NAME":"Ardèche","MOUNT_TYPE":3,"URBN_TYPE":3,"COAST_TYPE":3,"FID":"FRK22"},"geometry":{"type":"MultiPolygon","coordinates":[[[[4.80049,45.298357],[4.808979,45.290575],[4.810189,45.262243],[4.801765,45.247031],[4.802581,45.226934],[4.81221,45.204949],[4.805862,45.191754],[4.812026,45.179931],[4.809,45.169731],[4.828573,45.154237],[4.804125,45.131266],[4.803823,45.122714],[4.817895,45.108199],[4.827359,45.102146],[4.831846,45.08967],[4.827739,45.076839],[4.831648,45.070271],[4.854481,45.063437],[4.860751,45.055427],[4.854095,45.046252],[4.840335,45.035786],[4.845598,45.021043],[4.837489,45.011726],[4.837674,45.004788],[4.851854,44.993766],[4.852569,44.979531],[4.862724,44.963551],[4.874276,44.956365],[4.885333,44.940956],[4.885564,44.934651],[4.873797,44.92217],[4.868828,44.90981],[4.856654,44.902151],[4.854729,44.889766],[4.860614,44.880768],[4.860322,44.872631],[4.844346,44.857264],[4.844371,44.846015],[4.820156,44.836231],[4.822053,44.817584],[4.799805,44.811926],[4.795663,44.793765],[4.782771,44.783055],[4.766539,44.778762],[4.761045,44.771215],[4.768966,44.756698],[4.759012,44.748171],[4.764159,44.732041],[4.763291,44.717248],[4.770856,44.707768],[4.774156,44.694594],[4.780135,44.685014],[4.77566,44.665469],[4.778843,44.658795],[4.772746,44.642409],[4.762962,44.635904],[4.740406,44.602388],[4.74117,44.588775],[4.726862,44.583905],[4.710269,44.581547],[4.706645,44.565907],[4.692774,44.558538],[4.693757,44.542088],[4.706511,44.531857],[4.703122,44.524558],[4.692939,44.516851],[4.688201,44.505508],[4.688958,44.492932],[4.699484,44.480784],[4.700705,44.462576],[4.695316,44.445804],[4.687845,44.439838],[4.670307,44.434832],[4.664278,44.418974],[4.664367,44.398945],[4.649111,44.373322],[4.646822,44.348379],[4.650611,44.329803],[4.649317,44.311559],[4.653471,44.302097],[4.649228,44.27036],[4.639131,44.281593],[4.628823,44.284004],[4.616621,44.277989],[4.605463,44.29104],[4.569998,44.299343],[4.55646,44.304829],[4.545523,44.32018],[4.532594,44.323022],[4.512015,44.335396],[4.499539,44.338773],[4.484206,44.337527],[4.473626,44.34149],[4.457169,44.341419],[4.451067,44.334097],[4.44841,44.296602],[4.445768,44.287559],[4.434963,44.283958],[4.42202,44.287355],[4.400549,44.288256],[4.390379,44.302453],[4.403209,44.333895],[4.395847,44.344064],[4.387608,44.34712],[4.368451,44.339776],[4.325776,44.338325],[4.32922,44.33255],[4.317881,44.321538],[4.301509,44.314567],[4.288372,44.315018],[4.288997,44.292143],[4.276553,44.274274],[4.258899,44.264423],[4.248085,44.266696],[4.234048,44.275056],[4.214695,44.290906],[4.186584,44.299732],[4.172298,44.317264],[4.164107,44.312361],[4.142872,44.313351],[4.141019,44.32693],[4.126745,44.337731],[4.115934,44.327789],[4.103866,44.333902],[4.084185,44.328942],[4.074047,44.329405],[4.051457,44.317322],[4.035711,44.329845],[4.053017,44.338019],[4.051105,44.345426],[4.057188,44.362861],[4.051392,44.373314],[4.052986,44.378694],[4.041002,44.391014],[4.048246,44.396315],[4.061894,44.395089],[4.068443,44.405057],[4.053927,44.415271],[4.036639,44.419734],[4.045964,44.43225],[4.037105,44.445953],[4.023441,44.446068],[4.015078,44.453478],[3.998161,44.459798],[3.986506,44.476064],[3.98742,44.50423],[3.978835,44.521718],[3.971144,44.526886],[3.962648,44.543884],[3.96091,44.553814],[3.948775,44.572883],[3.923565,44.571882],[3.916412,44.581435],[3.918168,44.588057],[3.906545,44.592374],[3.908082,44.607698],[3.894317,44.615801],[3.893578,44.640522],[3.897889,44.643753],[3.890372,44.655827],[3.883699,44.657425],[3.878266,44.673752],[3.870352,44.677704],[3.877427,44.688506],[3.869643,44.696962],[3.871555,44.706744],[3.862151,44.711346],[3.866424,44.7272],[3.877071,44.732293],[3.874928,44.740312],[3.862531,44.743866],[3.870506,44.754758],[3.878344,44.756585],[3.894407,44.751722],[3.900075,44.763609],[3.914001,44.765096],[3.92433,44.77098],[3.921745,44.777521],[3.927091,44.791563],[3.936646,44.795897],[3.944468,44.821013],[3.949795,44.826477],[3.963178,44.829753],[3.96684,44.820478],[3.981887,44.811672],[3.988015,44.815116],[3.980424,44.826192],[3.990873,44.832781],[3.997988,44.820631],[4.012596,44.836781],[4.01785,44.830008],[4.027674,44.83897],[4.020049,44.845859],[4.025122,44.850882],[4.028731,44.866167],[4.039009,44.872731],[4.0561,44.872304],[4.069771,44.867355],[4.117947,44.878108],[4.133843,44.873973],[4.154807,44.873561],[4.164946,44.881252],[4.179473,44.88651],[4.184669,44.908251],[4.203849,44.927247],[4.216577,44.933571],[4.222798,44.94853],[4.22385,44.962878],[4.234675,44.968244],[4.252962,44.959361],[4.278551,44.967104],[4.294225,44.966803],[4.313047,44.97265],[4.307317,44.985881],[4.293857,44.991964],[4.292321,45.006531],[4.302322,45.025567],[4.311542,45.031211],[4.339404,45.026508],[4.357902,45.033972],[4.379061,45.036174],[4.381501,45.043264],[4.37811,45.053809],[4.359924,45.055859],[4.347234,45.065756],[4.346376,45.075041],[4.357278,45.078527],[4.356582,45.085874],[4.365698,45.088895],[4.359229,45.09957],[4.384581,45.101066],[4.399129,45.105477],[4.399781,45.117087],[4.388907,45.122506],[4.378207,45.122925],[4.370412,45.128846],[4.378423,45.144822],[4.39666,45.139104],[4.411156,45.140823],[4.421963,45.137476],[4.430777,45.128887],[4.427332,45.11658],[4.457288,45.118887],[4.455964,45.125317],[4.446942,45.130626],[4.443566,45.142175],[4.447047,45.16088],[4.45655,45.166917],[4.459264,45.175018],[4.472537,45.179407],[4.48056,45.195459],[4.477608,45.199745],[4.481325,45.215917],[4.490649,45.223584],[4.483132,45.236445],[4.489776,45.23203],[4.508529,45.231964],[4.51046,45.244156],[4.540738,45.235793],[4.539815,45.242801],[4.560358,45.24764],[4.584795,45.244075],[4.605355,45.253628],[4.605303,45.263664],[4.59152,45.27375],[4.598594,45.289485],[4.620722,45.291428],[4.61573,45.300534],[4.615463,45.310472],[4.64318,45.318899],[4.638558,45.326194],[4.662628,45.34031],[4.680123,45.34626],[4.700414,45.345743],[4.703308,45.349561],[4.723105,45.354602],[4.725821,45.361809],[4.756,45.365675],[4.773245,45.354198],[4.773077,45.346748],[4.763779,45.344483],[4.760533,45.32746],[4.769932,45.316014],[4.788935,45.306705],[4.80049,45.298357]]]]}},{"type":"Feature","properties":{"NUTS_ID":"ITH34","LEVL_CODE":3,"CNTR_CODE":"IT","NAME_LATN":"Treviso","NUTS_NAME":"Treviso","MOUNT_TYPE":4,"URBN_TYPE":2,"COAST_TYPE":2,"FID":"ITH34"},"geometry":{"type":"MultiPolygon","coordinates":[[[[12.400534,46.041996],[12.414859,46.027072],[12.419015,46.007995],[12.428275,45.994136],[12.426534,45.967917],[12.423014,45.956254],[12.426116,45.948372],[12.443806,45.947174],[12.463113,45.940528],[12.465362,45.933054],[12.478278,45.927139],[12.504594,45.923354],[12.50995,45.9091],[12.51589,45.904657],[12.508301,45.897429],[12.522428,45.886415],[12.532495,45.884489],[12.535766,45.869362],[12.531122,45.863079],[12.549632,45.860702],[12.550886,45.850082],[12.558578,45.845679],[12.549938,45.839501],[12.555006,45.830145],[12.572887,45.824376],[12.580434,45.824743],[12.589939,45.815339],[12.597412,45.822148],[12.59508,45.83092],[12.605474,45.837002],[12.617851,45.828936],[12.630238,45.82943],[12.634319,45.818499],[12.646281,45.81983],[12.654028,45.809495],[12.650462,45.802167],[12.661673,45.792441],[12.656698,45.791345],[12.655803,45.778326],[12.668472,45.770913],[12.661203,45.752167],[12.647715,45.747346],[12.672687,45.736381],[12.671215,45.717461],[12.685051,45.712992],[12.677208,45.705243],[12.658071,45.709342],[12.642284,45.699071],[12.616875,45.695091],[12.602479,45.68007],[12.591167,45.69034],[12.57519,45.697166],[12.557403,45.684632],[12.523991,45.679001],[12.518866,45.688487],[12.504557,45.683573],[12.49526,45.673883],[12.504912,45.665416],[12.48831,45.661404],[12.488723,45.649786],[12.484755,45.643025],[12.463288,45.638768],[12.437759,45.639685],[12.434104,45.626442],[12.424518,45.621527],[12.443168,45.603273],[12.438008,45.59059],[12.444513,45.578667],[12.453133,45.571851],[12.43972,45.559949],[12.42276,45.562065],[12.416573,45.567155],[12.407063,45.564401],[12.387874,45.56939],[12.381025,45.577618],[12.37025,45.583091],[12.35239,45.587875],[12.335348,45.561839],[12.319195,45.570758],[12.294338,45.574133],[12.280692,45.567717],[12.27528,45.561192],[12.281605,45.553746],[12.276263,45.543269],[12.27974,45.535746],[12.246062,45.530888],[12.23404,45.538256],[12.213838,45.537819],[12.205291,45.542349],[12.21164,45.563588],[12.209536,45.570429],[12.195318,45.573605],[12.190972,45.583093],[12.167106,45.577206],[12.160769,45.583994],[12.145222,45.585178],[12.144443,45.594351],[12.1252,45.597848],[12.121364,45.609349],[12.108569,45.613007],[12.108356,45.604095],[12.097661,45.603729],[12.092476,45.598335],[12.087215,45.600957],[12.086845,45.623458],[12.078385,45.625647],[12.074182,45.641666],[12.060302,45.638321],[12.049616,45.645165],[12.029411,45.647744],[12.006507,45.642108],[12.00558,45.623352],[11.981419,45.622641],[11.965186,45.60794],[11.946738,45.615233],[11.940121,45.613978],[11.907149,45.625753],[11.901348,45.617915],[11.890386,45.625269],[11.892908,45.634455],[11.883236,45.661329],[11.844053,45.68218],[11.83851,45.679061],[11.821666,45.687179],[11.815886,45.694488],[11.823358,45.706356],[11.814098,45.743352],[11.8312,45.740507],[11.835356,45.749042],[11.818189,45.786725],[11.803268,45.79996],[11.792052,45.799881],[11.779234,45.791884],[11.761014,45.806723],[11.750768,45.823892],[11.758986,45.838616],[11.744602,45.849786],[11.743647,45.854562],[11.760875,45.858371],[11.766651,45.869309],[11.778488,45.868206],[11.799228,45.871962],[11.799596,45.880558],[11.810178,45.888462],[11.825337,45.908096],[11.845578,45.895425],[11.847178,45.884679],[11.869234,45.880746],[11.900905,45.889133],[11.913336,45.889161],[11.929796,45.893742],[11.950563,45.895793],[11.944436,45.912764],[11.945668,45.927773],[11.952952,45.948841],[11.961733,45.954365],[11.988999,45.960565],[12.003773,45.968146],[12.019242,45.962719],[12.024552,45.971066],[12.03275,45.973619],[12.04937,45.961199],[12.061119,45.961756],[12.076982,45.971836],[12.078163,45.976527],[12.094125,45.981993],[12.102522,45.988555],[12.104009,45.997727],[12.120367,46.003587],[12.139379,45.99984],[12.167766,46.005782],[12.166884,46.013572],[12.179088,46.013419],[12.190887,46.004623],[12.229553,46.015228],[12.239938,46.024277],[12.253955,46.028789],[12.254921,46.036478],[12.275691,46.045197],[12.302804,46.076354],[12.328796,46.082402],[12.349975,46.07845],[12.361902,46.071605],[12.372984,46.075817],[12.389714,46.071538],[12.388329,46.06339],[12.398844,46.061997],[12.403387,46.045792],[12.400534,46.041996]]]]}},{"type":"Feature","properties":{"NUTS_ID":"FRC22","LEVL_CODE":3,"CNTR_CODE":"FR","NAME_LATN":"Jura","NUTS_NAME":"Jura","MOUNT_TYPE":3,"URBN_TYPE":3,"COAST_TYPE":3,"FID":"FRC22"},"geometry":{"type":"MultiPolygon","coordinates":[[[[5.698727,47.265],[5.718323,47.24206],[5.714027,47.236011],[5.721187,47.230319],[5.720412,47.219933],[5.737883,47.208884],[5.739828,47.201038],[5.754356,47.206145],[5.761175,47.194198],[5.778964,47.192962],[5.785196,47.188524],[5.793614,47.174676],[5.811472,47.169051],[5.809721,47.160725],[5.813661,47.149895],[5.823299,47.141815],[5.78679,47.096686],[5.77704,47.096739],[5.769402,47.091044],[5.778612,47.07477],[5.784716,47.054913],[5.763068,47.045598],[5.746454,47.056443],[5.738307,47.048787],[5.752422,47.039488],[5.741603,47.030148],[5.749515,47.017244],[5.764418,47.012478],[5.770441,47.018151],[5.791862,47.022642],[5.799167,47.030751],[5.797657,47.043088],[5.810149,47.046808],[5.817147,47.039818],[5.814519,47.017659],[5.828633,47.012619],[5.839451,47.015347],[5.849103,47.005913],[5.855678,47.008818],[5.881565,47.005095],[5.884484,46.998476],[5.895992,46.996265],[5.910369,46.999851],[5.913039,46.989441],[5.922814,46.980019],[5.934154,46.983047],[5.967639,46.980122],[5.979783,46.963476],[5.956543,46.948497],[5.965481,46.947448],[5.980174,46.939355],[5.997219,46.933494],[5.983873,46.920973],[5.982547,46.907577],[6.000511,46.896235],[6.008429,46.895558],[6.011874,46.883165],[6.006736,46.873384],[6.025322,46.874342],[6.02697,46.864304],[6.024191,46.852552],[6.046167,46.848766],[6.055958,46.850388],[6.064779,46.860233],[6.085605,46.850386],[6.093272,46.842325],[6.105555,46.845299],[6.114028,46.835901],[6.152235,46.819523],[6.163639,46.802821],[6.175436,46.801074],[6.20333,46.772681],[6.206096,46.764558],[6.184253,46.754472],[6.180195,46.74144],[6.139945,46.725268],[6.112954,46.707747],[6.070859,46.688268],[6.104576,46.650723],[6.098172,46.642829],[6.081731,46.636538],[6.059155,46.624847],[6.061866,46.613821],[6.048568,46.607719],[6.068406,46.595948],[6.093425,46.577066],[6.131096,46.55357],[6.138106,46.557667],[6.156464,46.545257],[6.145555,46.52937],[6.136655,46.529649],[6.112961,46.509903],[6.097133,46.48159],[6.073584,46.465272],[6.075754,46.453255],[6.086244,46.443146],[6.074908,46.431843],[6.064003,46.416229],[6.056289,46.415755],[6.034965,46.39099],[6.004802,46.371557],[5.985125,46.363911],[5.975137,46.350293],[5.941528,46.309262],[5.925904,46.313765],[5.918334,46.3086],[5.915565,46.292765],[5.909194,46.283942],[5.894625,46.286608],[5.879059,46.270149],[5.869189,46.264978],[5.864074,46.271217],[5.853059,46.261517],[5.826258,46.261716],[5.766039,46.268328],[5.743918,46.266564],[5.725179,46.260687],[5.714487,46.280908],[5.719294,46.293462],[5.714545,46.309048],[5.684577,46.310927],[5.683322,46.315872],[5.667446,46.324272],[5.646235,46.324265],[5.649801,46.33419],[5.643975,46.344032],[5.630515,46.330204],[5.616528,46.328899],[5.596984,46.297107],[5.587252,46.292507],[5.565574,46.293847],[5.558128,46.282173],[5.536987,46.268276],[5.511375,46.264359],[5.503548,46.270386],[5.473804,46.265074],[5.457404,46.275272],[5.458901,46.290708],[5.465902,46.292339],[5.474696,46.313001],[5.465178,46.323541],[5.456082,46.317628],[5.437147,46.315127],[5.427898,46.34221],[5.416954,46.344086],[5.410234,46.309106],[5.404651,46.310338],[5.403895,46.329221],[5.400978,46.33917],[5.389016,46.342091],[5.373465,46.352234],[5.376221,46.363932],[5.364356,46.36969],[5.376695,46.38178],[5.352698,46.397191],[5.339235,46.401453],[5.33317,46.398131],[5.315195,46.4089],[5.307635,46.422838],[5.323303,46.428513],[5.310564,46.44677],[5.323145,46.456479],[5.323347,46.462506],[5.34679,46.461104],[5.358359,46.463696],[5.373784,46.46045],[5.384159,46.471202],[5.398103,46.466596],[5.414418,46.472578],[5.419657,46.481267],[5.420118,46.501243],[5.40897,46.501175],[5.392782,46.508243],[5.383803,46.515579],[5.360181,46.519149],[5.36258,46.551639],[5.356834,46.561967],[5.367873,46.56694],[5.362119,46.577266],[5.375533,46.580151],[5.399054,46.580002],[5.413819,46.599401],[5.398591,46.612712],[5.413791,46.614643],[5.426931,46.621601],[5.439392,46.632093],[5.440604,46.637912],[5.418088,46.652253],[5.427104,46.660158],[5.419306,46.667683],[5.422085,46.673033],[5.403081,46.679307],[5.395361,46.685052],[5.408354,46.698433],[5.395516,46.70871],[5.395911,46.71888],[5.387293,46.73105],[5.361102,46.730981],[5.366754,46.752395],[5.372481,46.751266],[5.385816,46.762547],[5.390248,46.770586],[5.371283,46.777321],[5.352719,46.792878],[5.341509,46.790694],[5.332844,46.796733],[5.328565,46.815655],[5.343534,46.82109],[5.351068,46.814656],[5.375273,46.826985],[5.410222,46.832579],[5.411671,46.828888],[5.429617,46.826195],[5.457677,46.831439],[5.463949,46.840621],[5.457816,46.845371],[5.459288,46.855245],[5.444288,46.860674],[5.431479,46.858322],[5.409445,46.86442],[5.402081,46.869098],[5.403843,46.889516],[5.3916,46.894074],[5.362419,46.88342],[5.350678,46.892573],[5.328983,46.888395],[5.32752,46.898589],[5.317931,46.903458],[5.307678,46.924341],[5.307662,46.937595],[5.29231,46.9407],[5.276209,46.93575],[5.269482,46.928275],[5.260565,46.94682],[5.263972,46.958007],[5.255438,46.970691],[5.255233,46.979887],[5.271959,46.989341],[5.274296,46.998374],[5.299904,47.002067],[5.30386,47.011382],[5.314958,47.016439],[5.275331,47.026929],[5.28409,47.047505],[5.30589,47.06226],[5.31121,47.05884],[5.321365,47.072141],[5.337102,47.077866],[5.345785,47.076646],[5.359464,47.080823],[5.369336,47.077639],[5.386019,47.081978],[5.397976,47.095447],[5.400592,47.107564],[5.410079,47.114022],[5.408726,47.125554],[5.414565,47.132759],[5.43898,47.142803],[5.438304,47.152017],[5.448645,47.159661],[5.458726,47.182458],[5.457736,47.189199],[5.445776,47.198668],[5.449261,47.203218],[5.464334,47.206861],[5.479743,47.218504],[5.474461,47.229748],[5.484334,47.238051],[5.485864,47.250024],[5.479374,47.255832],[5.487056,47.26521],[5.489801,47.288791],[5.505367,47.284064],[5.508204,47.292539],[5.518537,47.304184],[5.529059,47.298572],[5.533168,47.28974],[5.543545,47.280465],[5.557998,47.27774],[5.558661,47.270566],[5.571669,47.267576],[5.575442,47.253714],[5.602181,47.260679],[5.623509,47.253405],[5.642301,47.256186],[5.653361,47.265008],[5.663918,47.265746],[5.676648,47.275725],[5.692162,47.271418],[5.698727,47.265]]]]}},{"type":"Feature","properties":{"NUTS_ID":"FRK21","LEVL_CODE":3,"CNTR_CODE":"FR","NAME_LATN":"Ain","NUTS_NAME":"Ain","MOUNT_TYPE":4,"URBN_TYPE":3,"COAST_TYPE":3,"FID":"FRK21"},"geometry":{"type":"MultiPolygon","coordinates":[[[[5.310564,46.44677],[5.323303,46.428513],[5.307635,46.422838],[5.315195,46.4089],[5.33317,46.398131],[5.339235,46.401453],[5.352698,46.397191],[5.376695,46.38178],[5.364356,46.36969],[5.376221,46.363932],[5.373465,46.352234],[5.389016,46.342091],[5.400978,46.33917],[5.403895,46.329221],[5.404651,46.310338],[5.410234,46.309106],[5.416954,46.344086],[5.427898,46.34221],[5.437147,46.315127],[5.456082,46.317628],[5.465178,46.323541],[5.474696,46.313001],[5.465902,46.292339],[5.458901,46.290708],[5.457404,46.275272],[5.473804,46.265074],[5.503548,46.270386],[5.511375,46.264359],[5.536987,46.268276],[5.558128,46.282173],[5.565574,46.293847],[5.587252,46.292507],[5.596984,46.297107],[5.616528,46.328899],[5.630515,46.330204],[5.643975,46.344032],[5.649801,46.33419],[5.646235,46.324265],[5.667446,46.324272],[5.683322,46.315872],[5.684577,46.310927],[5.714545,46.309048],[5.719294,46.293462],[5.714487,46.280908],[5.725179,46.260687],[5.743918,46.266564],[5.766039,46.268328],[5.826258,46.261716],[5.853059,46.261517],[5.864074,46.271217],[5.869189,46.264978],[5.879059,46.270149],[5.894625,46.286608],[5.909194,46.283942],[5.915565,46.292765],[5.918334,46.3086],[5.925904,46.313765],[5.941528,46.309262],[5.975137,46.350293],[5.985125,46.363911],[6.004802,46.371557],[6.034965,46.39099],[6.056289,46.415755],[6.064003,46.416229],[6.09682,46.408754],[6.105283,46.400296],[6.11749,46.397773],[6.149385,46.378025],[6.158578,46.379539],[6.170136,46.366436],[6.160857,46.358931],[6.158022,46.350967],[6.139208,46.33464],[6.125608,46.31723],[6.119092,46.307716],[6.121142,46.297168],[6.102367,46.284855],[6.104297,46.278487],[6.12009,46.26115],[6.12358,46.250572],[6.101817,46.237537],[6.088136,46.247043],[6.069425,46.241623],[6.060805,46.244773],[6.046336,46.231437],[6.033722,46.238426],[6.016678,46.23183],[5.992403,46.216046],[5.974414,46.214752],[5.971828,46.202304],[5.963678,46.196972],[5.991522,46.186835],[5.994443,46.183094],[5.988286,46.171694],[5.982242,46.172202],[5.965136,46.145195],[5.965555,46.137442],[5.956067,46.132095],[5.946619,46.127996],[5.920793,46.130937],[5.904317,46.120227],[5.893029,46.118917],[5.88532,46.107902],[5.892902,46.099062],[5.891437,46.088481],[5.88318,46.084913],[5.855984,46.086665],[5.839828,46.101749],[5.830804,46.105925],[5.820708,46.10345],[5.821697,46.08989],[5.811412,46.078424],[5.807623,46.063937],[5.813966,46.057887],[5.806994,46.043828],[5.812394,46.023984],[5.805472,46.015732],[5.810813,46.010299],[5.809642,45.989802],[5.834024,45.972027],[5.835013,45.951103],[5.83123,45.938457],[5.82261,45.929553],[5.829171,45.916341],[5.826145,45.903274],[5.801112,45.845795],[5.79722,45.831056],[5.789611,45.826833],[5.784226,45.815877],[5.786593,45.808345],[5.783408,45.785463],[5.780072,45.777416],[5.782533,45.768425],[5.77902,45.760608],[5.783586,45.745204],[5.769679,45.740812],[5.775994,45.727079],[5.764529,45.719981],[5.755661,45.707742],[5.747862,45.705278],[5.738214,45.710343],[5.720453,45.707864],[5.700594,45.709947],[5.701013,45.7021],[5.709581,45.688831],[5.706734,45.681128],[5.684884,45.666159],[5.689182,45.648501],[5.676887,45.638078],[5.659531,45.638684],[5.649412,45.633717],[5.646567,45.624797],[5.637438,45.622365],[5.635807,45.614399],[5.623743,45.613268],[5.605056,45.634564],[5.601826,45.652325],[5.588113,45.65988],[5.586405,45.667072],[5.554074,45.672556],[5.545671,45.687472],[5.548344,45.69873],[5.557292,45.696338],[5.565015,45.684648],[5.575614,45.69108],[5.570022,45.697143],[5.553489,45.701566],[5.553454,45.708404],[5.545544,45.713591],[5.524958,45.717645],[5.517514,45.731182],[5.48253,45.754589],[5.457404,45.780997],[5.447082,45.78619],[5.438571,45.795434],[5.422518,45.807126],[5.420475,45.818886],[5.42519,45.82488],[5.43633,45.827184],[5.427035,45.837074],[5.418252,45.840106],[5.416314,45.848038],[5.398575,45.860317],[5.384171,45.865481],[5.372349,45.874264],[5.351021,45.883706],[5.340919,45.880509],[5.329969,45.8641],[5.314191,45.858307],[5.302494,45.848127],[5.299708,45.834696],[5.290784,45.820841],[5.29062,45.814183],[5.275553,45.800893],[5.266894,45.789371],[5.248262,45.781392],[5.228968,45.770502],[5.216213,45.768895],[5.192864,45.771382],[5.177085,45.793387],[5.16791,45.79515],[5.160363,45.802317],[5.144196,45.804568],[5.12173,45.811177],[5.101069,45.813379],[5.062996,45.808862],[5.048809,45.812221],[5.037806,45.808345],[5.027521,45.809191],[5.013446,45.805057],[5.003132,45.810028],[4.981609,45.805451],[4.96308,45.810971],[4.943769,45.809531],[4.923798,45.803995],[4.917846,45.809846],[4.921289,45.819365],[4.92111,45.832738],[4.916481,45.845111],[4.900572,45.857602],[4.90901,45.874107],[4.883832,45.879991],[4.880697,45.897165],[4.872074,45.903455],[4.853161,45.906785],[4.849121,45.912862],[4.836309,45.909508],[4.805178,45.896327],[4.81068,45.909753],[4.807762,45.920799],[4.788988,45.923549],[4.781304,45.934878],[4.771433,45.939187],[4.76112,45.934999],[4.73618,45.938459],[4.729863,45.949757],[4.748457,45.96241],[4.754122,45.976734],[4.749876,45.984387],[4.7486,46.009663],[4.744,46.018177],[4.746978,46.031525],[4.739525,46.047211],[4.755169,46.057499],[4.761683,46.068835],[4.755331,46.080178],[4.748221,46.083211],[4.74842,46.092117],[4.7711,46.110444],[4.772066,46.117624],[4.795946,46.139159],[4.802553,46.156433],[4.785669,46.166972],[4.780209,46.176676],[4.780243,46.189052],[4.793199,46.201913],[4.793313,46.213073],[4.800739,46.229654],[4.810832,46.24575],[4.811952,46.261858],[4.826489,46.276322],[4.831831,46.296889],[4.851424,46.326072],[4.853629,46.33452],[4.851454,46.356271],[4.858529,46.368018],[4.88821,46.402977],[4.887985,46.413266],[4.894449,46.445371],[4.914453,46.462158],[4.914396,46.485863],[4.925027,46.496215],[4.935602,46.514229],[4.951278,46.501767],[4.966124,46.512782],[4.980214,46.5152],[5.010589,46.511069],[5.014237,46.500451],[5.029674,46.492166],[5.043462,46.49048],[5.054753,46.484277],[5.071447,46.485812],[5.085815,46.490978],[5.096296,46.499172],[5.110183,46.491876],[5.13403,46.50144],[5.137814,46.50925],[5.165862,46.503927],[5.16584,46.517669],[5.180273,46.510289],[5.201077,46.507736],[5.206689,46.486171],[5.215063,46.468359],[5.225326,46.468026],[5.236258,46.457782],[5.248002,46.459373],[5.257255,46.450794],[5.266663,46.450985],[5.28284,46.446019],[5.291363,46.449491],[5.310564,46.44677]]]]}},{"type":"Feature","properties":{"NUTS_ID":"ITC12","LEVL_CODE":3,"CNTR_CODE":"IT","NAME_LATN":"Vercelli","NUTS_NAME":"Vercelli","MOUNT_TYPE":4,"URBN_TYPE":2,"COAST_TYPE":3,"FID":"ITC12"},"geometry":{"type":"MultiPolygon","coordinates":[[[[8.349897,45.772374],[8.356257,45.767873],[8.354394,45.756944],[8.377983,45.738576],[8.378097,45.728856],[8.385888,45.720204],[8.382445,45.710235],[8.392018,45.703477],[8.385649,45.69689],[8.374139,45.698511],[8.366119,45.707001],[8.346944,45.702557],[8.338889,45.705507],[8.330016,45.701704],[8.3202,45.703829],[8.31059,45.697209],[8.321903,45.683239],[8.331782,45.677804],[8.333243,45.671533],[8.346614,45.655406],[8.355152,45.651111],[8.347047,45.645138],[8.355769,45.637798],[8.372399,45.634787],[8.388843,45.619941],[8.393143,45.592517],[8.391236,45.578225],[8.399329,45.560889],[8.399889,45.542898],[8.402994,45.531034],[8.401588,45.490648],[8.411896,45.479973],[8.411752,45.471389],[8.402427,45.46991],[8.406175,45.419155],[8.400537,45.396194],[8.408905,45.398179],[8.411872,45.407434],[8.43332,45.411094],[8.442418,45.39345],[8.450168,45.388636],[8.455299,45.378249],[8.468656,45.383821],[8.472566,45.379562],[8.496315,45.372494],[8.499562,45.347716],[8.467298,45.339145],[8.463201,45.328117],[8.472822,45.321156],[8.480704,45.321973],[8.493213,45.312446],[8.507013,45.318831],[8.51356,45.313278],[8.498354,45.292226],[8.517487,45.289902],[8.513058,45.275289],[8.524646,45.278401],[8.535012,45.276827],[8.531384,45.267064],[8.541428,45.252812],[8.527645,45.245839],[8.54563,45.241413],[8.540003,45.233245],[8.52498,45.222808],[8.544177,45.205157],[8.524646,45.198318],[8.530766,45.193725],[8.551159,45.196464],[8.556126,45.204435],[8.576386,45.207252],[8.581206,45.202223],[8.565036,45.198086],[8.545388,45.182358],[8.547797,45.168147],[8.536914,45.175094],[8.516636,45.171464],[8.507204,45.174096],[8.503416,45.186443],[8.495319,45.197952],[8.469996,45.20409],[8.446661,45.199959],[8.440184,45.194899],[8.42991,45.198118],[8.418451,45.195715],[8.403541,45.204687],[8.385182,45.200486],[8.374248,45.200714],[8.358936,45.19557],[8.36024,45.190118],[8.349985,45.183821],[8.34275,45.172836],[8.328688,45.169518],[8.308137,45.176915],[8.294598,45.17284],[8.286898,45.177803],[8.266345,45.180684],[8.25068,45.176007],[8.237589,45.16804],[8.217071,45.16432],[8.203739,45.177084],[8.19076,45.173873],[8.184402,45.163832],[8.172082,45.159541],[8.167574,45.168414],[8.151934,45.168558],[8.14505,45.169506],[8.120338,45.18237],[8.102944,45.183144],[8.094852,45.186933],[8.055275,45.18224],[8.04667,45.187883],[8.042497,45.204857],[8.034706,45.202168],[8.006608,45.214893],[7.985057,45.235864],[7.987823,45.241434],[7.983997,45.257558],[7.98943,45.264748],[7.991798,45.290564],[7.988655,45.311343],[7.976169,45.317338],[7.949495,45.306605],[7.955213,45.326928],[7.964202,45.332594],[7.95781,45.343677],[7.98995,45.34547],[8.008682,45.338406],[8.019512,45.34376],[8.023789,45.362221],[8.012197,45.367439],[8.008331,45.386387],[8.008894,45.39789],[8.027012,45.403092],[8.041732,45.39699],[8.052903,45.397898],[8.071353,45.386517],[8.08967,45.384388],[8.122848,45.376086],[8.129827,45.387709],[8.148911,45.408519],[8.166834,45.411048],[8.170065,45.41892],[8.162096,45.425641],[8.167061,45.434964],[8.186041,45.450009],[8.203548,45.446831],[8.220526,45.456323],[8.216667,45.46976],[8.245066,45.489006],[8.244225,45.493318],[8.262723,45.501524],[8.267599,45.516879],[8.291942,45.517732],[8.278819,45.524539],[8.277936,45.531844],[8.29255,45.541589],[8.296474,45.553605],[8.276133,45.564364],[8.271104,45.574588],[8.27138,45.584179],[8.259637,45.594195],[8.255179,45.608681],[8.268967,45.615998],[8.276996,45.611156],[8.296919,45.621542],[8.311447,45.621036],[8.308454,45.642005],[8.316107,45.6469],[8.308847,45.65536],[8.298928,45.655729],[8.291579,45.666796],[8.280172,45.670081],[8.269951,45.68191],[8.230466,45.706664],[8.22272,45.707625],[8.202243,45.724596],[8.192697,45.72283],[8.18382,45.730075],[8.181031,45.751219],[8.155599,45.750207],[8.125102,45.757151],[8.108081,45.748929],[8.095834,45.737712],[8.082781,45.737263],[8.076952,45.718745],[8.064899,45.723516],[8.059251,45.740587],[8.035466,45.735833],[8.0214,45.737679],[8.003357,45.721436],[7.985986,45.721411],[7.955472,45.718561],[7.936649,45.72434],[7.919973,45.742918],[7.900099,45.749578],[7.885414,45.760664],[7.881726,45.772266],[7.863518,45.791126],[7.866407,45.80144],[7.862355,45.819899],[7.873457,45.825912],[7.864492,45.839831],[7.875161,45.861018],[7.869152,45.868125],[7.863751,45.896886],[7.867302,45.904759],[7.864077,45.91675],[7.877137,45.926955],[7.904791,45.925909],[7.923637,45.920899],[7.938193,45.913232],[7.943663,45.907078],[7.962046,45.900633],[7.996758,45.914408],[8.014245,45.928553],[8.031536,45.930541],[8.044365,45.93631],[8.065048,45.935086],[8.086036,45.922406],[8.096544,45.923213],[8.111001,45.93111],[8.15845,45.93562],[8.182327,45.949234],[8.192193,45.950409],[8.209025,45.945045],[8.204631,45.936702],[8.213091,45.925927],[8.228894,45.920484],[8.239034,45.910933],[8.268331,45.906828],[8.277174,45.895912],[8.30224,45.886751],[8.295218,45.879167],[8.29422,45.871192],[8.315592,45.864962],[8.319544,45.855573],[8.327804,45.855052],[8.334038,45.843295],[8.322196,45.838697],[8.329293,45.829932],[8.317441,45.79232],[8.316248,45.783932],[8.320791,45.768989],[8.340119,45.775587],[8.349897,45.772374]]],[[[8.275372,45.634837],[8.288399,45.632345],[8.276854,45.623357],[8.263301,45.61989],[8.261364,45.633251],[8.275372,45.634837]]]]}},{"type":"Feature","properties":{"NUTS_ID":"ITC20","LEVL_CODE":3,"CNTR_CODE":"IT","NAME_LATN":"Valle d’Aosta/Vallée d’Aoste","NUTS_NAME":"Valle d’Aosta/Vallée d’Aoste","MOUNT_TYPE":3,"URBN_TYPE":2,"COAST_TYPE":3,"FID":"ITC20"},"geometry":{"type":"MultiPolygon","coordinates":[[[[7.864077,45.91675],[7.867302,45.904759],[7.863751,45.896886],[7.869152,45.868125],[7.875161,45.861018],[7.864492,45.839831],[7.873457,45.825912],[7.862355,45.819899],[7.866407,45.80144],[7.863518,45.791126],[7.881726,45.772266],[7.885414,45.760664],[7.900099,45.749578],[7.919973,45.742918],[7.936649,45.72434],[7.920323,45.701893],[7.910224,45.698591],[7.905233,45.681959],[7.911886,45.670682],[7.920667,45.666641],[7.927585,45.650645],[7.939399,45.643248],[7.936133,45.635692],[7.914895,45.632194],[7.897488,45.612524],[7.895811,45.590028],[7.88164,45.59954],[7.862301,45.596985],[7.848897,45.60226],[7.842101,45.597761],[7.828169,45.59703],[7.804489,45.58716],[7.778772,45.571365],[7.747181,45.559519],[7.73032,45.550734],[7.719587,45.558308],[7.703225,45.555612],[7.688299,45.557339],[7.676188,45.552182],[7.646849,45.567965],[7.634072,45.570781],[7.609093,45.56287],[7.600748,45.57719],[7.582556,45.581826],[7.568907,45.590806],[7.549162,45.588696],[7.530344,45.576844],[7.505812,45.581955],[7.489878,45.582965],[7.465935,45.577171],[7.449172,45.560495],[7.447991,45.55556],[7.426059,45.546598],[7.4176,45.545814],[7.4149,45.536585],[7.397841,45.532297],[7.395275,45.527853],[7.37574,45.516485],[7.359825,45.525521],[7.33419,45.520429],[7.322978,45.514444],[7.301381,45.516749],[7.283936,45.512961],[7.269522,45.51467],[7.263534,45.499521],[7.24899,45.494604],[7.222684,45.470469],[7.211006,45.47231],[7.198859,45.480969],[7.171904,45.482293],[7.159914,45.486412],[7.144558,45.478235],[7.138103,45.488331],[7.14299,45.496741],[7.143571,45.507401],[7.137549,45.516256],[7.122632,45.507777],[7.11548,45.488331],[7.113634,45.47385],[7.104723,45.468454],[7.077404,45.473361],[7.050873,45.472242],[7.046346,45.479456],[7.056451,45.488331],[7.053074,45.495128],[7.021868,45.496628],[7.000017,45.504667],[7.00453,45.518493],[6.99145,45.531714],[6.995712,45.544029],[6.990039,45.55933],[6.99581,45.567826],[6.994716,45.575381],[6.978371,45.588289],[6.985754,45.612022],[6.984754,45.619436],[6.996954,45.629828],[6.999526,45.639465],[6.976115,45.646488],[6.9613,45.65484],[6.930927,45.646316],[6.914168,45.651444],[6.915747,45.659831],[6.90219,45.663825],[6.906408,45.66963],[6.902646,45.680368],[6.893517,45.676256],[6.875051,45.679868],[6.845962,45.690504],[6.841612,45.699736],[6.828574,45.703432],[6.818508,45.718769],[6.809076,45.725401],[6.817062,45.740078],[6.806237,45.74769],[6.805674,45.769572],[6.802368,45.778562],[6.804676,45.791667],[6.812661,45.796655],[6.812617,45.808148],[6.805089,45.816128],[6.819588,45.836202],[6.842226,45.840347],[6.854244,45.836788],[6.867901,45.825349],[6.874173,45.84549],[6.883268,45.848708],[6.895145,45.842773],[6.913389,45.841352],[6.923148,45.847685],[6.940215,45.847608],[6.952154,45.86081],[6.977259,45.868523],[6.990461,45.868789],[6.998306,45.873526],[7.005796,45.885476],[7.003233,45.897113],[7.020651,45.915772],[7.044886,45.922413],[7.061899,45.911966],[7.064717,45.900304],[7.075851,45.894832],[7.080692,45.885237],[7.093904,45.876689],[7.101175,45.85927],[7.118102,45.859758],[7.136316,45.872774],[7.153544,45.879249],[7.173279,45.864142],[7.190603,45.858679],[7.199882,45.862942],[7.199842,45.87452],[7.21491,45.883903],[7.217558,45.888789],[7.248674,45.892725],[7.257402,45.88898],[7.276695,45.901308],[7.285749,45.915449],[7.294443,45.921779],[7.315485,45.916135],[7.323411,45.910478],[7.345318,45.914438],[7.360533,45.904146],[7.382476,45.896971],[7.395289,45.903189],[7.400765,45.910505],[7.411368,45.909187],[7.428457,45.916382],[7.444769,45.931097],[7.460186,45.935366],[7.472752,45.935175],[7.472397,45.947638],[7.498821,45.961691],[7.507827,45.958469],[7.516666,45.961963],[7.527511,45.956924],[7.540248,45.955875],[7.54602,45.961717],[7.54196,45.975702],[7.551407,45.98638],[7.574703,45.987574],[7.584532,45.972165],[7.610395,45.969356],[7.619487,45.972115],[7.639865,45.970457],[7.65777,45.976223],[7.665065,45.975215],[7.680218,45.957687],[7.697992,45.954312],[7.708684,45.94837],[7.707922,45.935344],[7.721181,45.9239],[7.735097,45.92399],[7.749734,45.940434],[7.768459,45.93703],[7.789592,45.925484],[7.799518,45.917126],[7.820843,45.926562],[7.837316,45.921995],[7.858208,45.920385],[7.864077,45.91675]]]]}},{"type":"Feature","properties":{"NUTS_ID":"ITC31","LEVL_CODE":3,"CNTR_CODE":"IT","NAME_LATN":"Imperia","NUTS_NAME":"Imperia","MOUNT_TYPE":3,"URBN_TYPE":1,"COAST_TYPE":1,"FID":"ITC31"},"geometry":{"type":"MultiPolygon","coordinates":[[[[8.01563,44.110676],[8.020886,44.108695],[8.02244,44.097206],[8.033914,44.089156],[8.037883,44.075747],[8.036686,44.058405],[8.028741,44.050028],[8.017547,44.046658],[8.005238,44.034045],[7.989285,44.032783],[7.978083,44.019529],[7.980915,44.012823],[8.001752,44.000578],[7.999627,43.993255],[8.016933,43.979305],[8.033284,43.981691],[8.053381,43.981221],[8.078907,43.983763],[8.106411,43.972736],[8.12352,43.953353],[8.124909,43.939252],[8.135351,43.93894],[8.128058,43.927117],[8.09424,43.9169],[8.079204,43.904741],[8.079069,43.896375],[8.071312,43.89063],[8.030182,43.883966],[8.015064,43.872524],[7.970114,43.860424],[7.965673,43.852064],[7.949186,43.847207],[7.921109,43.844175],[7.906112,43.837012],[7.872444,43.835801],[7.846675,43.828518],[7.832264,43.816516],[7.806567,43.822961],[7.784366,43.818812],[7.762852,43.808504],[7.75347,43.806655],[7.738435,43.795621],[7.713686,43.800885],[7.70269,43.799011],[7.672801,43.776622],[7.646188,43.781991],[7.575396,43.792705],[7.560875,43.788672],[7.555791,43.780657],[7.529827,43.784008],[7.527304,43.792651],[7.518339,43.803009],[7.507156,43.841518],[7.496776,43.84939],[7.495307,43.862715],[7.498188,43.870837],[7.512005,43.882532],[7.537916,43.892788],[7.559551,43.897398],[7.563168,43.902419],[7.55951,43.917704],[7.567191,43.922735],[7.572966,43.936224],[7.567983,43.943055],[7.581542,43.948159],[7.587468,43.954787],[7.601923,43.957325],[7.611796,43.95584],[7.631298,43.964556],[7.643658,43.973578],[7.651609,43.974175],[7.655962,43.984694],[7.662274,43.986855],[7.67052,43.998405],[7.663229,44.014756],[7.664028,44.029849],[7.674243,44.029971],[7.688105,44.038795],[7.700599,44.04126],[7.704716,44.053576],[7.714236,44.061513],[7.727293,44.060852],[7.735072,44.073746],[7.748945,44.079529],[7.732994,44.085428],[7.718394,44.103597],[7.72701,44.126415],[7.737865,44.128684],[7.746019,44.135332],[7.762043,44.140308],[7.773088,44.140028],[7.796822,44.129091],[7.815445,44.12354],[7.865183,44.118112],[7.879257,44.113233],[7.883961,44.104647],[7.926004,44.110271],[7.935454,44.100997],[7.958238,44.103987],[7.971533,44.11308],[7.996196,44.107439],[8.005333,44.102811],[8.01563,44.110676]]]]}},{"type":"Feature","properties":{"NUTS_ID":"ITC18","LEVL_CODE":3,"CNTR_CODE":"IT","NAME_LATN":"Alessandria","NUTS_NAME":"Alessandria","MOUNT_TYPE":4,"URBN_TYPE":3,"COAST_TYPE":3,"FID":"ITC18"},"geometry":{"type":"MultiPolygon","coordinates":[[[[8.547797,45.168147],[8.555709,45.166472],[8.554726,45.15817],[8.585312,45.147914],[8.590129,45.133016],[8.613328,45.126206],[8.608906,45.11925],[8.609174,45.107801],[8.622391,45.097175],[8.62204,45.091232],[8.634917,45.088405],[8.640175,45.077554],[8.637898,45.066994],[8.645711,45.054612],[8.639481,45.048906],[8.637557,45.039315],[8.652663,45.033152],[8.653684,45.02318],[8.664487,45.020944],[8.668258,45.027402],[8.683499,45.027521],[8.69403,45.021702],[8.708108,45.038149],[8.714264,45.03611],[8.724272,45.022992],[8.743019,45.023697],[8.749956,45.020753],[8.75883,45.01],[8.773599,45.007547],[8.777564,45.022348],[8.798355,45.021114],[8.802331,45.026066],[8.796391,45.034156],[8.821433,45.037528],[8.843733,45.049429],[8.865169,45.048145],[8.879543,45.058517],[8.886551,45.050452],[8.897978,45.049754],[8.902566,45.03633],[8.901398,45.009695],[8.917495,44.987376],[8.925624,44.982148],[8.941915,44.982281],[8.949706,44.988133],[8.960645,44.987276],[8.978145,44.967197],[8.97951,44.954059],[8.972299,44.952243],[8.969611,44.943481],[8.976461,44.940123],[8.995907,44.919064],[9.005016,44.904916],[9.018419,44.900791],[9.030385,44.888487],[9.042616,44.884926],[9.054518,44.888538],[9.067434,44.860705],[9.049136,44.850291],[9.074831,44.822527],[9.079436,44.814547],[9.095167,44.819012],[9.109665,44.806132],[9.121226,44.809322],[9.155979,44.809161],[9.173901,44.79661],[9.171984,44.772045],[9.192044,44.757675],[9.213573,44.752333],[9.213036,44.74219],[9.203331,44.721367],[9.208112,44.702774],[9.200074,44.686099],[9.205987,44.659616],[9.198059,44.649819],[9.200447,44.61701],[9.202995,44.613476],[9.203334,44.595748],[9.184251,44.591359],[9.154451,44.575199],[9.136262,44.574464],[9.119696,44.581245],[9.110727,44.581953],[9.102507,44.593845],[9.1032,44.609729],[9.086266,44.615118],[9.073941,44.623837],[9.056089,44.621085],[9.044898,44.626262],[9.033277,44.64743],[9.025777,44.65005],[9.021177,44.660411],[9.004172,44.668075],[8.992393,44.662942],[8.971929,44.663497],[8.959108,44.67576],[8.931194,44.676161],[8.922883,44.672777],[8.922607,44.664554],[8.908164,44.647286],[8.882716,44.639004],[8.892712,44.625696],[8.902939,44.621558],[8.907811,44.612532],[8.903749,44.608438],[8.907935,44.592641],[8.921734,44.56709],[8.914891,44.559693],[8.894663,44.554809],[8.88104,44.554706],[8.869587,44.565874],[8.852797,44.559796],[8.835552,44.563012],[8.826802,44.56181],[8.822717,44.550498],[8.828338,44.54239],[8.807099,44.534584],[8.794846,44.521645],[8.799948,44.500838],[8.786627,44.495066],[8.786947,44.488395],[8.770312,44.48941],[8.773277,44.503906],[8.769081,44.510687],[8.767132,44.525032],[8.75089,44.54051],[8.749153,44.549351],[8.738212,44.551754],[8.739522,44.557965],[8.73144,44.570797],[8.718286,44.580661],[8.698637,44.579599],[8.690073,44.581944],[8.681008,44.575549],[8.666777,44.582438],[8.66048,44.579559],[8.648351,44.582681],[8.640757,44.579254],[8.63041,44.581584],[8.621371,44.578337],[8.615377,44.569571],[8.607706,44.570307],[8.598722,44.555603],[8.612968,44.545789],[8.607115,44.537522],[8.597266,44.537417],[8.586855,44.524721],[8.577089,44.524908],[8.572199,44.516814],[8.576182,44.509206],[8.551634,44.503907],[8.541826,44.51224],[8.507862,44.508554],[8.477887,44.510978],[8.469848,44.522138],[8.453521,44.510179],[8.449519,44.497368],[8.440318,44.50483],[8.427242,44.503298],[8.418522,44.512535],[8.405504,44.509006],[8.400017,44.501908],[8.400629,44.493483],[8.390823,44.486717],[8.39165,44.476837],[8.374943,44.474375],[8.358512,44.464916],[8.349985,44.47707],[8.349801,44.484291],[8.336219,44.487998],[8.321411,44.488644],[8.303949,44.503503],[8.292125,44.502819],[8.282356,44.507839],[8.272228,44.507024],[8.261596,44.519424],[8.272866,44.529609],[8.280261,44.532032],[8.279611,44.545226],[8.28417,44.556417],[8.298078,44.563574],[8.32031,44.558511],[8.329548,44.560657],[8.349763,44.572296],[8.360136,44.571077],[8.36387,44.580386],[8.340069,44.59141],[8.334312,44.587931],[8.316365,44.596517],[8.314609,44.604229],[8.326672,44.620712],[8.341558,44.62354],[8.353675,44.63523],[8.355583,44.654429],[8.351119,44.666465],[8.355537,44.676101],[8.346705,44.689321],[8.362554,44.695304],[8.370958,44.695477],[8.393071,44.685998],[8.417842,44.691557],[8.40875,44.706844],[8.426135,44.713309],[8.428079,44.720301],[8.421472,44.731913],[8.451058,44.738798],[8.453883,44.747107],[8.464037,44.754799],[8.481714,44.746787],[8.50015,44.787035],[8.487369,44.795355],[8.490036,44.799615],[8.478615,44.807161],[8.463056,44.805943],[8.438929,44.812086],[8.422368,44.818839],[8.420053,44.826377],[8.428253,44.838181],[8.423547,44.849494],[8.407299,44.843159],[8.396523,44.842809],[8.376595,44.848358],[8.378388,44.865015],[8.38841,44.871211],[8.378522,44.886025],[8.367414,44.896231],[8.361532,44.91447],[8.365808,44.92699],[8.377942,44.924049],[8.382192,44.937561],[8.376976,44.947089],[8.378681,44.958532],[8.386682,44.969689],[8.380486,44.983422],[8.361109,44.986819],[8.351616,44.997947],[8.359402,45.009986],[8.358469,45.025946],[8.347547,45.033727],[8.329583,45.03522],[8.32141,45.051707],[8.305038,45.05958],[8.311515,45.070651],[8.302538,45.077092],[8.273897,45.061679],[8.241222,45.062887],[8.230289,45.050863],[8.228882,45.042572],[8.23408,45.035727],[8.22209,45.014044],[8.206603,45.028486],[8.192018,45.035027],[8.188736,45.041904],[8.158971,45.027478],[8.147057,45.040883],[8.150232,45.053507],[8.133821,45.054582],[8.132771,45.066911],[8.119329,45.069538],[8.120427,45.088555],[8.111123,45.093796],[8.112701,45.106701],[8.121104,45.10676],[8.128296,45.115448],[8.128987,45.122996],[8.136181,45.12888],[8.137152,45.139438],[8.143892,45.143856],[8.139425,45.159263],[8.151934,45.168558],[8.167574,45.168414],[8.172082,45.159541],[8.184402,45.163832],[8.19076,45.173873],[8.203739,45.177084],[8.217071,45.16432],[8.237589,45.16804],[8.25068,45.176007],[8.266345,45.180684],[8.286898,45.177803],[8.294598,45.17284],[8.308137,45.176915],[8.328688,45.169518],[8.34275,45.172836],[8.349985,45.183821],[8.36024,45.190118],[8.358936,45.19557],[8.374248,45.200714],[8.385182,45.200486],[8.403541,45.204687],[8.418451,45.195715],[8.42991,45.198118],[8.440184,45.194899],[8.446661,45.199959],[8.469996,45.20409],[8.495319,45.197952],[8.503416,45.186443],[8.507204,45.174096],[8.516636,45.171464],[8.536914,45.175094],[8.547797,45.168147]]]]}},{"type":"Feature","properties":{"NUTS_ID":"ITC32","LEVL_CODE":3,"CNTR_CODE":"IT","NAME_LATN":"Savona","NUTS_NAME":"Savona","MOUNT_TYPE":3,"URBN_TYPE":2,"COAST_TYPE":1,"FID":"ITC32"},"geometry":{"type":"MultiPolygon","coordinates":[[[[8.261596,44.519424],[8.272228,44.507024],[8.282356,44.507839],[8.292125,44.502819],[8.303949,44.503503],[8.321411,44.488644],[8.336219,44.487998],[8.349801,44.484291],[8.349985,44.47707],[8.358512,44.464916],[8.374943,44.474375],[8.39165,44.476837],[8.390823,44.486717],[8.400629,44.493483],[8.400017,44.501908],[8.405504,44.509006],[8.418522,44.512535],[8.427242,44.503298],[8.440318,44.50483],[8.449519,44.497368],[8.453521,44.510179],[8.469848,44.522138],[8.477887,44.510978],[8.507862,44.508554],[8.541826,44.51224],[8.551634,44.503907],[8.576182,44.509206],[8.585916,44.498464],[8.595956,44.494883],[8.602748,44.504658],[8.611463,44.506991],[8.619509,44.500333],[8.630122,44.50568],[8.639596,44.502164],[8.654102,44.503048],[8.661915,44.485993],[8.664305,44.464023],[8.670245,44.45639],[8.666988,44.450829],[8.65202,44.442045],[8.629262,44.437963],[8.607613,44.436474],[8.604417,44.429275],[8.585098,44.4286],[8.592544,44.415684],[8.594953,44.400073],[8.604662,44.393288],[8.63301,44.379803],[8.625119,44.372485],[8.59378,44.360631],[8.569491,44.356141],[8.565039,44.347905],[8.549627,44.343205],[8.540943,44.335758],[8.509324,44.328499],[8.496115,44.320724],[8.487984,44.311486],[8.493044,44.308051],[8.455048,44.290456],[8.445385,44.280642],[8.440833,44.270794],[8.44329,44.264786],[8.455492,44.257457],[8.445405,44.246687],[8.444235,44.239409],[8.421431,44.227883],[8.415807,44.218692],[8.417152,44.201349],[8.424505,44.196005],[8.406008,44.181576],[8.373933,44.17834],[8.366159,44.17327],[8.340941,44.166631],[8.334007,44.161818],[8.303069,44.155839],[8.291645,44.15194],[8.269205,44.139141],[8.262169,44.127544],[8.249508,44.116738],[8.237564,44.102169],[8.227758,44.082586],[8.225876,44.072382],[8.226106,44.045051],[8.208371,44.03472],[8.193323,44.021952],[8.191747,44.015975],[8.175195,44.007706],[8.16216,43.989886],[8.160606,43.972579],[8.173979,43.955189],[8.146898,43.949599],[8.135351,43.93894],[8.124909,43.939252],[8.12352,43.953353],[8.106411,43.972736],[8.078907,43.983763],[8.053381,43.981221],[8.033284,43.981691],[8.016933,43.979305],[7.999627,43.993255],[8.001752,44.000578],[7.980915,44.012823],[7.978083,44.019529],[7.989285,44.032783],[8.005238,44.034045],[8.017547,44.046658],[8.028741,44.050028],[8.036686,44.058405],[8.037883,44.075747],[8.033914,44.089156],[8.02244,44.097206],[8.020886,44.108695],[8.01563,44.110676],[8.011951,44.120315],[8.004942,44.125716],[7.993261,44.127238],[7.980509,44.138748],[8.006764,44.154419],[8.029801,44.153186],[8.042945,44.142807],[8.069615,44.145971],[8.073998,44.158164],[8.083278,44.168995],[8.096418,44.179002],[8.091727,44.187484],[8.093789,44.197365],[8.087993,44.203137],[8.075459,44.206159],[8.067163,44.21463],[8.068769,44.227265],[8.080541,44.240114],[8.072307,44.243518],[8.063127,44.253052],[8.08229,44.262955],[8.090715,44.27472],[8.076208,44.287129],[8.063967,44.288947],[8.05968,44.301438],[8.072375,44.312167],[8.101986,44.30091],[8.108583,44.315363],[8.105835,44.330348],[8.112903,44.33329],[8.134312,44.332079],[8.148143,44.354329],[8.14151,44.368052],[8.150388,44.375303],[8.149546,44.384772],[8.163071,44.386756],[8.174905,44.3987],[8.187065,44.39591],[8.207283,44.40498],[8.208984,44.417507],[8.221881,44.431997],[8.207132,44.448082],[8.21028,44.455498],[8.197813,44.462958],[8.197679,44.478199],[8.22332,44.485628],[8.216729,44.49523],[8.224761,44.51433],[8.239488,44.519555],[8.25282,44.52874],[8.261596,44.519424]]]]}},{"type":"Feature","properties":{"NUTS_ID":"ITH10","LEVL_CODE":3,"CNTR_CODE":"IT","NAME_LATN":"Bolzano-Bozen","NUTS_NAME":"Bolzano-Bozen","MOUNT_TYPE":3,"URBN_TYPE":3,"COAST_TYPE":3,"FID":"ITH10"},"geometry":{"type":"MultiPolygon","coordinates":[[[[12.240745,47.069168],[12.216878,47.058103],[12.21621,47.045433],[12.204867,47.026976],[12.180462,47.025],[12.164202,47.019541],[12.147088,47.024412],[12.127173,47.013669],[12.121343,47.007002],[12.12958,46.993723],[12.129062,46.985485],[12.137526,46.981702],[12.138801,46.956617],[12.158718,46.949772],[12.16823,46.937452],[12.15261,46.91742],[12.162586,46.907572],[12.169933,46.90957],[12.189693,46.905702],[12.198546,46.896792],[12.200734,46.887569],[12.218509,46.873949],[12.231349,46.880316],[12.241871,46.890263],[12.27192,46.885044],[12.276633,46.872657],[12.291846,46.865193],[12.289919,46.856925],[12.296583,46.84409],[12.305764,46.841275],[12.305468,46.834137],[12.283914,46.815443],[12.291277,46.802816],[12.280237,46.791937],[12.285518,46.783169],[12.31007,46.784458],[12.35743,46.774968],[12.369171,46.741595],[12.38406,46.716332],[12.427037,46.69909],[12.441984,46.68922],[12.474329,46.685925],[12.477924,46.679835],[12.434692,46.668255],[12.405019,46.643356],[12.380239,46.642454],[12.378822,46.636962],[12.38985,46.627546],[12.384595,46.623068],[12.361659,46.619723],[12.33491,46.628806],[12.315959,46.629994],[12.305559,46.619557],[12.283949,46.618359],[12.271077,46.621344],[12.259597,46.628412],[12.244996,46.623348],[12.240541,46.616172],[12.213373,46.60901],[12.20404,46.59973],[12.195948,46.607847],[12.194574,46.621344],[12.182791,46.621289],[12.171923,46.633234],[12.16267,46.636076],[12.148131,46.634248],[12.13731,46.643293],[12.125096,46.645842],[12.105976,46.658716],[12.068302,46.675115],[12.070637,46.660841],[12.067817,46.652198],[12.072633,46.643202],[12.064451,46.623945],[12.054205,46.617745],[12.04603,46.607227],[12.049353,46.59799],[12.047008,46.586697],[12.034525,46.576312],[12.025483,46.560733],[12.014013,46.550923],[11.998413,46.532862],[11.986992,46.544989],[11.966303,46.544471],[11.952952,46.540765],[11.942594,46.528806],[11.931165,46.528357],[11.914634,46.532925],[11.889836,46.523325],[11.851353,46.517682],[11.828336,46.508914],[11.824739,46.522183],[11.811901,46.532437],[11.79455,46.522711],[11.785574,46.511953],[11.743648,46.504969],[11.715869,46.513862],[11.698149,46.503549],[11.665912,46.497804],[11.647859,46.498274],[11.641186,46.492402],[11.649369,46.483562],[11.640765,46.475482],[11.625902,46.470848],[11.618101,46.440868],[11.619448,46.425405],[11.600632,46.397993],[11.600713,46.388975],[11.592623,46.383667],[11.564866,46.381583],[11.559056,46.368711],[11.55728,46.350955],[11.548425,46.345329],[11.536075,46.352251],[11.510881,46.358614],[11.476938,46.363923],[11.478512,46.355271],[11.462124,46.349633],[11.452376,46.334171],[11.41226,46.324364],[11.404266,46.32499],[11.393373,46.30817],[11.378869,46.301522],[11.363621,46.300946],[11.358925,46.296122],[11.380572,46.291231],[11.394354,46.273836],[11.396867,46.265396],[11.387465,46.261753],[11.370248,46.26245],[11.358812,46.265672],[11.356079,46.275935],[11.342867,46.281423],[11.336545,46.289244],[11.323288,46.292621],[11.310909,46.2813],[11.315368,46.273307],[11.305677,46.258761],[11.289594,46.260564],[11.24337,46.229378],[11.20649,46.219779],[11.183597,46.22636],[11.173228,46.238308],[11.187851,46.252068],[11.195229,46.245632],[11.20243,46.255583],[11.173148,46.259993],[11.158296,46.26924],[11.144047,46.28797],[11.159861,46.29038],[11.165268,46.297278],[11.176781,46.302746],[11.203599,46.342358],[11.191886,46.359008],[11.206999,46.381613],[11.214794,46.406051],[11.207421,46.416593],[11.206387,46.427523],[11.217801,46.44192],[11.212365,46.455348],[11.220111,46.46092],[11.217488,46.473417],[11.212272,46.477397],[11.209555,46.494366],[11.186909,46.508898],[11.179039,46.499462],[11.166539,46.495664],[11.158654,46.488366],[11.129697,46.481659],[11.112151,46.496533],[11.089339,46.502554],[11.082487,46.531389],[11.067344,46.524159],[11.058911,46.516549],[11.034478,46.513848],[11.049083,46.507014],[11.061514,46.487632],[11.067236,46.46712],[11.07432,46.454216],[11.074953,46.442373],[11.049936,46.449598],[11.041832,46.447525],[11.028856,46.461926],[11.010439,46.470701],[11.004716,46.477136],[10.987412,46.483497],[10.964254,46.481484],[10.955317,46.47013],[10.936975,46.466166],[10.932292,46.453551],[10.910694,46.44403],[10.892961,46.444717],[10.882057,46.450243],[10.861314,46.436154],[10.850045,46.439315],[10.835285,46.439138],[10.800095,46.443567],[10.791739,46.450964],[10.780054,46.471071],[10.764954,46.485972],[10.743963,46.484155],[10.719648,46.466303],[10.716073,46.46146],[10.695364,46.457858],[10.680979,46.449381],[10.667525,46.451937],[10.635554,46.444524],[10.622145,46.448102],[10.600488,46.468681],[10.577735,46.47344],[10.559778,46.483264],[10.552405,46.491203],[10.493217,46.497805],[10.47614,46.495553],[10.458143,46.510971],[10.452801,46.530683],[10.459729,46.540795],[10.47159,46.543989],[10.477136,46.55657],[10.474713,46.565383],[10.484005,46.577064],[10.48714,46.588232],[10.48582,46.616676],[10.462424,46.633073],[10.447543,46.640492],[10.403213,46.636694],[10.391464,46.657772],[10.391778,46.671973],[10.382582,46.685132],[10.393742,46.690152],[10.402981,46.704611],[10.414053,46.708183],[10.418266,46.718342],[10.401189,46.733578],[10.434379,46.751826],[10.441707,46.752107],[10.443812,46.761754],[10.440909,46.772845],[10.422719,46.788243],[10.428937,46.795993],[10.444669,46.799972],[10.451635,46.805844],[10.459531,46.824716],[10.457576,46.830435],[10.465868,46.835982],[10.471081,46.849148],[10.469652,46.854909],[10.481961,46.855096],[10.498478,46.848021],[10.520761,46.845763],[10.552405,46.85001],[10.552405,46.839494],[10.569065,46.842213],[10.589487,46.850557],[10.59595,46.85698],[10.611852,46.859384],[10.624282,46.864407],[10.651011,46.866165],[10.667369,46.87549],[10.672942,46.870849],[10.69342,46.864508],[10.695225,46.852899],[10.715195,46.846354],[10.723495,46.838443],[10.754916,46.832415],[10.763847,46.822628],[10.751085,46.814248],[10.742886,46.802649],[10.726093,46.797845],[10.73033,46.78833],[10.757031,46.785384],[10.778507,46.791239],[10.785925,46.795814],[10.797321,46.789989],[10.814308,46.775677],[10.826474,46.773843],[10.838291,46.781777],[10.853255,46.774241],[10.866308,46.772192],[10.870862,46.76562],[10.885862,46.763167],[10.895047,46.769239],[10.906128,46.768684],[10.920162,46.775061],[10.928549,46.773328],[10.950831,46.774811],[10.99542,46.76729],[11.013473,46.771532],[11.02225,46.76541],[11.040616,46.805178],[11.05654,46.808579],[11.074025,46.819629],[11.082425,46.822026],[11.071869,46.854927],[11.078944,46.860604],[11.089078,46.878529],[11.100539,46.888601],[11.096578,46.912433],[11.1095,46.916821],[11.114575,46.930637],[11.139709,46.928156],[11.155945,46.934867],[11.168126,46.945038],[11.16335,46.949553],[11.164282,46.965722],[11.175185,46.963181],[11.188171,46.969772],[11.20235,46.96797],[11.207432,46.963131],[11.221719,46.969179],[11.241653,46.969665],[11.26268,46.980135],[11.275835,46.980443],[11.288699,46.985578],[11.306374,46.98393],[11.319988,46.991837],[11.338363,46.985185],[11.345696,46.990107],[11.359092,46.990198],[11.375868,46.979004],[11.382209,46.971052],[11.402169,46.965138],[11.416812,46.966847],[11.441973,46.976606],[11.452906,46.99193],[11.468611,46.99516],[11.470113,47.002061],[11.480286,47.010793],[11.500474,47.009416],[11.512823,47.004567],[11.532125,46.991678],[11.538537,46.984082],[11.551929,46.989831],[11.579056,46.996377],[11.582036,47.002004],[11.599346,47.005503],[11.609823,47.011018],[11.627199,47.013299],[11.636639,47.003006],[11.663293,46.99297],[11.689088,46.994988],[11.710693,46.992374],[11.727761,46.973526],[11.747028,46.968872],[11.764935,46.973556],[11.771629,46.983764],[11.782268,46.991787],[11.809616,46.990198],[11.83534,46.993093],[11.843801,47.000784],[11.852712,47.00083],[11.878822,47.015784],[11.892168,47.016779],[11.917068,47.032618],[11.933321,47.037213],[11.947627,47.034191],[11.956969,47.042744],[11.968102,47.040954],[11.979127,47.050001],[12.019783,47.047276],[12.029898,47.050427],[12.041567,47.060743],[12.059507,47.058528],[12.076448,47.059684],[12.081558,47.06834],[12.095742,47.077132],[12.119373,47.073742],[12.136014,47.080667],[12.152136,47.079815],[12.186276,47.091748],[12.225088,47.082704],[12.240745,47.069168]]]]}},{"type":"Feature","properties":{"NUTS_ID":"LI000","LEVL_CODE":3,"CNTR_CODE":"LI","NAME_LATN":"Liechtenstein","NUTS_NAME":"Liechtenstein","MOUNT_TYPE":3,"URBN_TYPE":1,"COAST_TYPE":3,"FID":"LI000"},"geometry":{"type":"MultiPolygon","coordinates":[[[[9.620581,47.151645],[9.62498,47.145716],[9.625193,47.133111],[9.63356,47.127167],[9.620834,47.110545],[9.634212,47.10074],[9.632264,47.083557],[9.618326,47.078635],[9.607078,47.060774],[9.587708,47.055177],[9.556852,47.049326],[9.552006,47.057869],[9.539751,47.065144],[9.511717,47.057583],[9.492333,47.056546],[9.484695,47.050561],[9.476048,47.051797],[9.474911,47.06589],[9.512247,47.085359],[9.52005,47.10343],[9.509579,47.139024],[9.495433,47.156944],[9.486204,47.178325],[9.490224,47.198247],[9.499111,47.210649],[9.501345,47.219966],[9.521243,47.245908],[9.530749,47.270581],[9.541638,47.260064],[9.555702,47.252694],[9.566843,47.241872],[9.554184,47.223703],[9.56961,47.218857],[9.584809,47.20457],[9.573529,47.191102],[9.573024,47.176493],[9.599076,47.160595],[9.606598,47.148748],[9.620581,47.151645]]]]}},{"type":"Feature","properties":{"NUTS_ID":"ITC33","LEVL_CODE":3,"CNTR_CODE":"IT","NAME_LATN":"Genova","NUTS_NAME":"Genova","MOUNT_TYPE":2,"URBN_TYPE":1,"COAST_TYPE":1,"FID":"ITC33"},"geometry":{"type":"MultiPolygon","coordinates":[[[[9.202995,44.613476],[9.22802,44.618578],[9.245556,44.619104],[9.255614,44.610409],[9.246727,44.60004],[9.283352,44.597621],[9.288939,44.607586],[9.303351,44.605953],[9.340403,44.5793],[9.362689,44.584334],[9.381104,44.576732],[9.389021,44.589252],[9.401617,44.590083],[9.405652,44.600789],[9.420231,44.593239],[9.419344,44.578324],[9.439997,44.567378],[9.449948,44.571099],[9.455005,44.561811],[9.470823,44.565741],[9.484624,44.562024],[9.493363,44.555859],[9.488848,44.546353],[9.499788,44.538205],[9.504214,44.529225],[9.501792,44.51312],[9.494911,44.500145],[9.496829,44.482712],[9.4833,44.479616],[9.470908,44.481959],[9.47113,44.468897],[9.46119,44.457231],[9.457584,44.442529],[9.445544,44.437514],[9.43933,44.428915],[9.442783,44.416589],[9.471121,44.424041],[9.479059,44.40924],[9.465762,44.401566],[9.473603,44.385404],[9.491031,44.380882],[9.497498,44.366683],[9.51819,44.355169],[9.502545,44.338891],[9.499307,44.326836],[9.518402,44.317394],[9.522674,44.309984],[9.538353,44.297032],[9.546438,44.295052],[9.561729,44.27837],[9.573357,44.270733],[9.571536,44.253375],[9.558924,44.257179],[9.541053,44.255675],[9.533072,44.252174],[9.522467,44.237208],[9.525998,44.227729],[9.5144,44.22599],[9.511344,44.216675],[9.502101,44.222793],[9.4958,44.234068],[9.481272,44.240129],[9.470034,44.233866],[9.45267,44.240153],[9.442186,44.2395],[9.432897,44.252884],[9.41521,44.258951],[9.404244,44.252638],[9.386929,44.283376],[9.368664,44.295052],[9.332946,44.310344],[9.325255,44.310678],[9.304241,44.322055],[9.243372,44.342403],[9.230843,44.34782],[9.224722,44.33557],[9.213776,44.332556],[9.213047,44.306556],[9.20839,44.301453],[9.192318,44.308285],[9.177711,44.310193],[9.174249,44.314402],[9.155637,44.316243],[9.148283,44.323513],[9.153709,44.331776],[9.154518,44.347745],[9.141966,44.360048],[9.099056,44.371846],[9.091897,44.371649],[9.058321,44.380093],[9.006732,44.385404],[8.985155,44.390902],[8.969144,44.390305],[8.936261,44.394518],[8.926122,44.401265],[8.919854,44.412678],[8.906114,44.401912],[8.877051,44.407198],[8.863446,44.406976],[8.828538,44.414352],[8.832004,44.422993],[8.797447,44.42406],[8.789504,44.418897],[8.75998,44.425665],[8.747535,44.426211],[8.724574,44.417288],[8.704528,44.412966],[8.689983,44.406232],[8.685131,44.396442],[8.677921,44.392706],[8.645957,44.388531],[8.63301,44.379803],[8.604662,44.393288],[8.594953,44.400073],[8.592544,44.415684],[8.585098,44.4286],[8.604417,44.429275],[8.607613,44.436474],[8.629262,44.437963],[8.65202,44.442045],[8.666988,44.450829],[8.670245,44.45639],[8.664305,44.464023],[8.661915,44.485993],[8.654102,44.503048],[8.639596,44.502164],[8.630122,44.50568],[8.619509,44.500333],[8.611463,44.506991],[8.602748,44.504658],[8.595956,44.494883],[8.585916,44.498464],[8.576182,44.509206],[8.572199,44.516814],[8.577089,44.524908],[8.586855,44.524721],[8.597266,44.537417],[8.607115,44.537522],[8.612968,44.545789],[8.598722,44.555603],[8.607706,44.570307],[8.615377,44.569571],[8.621371,44.578337],[8.63041,44.581584],[8.640757,44.579254],[8.648351,44.582681],[8.66048,44.579559],[8.666777,44.582438],[8.681008,44.575549],[8.690073,44.581944],[8.698637,44.579599],[8.718286,44.580661],[8.73144,44.570797],[8.739522,44.557965],[8.738212,44.551754],[8.749153,44.549351],[8.75089,44.54051],[8.767132,44.525032],[8.769081,44.510687],[8.773277,44.503906],[8.770312,44.48941],[8.786947,44.488395],[8.786627,44.495066],[8.799948,44.500838],[8.794846,44.521645],[8.807099,44.534584],[8.828338,44.54239],[8.822717,44.550498],[8.826802,44.56181],[8.835552,44.563012],[8.852797,44.559796],[8.869587,44.565874],[8.88104,44.554706],[8.894663,44.554809],[8.914891,44.559693],[8.921734,44.56709],[8.907935,44.592641],[8.903749,44.608438],[8.907811,44.612532],[8.902939,44.621558],[8.892712,44.625696],[8.882716,44.639004],[8.908164,44.647286],[8.922607,44.664554],[8.922883,44.672777],[8.931194,44.676161],[8.959108,44.67576],[8.971929,44.663497],[8.992393,44.662942],[9.004172,44.668075],[9.021177,44.660411],[9.025777,44.65005],[9.033277,44.64743],[9.044898,44.626262],[9.056089,44.621085],[9.073941,44.623837],[9.086266,44.615118],[9.1032,44.609729],[9.102507,44.593845],[9.110727,44.581953],[9.119696,44.581245],[9.136262,44.574464],[9.154451,44.575199],[9.184251,44.591359],[9.203334,44.595748],[9.202995,44.613476]]]]}},{"type":"Feature","properties":{"NUTS_ID":"ITC34","LEVL_CODE":3,"CNTR_CODE":"IT","NAME_LATN":"La Spezia","NUTS_NAME":"La Spezia","MOUNT_TYPE":2,"URBN_TYPE":1,"COAST_TYPE":1,"FID":"ITC34"},"geometry":{"type":"MultiPolygon","coordinates":[[[[9.511344,44.216675],[9.5144,44.22599],[9.525998,44.227729],[9.522467,44.237208],[9.533072,44.252174],[9.541053,44.255675],[9.558924,44.257179],[9.571536,44.253375],[9.573357,44.270733],[9.561729,44.27837],[9.546438,44.295052],[9.538353,44.297032],[9.522674,44.309984],[9.518402,44.317394],[9.499307,44.326836],[9.502545,44.338891],[9.51819,44.355169],[9.497498,44.366683],[9.491031,44.380882],[9.473603,44.385404],[9.465762,44.401566],[9.479059,44.40924],[9.483376,44.417725],[9.494589,44.423771],[9.534752,44.428456],[9.548843,44.427305],[9.55686,44.43919],[9.576996,44.43465],[9.58366,44.428056],[9.598111,44.436114],[9.611797,44.426966],[9.636557,44.414395],[9.655037,44.410888],[9.663239,44.399901],[9.66363,44.391738],[9.675005,44.364695],[9.682924,44.362768],[9.704978,44.366016],[9.717313,44.354915],[9.72948,44.328313],[9.753422,44.322255],[9.765509,44.30482],[9.783829,44.296798],[9.805568,44.283382],[9.814809,44.286197],[9.833667,44.279114],[9.838796,44.272789],[9.854455,44.268042],[9.860546,44.250372],[9.857503,44.234017],[9.875382,44.223926],[9.857575,44.193491],[9.864982,44.18073],[9.873299,44.194578],[9.890981,44.205484],[9.908534,44.209758],[9.914444,44.200219],[9.925698,44.199529],[9.919569,44.188233],[9.902291,44.176608],[9.893173,44.167744],[9.897884,44.163576],[9.920298,44.169695],[9.928552,44.166628],[9.946669,44.167654],[9.95501,44.165455],[9.967694,44.168872],[9.978532,44.160819],[9.976737,44.152182],[9.980475,44.144251],[9.976196,44.137486],[9.985372,44.123505],[9.994974,44.117554],[9.993541,44.105781],[9.983511,44.099638],[9.993351,44.092661],[10.002815,44.108028],[10.018671,44.118993],[10.047408,44.115109],[10.068268,44.098481],[10.070402,44.093048],[10.060973,44.080025],[10.037425,44.065058],[10.032313,44.06439],[10.01877,44.044536],[9.999373,44.050933],[9.986311,44.047044],[9.977137,44.035913],[9.963097,44.038097],[9.929788,44.057621],[9.913731,44.069032],[9.906352,44.080665],[9.881588,44.082455],[9.878744,44.087716],[9.865294,44.091671],[9.851654,44.109118],[9.83729,44.109869],[9.826594,44.1037],[9.822675,44.096626],[9.823941,44.082683],[9.848902,44.066761],[9.848979,44.060592],[9.831977,44.051718],[9.7749,44.076139],[9.760006,44.08456],[9.756595,44.090605],[9.739412,44.09248],[9.737895,44.09769],[9.716679,44.118086],[9.70486,44.119923],[9.674991,44.139175],[9.654971,44.145463],[9.644597,44.144079],[9.635535,44.133533],[9.607126,44.157363],[9.60937,44.167635],[9.602504,44.172654],[9.585236,44.175702],[9.581304,44.182361],[9.569488,44.182394],[9.56659,44.193101],[9.550529,44.205802],[9.528907,44.208052],[9.511344,44.216675]]],[[[9.852831,44.0508],[9.847691,44.034686],[9.835881,44.042904],[9.852831,44.0508]]]]}},{"type":"Feature","properties":{"NUTS_ID":"ITC41","LEVL_CODE":3,"CNTR_CODE":"IT","NAME_LATN":"Varese","NUTS_NAME":"Varese","MOUNT_TYPE":4,"URBN_TYPE":1,"COAST_TYPE":3,"FID":"ITC41"},"geometry":{"type":"MultiPolygon","coordinates":[[[[8.912147,45.830445],[8.906996,45.815376],[8.896971,45.812924],[8.903502,45.797026],[8.908642,45.793273],[8.900419,45.784773],[8.913137,45.768964],[8.929311,45.754318],[8.929997,45.747461],[8.942687,45.744979],[8.939694,45.73786],[8.950415,45.731058],[8.951178,45.71394],[8.931915,45.706232],[8.931654,45.697822],[8.91609,45.688964],[8.894686,45.6846],[8.898668,45.676719],[8.921942,45.670063],[8.922712,45.66257],[8.930061,45.652852],[8.942468,45.659914],[8.963194,45.663809],[8.977794,45.679824],[8.986129,45.676521],[8.983573,45.665082],[8.990704,45.648613],[9.008501,45.64474],[9.020539,45.645901],[9.038785,45.640177],[9.055755,45.646504],[9.061722,45.636852],[9.051853,45.632549],[9.052902,45.623193],[9.053987,45.614932],[9.06134,45.607694],[9.065219,45.595867],[9.063546,45.582226],[9.049455,45.578139],[9.025682,45.588472],[9.006337,45.579831],[9.002109,45.574172],[8.983549,45.591061],[8.973299,45.588116],[8.967275,45.608281],[8.974855,45.614329],[8.965656,45.629333],[8.939942,45.642669],[8.929663,45.634949],[8.932442,45.626464],[8.922193,45.612483],[8.903521,45.606763],[8.867842,45.592018],[8.873244,45.580915],[8.866008,45.57592],[8.854233,45.574938],[8.837019,45.568465],[8.833728,45.582234],[8.821189,45.581691],[8.812091,45.590616],[8.814903,45.59728],[8.806386,45.601677],[8.786168,45.602422],[8.782274,45.587511],[8.770973,45.587171],[8.765973,45.576939],[8.744049,45.571616],[8.750178,45.565567],[8.739189,45.560191],[8.729376,45.562475],[8.721199,45.5716],[8.706897,45.558316],[8.705128,45.568939],[8.693847,45.576697],[8.703729,45.587998],[8.701737,45.601604],[8.681307,45.620443],[8.662894,45.622606],[8.665397,45.629959],[8.659617,45.639967],[8.670738,45.640918],[8.677874,45.634315],[8.687533,45.64228],[8.670308,45.663487],[8.681499,45.669532],[8.675156,45.677282],[8.661618,45.674573],[8.641164,45.677313],[8.641459,45.687247],[8.65379,45.707436],[8.654234,45.712048],[8.643197,45.722561],[8.629344,45.722378],[8.603339,45.726346],[8.593768,45.730411],[8.582444,45.749169],[8.555684,45.77499],[8.552294,45.788104],[8.558296,45.803563],[8.578115,45.811801],[8.58796,45.818928],[8.593811,45.828225],[8.595465,45.835824],[8.592331,45.852445],[8.580009,45.875295],[8.571686,45.887001],[8.570659,45.900032],[8.593861,45.92183],[8.682319,45.986886],[8.719342,46.011144],[8.729066,46.026837],[8.720551,46.041658],[8.713983,46.066032],[8.705883,46.082799],[8.713936,46.097272],[8.724405,46.110327],[8.742331,46.122222],[8.760832,46.101496],[8.783475,46.094434],[8.798764,46.094946],[8.807908,46.100398],[8.847517,46.075753],[8.854594,46.061591],[8.844192,46.048514],[8.830439,46.047353],[8.82715,46.03228],[8.819678,46.025497],[8.80638,46.021685],[8.793095,46.008108],[8.785907,45.989075],[8.795643,45.991642],[8.831052,45.987497],[8.849476,45.972981],[8.869067,45.960878],[8.882593,45.957028],[8.89283,45.958566],[8.898391,45.945393],[8.892959,45.934105],[8.898169,45.925656],[8.916289,45.91446],[8.924843,45.903702],[8.921917,45.895202],[8.931781,45.884913],[8.933774,45.870333],[8.939358,45.863737],[8.93141,45.859798],[8.914226,45.842229],[8.912147,45.830445]]]]}},{"type":"Feature","properties":{"NUTS_ID":"ITC16","LEVL_CODE":3,"CNTR_CODE":"IT","NAME_LATN":"Cuneo","NUTS_NAME":"Cuneo","MOUNT_TYPE":2,"URBN_TYPE":3,"COAST_TYPE":3,"FID":"ITC16"},"geometry":{"type":"MultiPolygon","coordinates":[[[[8.25282,44.52874],[8.239488,44.519555],[8.224761,44.51433],[8.216729,44.49523],[8.22332,44.485628],[8.197679,44.478199],[8.197813,44.462958],[8.21028,44.455498],[8.207132,44.448082],[8.221881,44.431997],[8.208984,44.417507],[8.207283,44.40498],[8.187065,44.39591],[8.174905,44.3987],[8.163071,44.386756],[8.149546,44.384772],[8.150388,44.375303],[8.14151,44.368052],[8.148143,44.354329],[8.134312,44.332079],[8.112903,44.33329],[8.105835,44.330348],[8.108583,44.315363],[8.101986,44.30091],[8.072375,44.312167],[8.05968,44.301438],[8.063967,44.288947],[8.076208,44.287129],[8.090715,44.27472],[8.08229,44.262955],[8.063127,44.253052],[8.072307,44.243518],[8.080541,44.240114],[8.068769,44.227265],[8.067163,44.21463],[8.075459,44.206159],[8.087993,44.203137],[8.093789,44.197365],[8.091727,44.187484],[8.096418,44.179002],[8.083278,44.168995],[8.073998,44.158164],[8.069615,44.145971],[8.042945,44.142807],[8.029801,44.153186],[8.006764,44.154419],[7.980509,44.138748],[7.993261,44.127238],[8.004942,44.125716],[8.011951,44.120315],[8.01563,44.110676],[8.005333,44.102811],[7.996196,44.107439],[7.971533,44.11308],[7.958238,44.103987],[7.935454,44.100997],[7.926004,44.110271],[7.883961,44.104647],[7.879257,44.113233],[7.865183,44.118112],[7.815445,44.12354],[7.796822,44.129091],[7.773088,44.140028],[7.762043,44.140308],[7.746019,44.135332],[7.737865,44.128684],[7.72701,44.126415],[7.718394,44.103597],[7.732994,44.085428],[7.748945,44.079529],[7.735072,44.073746],[7.727293,44.060852],[7.714236,44.061513],[7.713625,44.074765],[7.717596,44.082824],[7.698209,44.096704],[7.68901,44.108885],[7.67457,44.117967],[7.666834,44.13178],[7.678503,44.146883],[7.671238,44.156651],[7.680374,44.164188],[7.684466,44.173949],[7.642556,44.178091],[7.631924,44.172526],[7.626711,44.158648],[7.618731,44.149875],[7.595333,44.152214],[7.571217,44.15268],[7.556386,44.147504],[7.532414,44.147324],[7.52286,44.138373],[7.509427,44.143098],[7.495014,44.141148],[7.483347,44.134039],[7.470846,44.132166],[7.460693,44.126478],[7.430846,44.129807],[7.421681,44.113327],[7.393325,44.124889],[7.369577,44.117272],[7.358248,44.11682],[7.344075,44.144795],[7.319627,44.143273],[7.290065,44.145344],[7.281484,44.141448],[7.262373,44.148156],[7.248908,44.158718],[7.241659,44.17249],[7.220159,44.168892],[7.206028,44.179111],[7.201858,44.186291],[7.193601,44.18719],[7.189111,44.19885],[7.177683,44.197908],[7.163344,44.207495],[7.146471,44.200271],[7.115038,44.217027],[7.092453,44.221051],[7.086759,44.22847],[7.069482,44.23242],[7.038046,44.224185],[7.029669,44.231012],[7.008052,44.236211],[6.997241,44.251486],[6.99478,44.279544],[6.970502,44.293461],[6.95708,44.296087],[6.960322,44.309674],[6.952755,44.319425],[6.94498,44.321565],[6.92755,44.332928],[6.92096,44.351807],[6.905845,44.357985],[6.887428,44.361287],[6.896545,44.375281],[6.894124,44.420068],[6.91711,44.426935],[6.925453,44.423194],[6.934484,44.42944],[6.936702,44.439399],[6.912702,44.451218],[6.905204,44.468271],[6.890776,44.472569],[6.877343,44.481615],[6.876423,44.488403],[6.866456,44.494706],[6.861321,44.502745],[6.85389,44.528077],[6.869344,44.53758],[6.878303,44.553436],[6.88613,44.552057],[6.904027,44.555304],[6.915925,44.562103],[6.913642,44.568674],[6.932593,44.573968],[6.933477,44.595535],[6.938162,44.603419],[6.949434,44.609643],[6.949459,44.61862],[6.968085,44.619618],[6.953646,44.637546],[6.948443,44.654742],[6.958305,44.662745],[6.958169,44.671706],[6.971259,44.677268],[6.987108,44.690113],[7.003443,44.687578],[7.028801,44.691528],[7.05963,44.680424],[7.077083,44.681009],[7.074779,44.691537],[7.065827,44.707856],[7.065755,44.713464],[7.071303,44.717914],[7.087626,44.715678],[7.095966,44.72087],[7.118971,44.725509],[7.127763,44.736992],[7.140249,44.737529],[7.149454,44.743328],[7.159001,44.760418],[7.190612,44.759452],[7.232513,44.769479],[7.2427,44.769183],[7.269518,44.775676],[7.278449,44.779748],[7.294566,44.781732],[7.318223,44.779567],[7.344675,44.78271],[7.34949,44.76312],[7.345117,44.751819],[7.36468,44.752066],[7.367546,44.759422],[7.395123,44.762483],[7.401375,44.760346],[7.413384,44.766135],[7.437005,44.762616],[7.446754,44.773357],[7.451016,44.762081],[7.47376,44.757935],[7.499326,44.768094],[7.505556,44.768318],[7.515317,44.782612],[7.529071,44.781411],[7.536601,44.794578],[7.554172,44.79519],[7.564427,44.798616],[7.560573,44.810618],[7.575147,44.817978],[7.577645,44.809962],[7.591539,44.808276],[7.596745,44.823198],[7.592644,44.82842],[7.597709,44.836298],[7.615428,44.829208],[7.641254,44.835478],[7.653339,44.831561],[7.651382,44.818888],[7.664792,44.820823],[7.68386,44.810722],[7.707484,44.816928],[7.723944,44.812377],[7.748986,44.815569],[7.766209,44.815434],[7.764689,44.82229],[7.775818,44.833653],[7.77913,44.841365],[7.787979,44.844253],[7.810249,44.843466],[7.815528,44.853105],[7.831046,44.840996],[7.8524,44.833411],[7.880954,44.829932],[7.902409,44.821724],[7.911178,44.831097],[7.922575,44.833193],[7.943386,44.846305],[7.954613,44.847699],[7.9647,44.856591],[7.978966,44.84675],[7.984232,44.827198],[7.995569,44.81836],[8.014037,44.814496],[8.027499,44.81507],[8.045369,44.799304],[8.055551,44.810385],[8.071154,44.806322],[8.078708,44.808213],[8.086043,44.816845],[8.096207,44.821897],[8.107423,44.81026],[8.120153,44.813873],[8.130588,44.810117],[8.128536,44.792636],[8.137654,44.783363],[8.12711,44.781185],[8.104173,44.764007],[8.097583,44.756947],[8.112718,44.74853],[8.119776,44.751205],[8.132768,44.746428],[8.136857,44.732666],[8.152247,44.713137],[8.165514,44.723225],[8.16329,44.732762],[8.178149,44.737199],[8.181587,44.751184],[8.206613,44.750656],[8.203443,44.743678],[8.211569,44.729398],[8.237758,44.723558],[8.256835,44.732254],[8.257583,44.721328],[8.267701,44.711038],[8.259491,44.696611],[8.22473,44.679462],[8.226144,44.661777],[8.218106,44.651453],[8.207281,44.645515],[8.204373,44.636149],[8.19449,44.628553],[8.197771,44.615235],[8.217624,44.615158],[8.224822,44.603703],[8.233274,44.59943],[8.232376,44.589597],[8.244112,44.57954],[8.241337,44.5712],[8.23232,44.561669],[8.245723,44.547914],[8.25282,44.52874]]]]}},{"type":"Feature","properties":{"NUTS_ID":"ITC15","LEVL_CODE":3,"CNTR_CODE":"IT","NAME_LATN":"Novara","NUTS_NAME":"Novara","MOUNT_TYPE":4,"URBN_TYPE":2,"COAST_TYPE":3,"FID":"ITC15"},"geometry":{"type":"MultiPolygon","coordinates":[[[[8.593811,45.828225],[8.58796,45.818928],[8.578115,45.811801],[8.558296,45.803563],[8.552294,45.788104],[8.555684,45.77499],[8.582444,45.749169],[8.593768,45.730411],[8.603339,45.726346],[8.629344,45.722378],[8.643197,45.722561],[8.654234,45.712048],[8.65379,45.707436],[8.641459,45.687247],[8.641164,45.677313],[8.661618,45.674573],[8.675156,45.677282],[8.681499,45.669532],[8.670308,45.663487],[8.687533,45.64228],[8.677874,45.634315],[8.670738,45.640918],[8.659617,45.639967],[8.665397,45.629959],[8.662894,45.622606],[8.681307,45.620443],[8.701737,45.601604],[8.703729,45.587998],[8.693847,45.576697],[8.705128,45.568939],[8.706897,45.558316],[8.71102,45.541333],[8.719422,45.531056],[8.713215,45.519934],[8.727181,45.503055],[8.740043,45.498182],[8.757101,45.498064],[8.77272,45.485309],[8.787505,45.486235],[8.791147,45.468748],[8.789367,45.461985],[8.799987,45.455825],[8.818025,45.434721],[8.824554,45.419501],[8.842212,45.39895],[8.842916,45.393841],[8.813505,45.389736],[8.810214,45.383171],[8.790997,45.379841],[8.767126,45.387576],[8.76182,45.37781],[8.750026,45.375375],[8.730787,45.375541],[8.730496,45.367596],[8.744472,45.355331],[8.754573,45.356985],[8.761439,45.347774],[8.743741,45.339372],[8.742141,45.33206],[8.724786,45.33571],[8.723142,45.320033],[8.714168,45.301625],[8.690663,45.292526],[8.665745,45.292262],[8.662264,45.310604],[8.655728,45.325681],[8.631684,45.338382],[8.633376,45.348728],[8.613534,45.354502],[8.598147,45.348232],[8.590913,45.351383],[8.577178,45.347788],[8.557917,45.353465],[8.55016,45.352716],[8.526388,45.342176],[8.53291,45.334394],[8.537916,45.317247],[8.51356,45.313278],[8.507013,45.318831],[8.493213,45.312446],[8.480704,45.321973],[8.472822,45.321156],[8.463201,45.328117],[8.467298,45.339145],[8.499562,45.347716],[8.496315,45.372494],[8.472566,45.379562],[8.468656,45.383821],[8.455299,45.378249],[8.450168,45.388636],[8.442418,45.39345],[8.43332,45.411094],[8.411872,45.407434],[8.408905,45.398179],[8.400537,45.396194],[8.406175,45.419155],[8.402427,45.46991],[8.411752,45.471389],[8.411896,45.479973],[8.401588,45.490648],[8.402994,45.531034],[8.399889,45.542898],[8.399329,45.560889],[8.391236,45.578225],[8.393143,45.592517],[8.388843,45.619941],[8.372399,45.634787],[8.355769,45.637798],[8.347047,45.645138],[8.355152,45.651111],[8.346614,45.655406],[8.333243,45.671533],[8.331782,45.677804],[8.321903,45.683239],[8.31059,45.697209],[8.3202,45.703829],[8.330016,45.701704],[8.338889,45.705507],[8.346944,45.702557],[8.366119,45.707001],[8.374139,45.698511],[8.385649,45.69689],[8.392018,45.703477],[8.382445,45.710235],[8.385888,45.720204],[8.378097,45.728856],[8.377983,45.738576],[8.354394,45.756944],[8.356257,45.767873],[8.349897,45.772374],[8.374801,45.784192],[8.375213,45.805779],[8.38174,45.811921],[8.375469,45.826285],[8.377441,45.838455],[8.392796,45.83949],[8.399288,45.854267],[8.407849,45.845971],[8.409541,45.83151],[8.420822,45.829776],[8.422285,45.83685],[8.437075,45.844904],[8.45062,45.857263],[8.462105,45.871419],[8.473624,45.867184],[8.475695,45.85664],[8.498242,45.847324],[8.494797,45.833091],[8.517982,45.835714],[8.527189,45.839588],[8.54119,45.838509],[8.545644,45.847991],[8.557282,45.855575],[8.563316,45.837019],[8.593811,45.828225]]]]}},{"type":"Feature","properties":{"NUTS_ID":"ITC14","LEVL_CODE":3,"CNTR_CODE":"IT","NAME_LATN":"Verbano-Cusio-Ossola","NUTS_NAME":"Verbano-Cusio-Ossola","MOUNT_TYPE":3,"URBN_TYPE":2,"COAST_TYPE":3,"FID":"ITC14"},"geometry":{"type":"MultiPolygon","coordinates":[[[[8.713936,46.097272],[8.705883,46.082799],[8.713983,46.066032],[8.720551,46.041658],[8.729066,46.026837],[8.719342,46.011144],[8.682319,45.986886],[8.593861,45.92183],[8.570659,45.900032],[8.571686,45.887001],[8.580009,45.875295],[8.592331,45.852445],[8.595465,45.835824],[8.593811,45.828225],[8.563316,45.837019],[8.557282,45.855575],[8.545644,45.847991],[8.54119,45.838509],[8.527189,45.839588],[8.517982,45.835714],[8.494797,45.833091],[8.498242,45.847324],[8.475695,45.85664],[8.473624,45.867184],[8.462105,45.871419],[8.45062,45.857263],[8.437075,45.844904],[8.422285,45.83685],[8.420822,45.829776],[8.409541,45.83151],[8.407849,45.845971],[8.399288,45.854267],[8.392796,45.83949],[8.377441,45.838455],[8.375469,45.826285],[8.38174,45.811921],[8.375213,45.805779],[8.374801,45.784192],[8.349897,45.772374],[8.340119,45.775587],[8.320791,45.768989],[8.316248,45.783932],[8.317441,45.79232],[8.329293,45.829932],[8.322196,45.838697],[8.334038,45.843295],[8.327804,45.855052],[8.319544,45.855573],[8.315592,45.864962],[8.29422,45.871192],[8.295218,45.879167],[8.30224,45.886751],[8.277174,45.895912],[8.268331,45.906828],[8.239034,45.910933],[8.228894,45.920484],[8.213091,45.925927],[8.204631,45.936702],[8.209025,45.945045],[8.192193,45.950409],[8.182327,45.949234],[8.15845,45.93562],[8.111001,45.93111],[8.096544,45.923213],[8.086036,45.922406],[8.065048,45.935086],[8.044365,45.93631],[8.031536,45.930541],[8.014245,45.928553],[7.996758,45.914408],[7.962046,45.900633],[7.943663,45.907078],[7.938193,45.913232],[7.923637,45.920899],[7.904791,45.925909],[7.877137,45.926955],[7.868961,45.937701],[7.876867,45.949858],[7.875925,45.957803],[7.881457,45.964674],[7.877898,45.973063],[7.893711,45.979033],[7.908679,45.996936],[7.958501,45.996289],[7.976445,45.999099],[7.989094,45.995933],[8.001367,46.011479],[8.012413,46.01197],[8.016751,46.025335],[8.013199,46.03166],[8.034584,46.044325],[8.022409,46.069642],[8.034763,46.100836],[8.055666,46.101698],[8.066858,46.105373],[8.082004,46.105753],[8.108233,46.111628],[8.116756,46.130651],[8.127307,46.135584],[8.143111,46.136537],[8.154405,46.147308],[8.150731,46.163843],[8.164545,46.182904],[8.15333,46.192093],[8.151307,46.202268],[8.14357,46.211979],[8.138877,46.226148],[8.125655,46.229318],[8.11394,46.237918],[8.110153,46.248724],[8.087718,46.254242],[8.081297,46.260283],[8.086852,46.266532],[8.105557,46.279043],[8.114847,46.282528],[8.122122,46.292588],[8.141117,46.301929],[8.161413,46.296219],[8.178929,46.2977],[8.19875,46.30225],[8.211447,46.30958],[8.215544,46.319823],[8.223927,46.325246],[8.225289,46.334609],[8.235311,46.339989],[8.248801,46.340805],[8.265306,46.3527],[8.261589,46.360926],[8.272436,46.366357],[8.283918,46.364267],[8.29986,46.37368],[8.312294,46.377192],[8.318741,46.386126],[8.316792,46.394962],[8.309494,46.403188],[8.288934,46.408109],[8.297943,46.413854],[8.307491,46.425851],[8.324515,46.425651],[8.363651,46.450462],[8.384717,46.452158],[8.392911,46.452235],[8.408292,46.45852],[8.43955,46.464149],[8.449412,46.461924],[8.46199,46.450707],[8.465797,46.44263],[8.458293,46.435379],[8.457244,46.423117],[8.467536,46.412313],[8.463687,46.403963],[8.470206,46.396198],[8.461548,46.387184],[8.465672,46.380778],[8.468816,46.362107],[8.4621,46.353088],[8.463964,46.333007],[8.453332,46.321647],[8.443721,46.319494],[8.440533,46.304119],[8.42774,46.2983],[8.435859,46.286301],[8.449833,46.273943],[8.454949,46.265183],[8.443193,46.254769],[8.444526,46.248877],[8.464107,46.24455],[8.468684,46.232895],[8.492918,46.228886],[8.512344,46.221029],[8.532116,46.217678],[8.536821,46.2037],[8.552552,46.192343],[8.555312,46.186127],[8.569695,46.177058],[8.575136,46.16368],[8.589604,46.156634],[8.602554,46.15475],[8.593536,46.14369],[8.609285,46.132708],[8.613787,46.121732],[8.6479,46.122534],[8.658932,46.112583],[8.678164,46.110156],[8.685803,46.10257],[8.713936,46.097272]]]]}},{"type":"Feature","properties":{"NUTS_ID":"ITH43","LEVL_CODE":3,"CNTR_CODE":"IT","NAME_LATN":"Gorizia","NUTS_NAME":"Gorizia","MOUNT_TYPE":4,"URBN_TYPE":1,"COAST_TYPE":1,"FID":"ITH43"},"geometry":{"type":"MultiPolygon","coordinates":[[[[13.597145,45.819522],[13.596243,45.807937],[13.588534,45.805381],[13.577023,45.794744],[13.579783,45.786951],[13.57867,45.777583],[13.56285,45.77848],[13.549117,45.790224],[13.527941,45.771825],[13.520991,45.762107],[13.517714,45.743646],[13.525853,45.737426],[13.553091,45.730043],[13.550438,45.723841],[13.529943,45.723155],[13.488598,45.705747],[13.475975,45.704124],[13.443228,45.719862],[13.428504,45.715292],[13.414644,45.724267],[13.406493,45.725175],[13.404559,45.738493],[13.418691,45.7424],[13.452808,45.747458],[13.434992,45.759155],[13.422728,45.75652],[13.425372,45.769177],[13.437593,45.777346],[13.442203,45.787644],[13.433089,45.795005],[13.426339,45.813237],[13.426088,45.833977],[13.407739,45.857545],[13.415611,45.866422],[13.418979,45.880939],[13.410345,45.891437],[13.399688,45.8956],[13.396665,45.908583],[13.42078,45.930511],[13.420427,45.938792],[13.430786,45.953461],[13.442221,45.958313],[13.436635,45.972074],[13.464894,45.986078],[13.46762,45.996867],[13.460249,46.005456],[13.467417,46.009204],[13.485124,46.046603],[13.496939,46.051335],[13.507711,46.045537],[13.508101,46.033925],[13.496777,46.017012],[13.481214,46.011675],[13.477105,46.006245],[13.485447,45.999639],[13.502542,45.980569],[13.515241,45.978753],[13.529118,45.967154],[13.544784,45.965935],[13.54997,45.970046],[13.568725,45.96987],[13.578003,45.983219],[13.590416,45.989256],[13.60873,45.984759],[13.620869,45.984596],[13.633007,45.988398],[13.642061,45.982755],[13.633509,45.950469],[13.637201,45.934938],[13.620602,45.918225],[13.608043,45.899063],[13.5966,45.89452],[13.586661,45.880712],[13.586669,45.870237],[13.576048,45.853534],[13.576668,45.842422],[13.588362,45.834939],[13.597145,45.819522]]],[[[13.458759,45.692885],[13.43486,45.681867],[13.431368,45.676725],[13.408589,45.677372],[13.417891,45.69222],[13.444611,45.690338],[13.446005,45.699925],[13.462226,45.709028],[13.469065,45.704903],[13.458759,45.692885]]],[[[13.302974,45.721612],[13.315766,45.721025],[13.321072,45.712253],[13.319928,45.698694],[13.30232,45.705733],[13.267301,45.715079],[13.283469,45.718634],[13.286893,45.713802],[13.302974,45.721612]]],[[[13.254814,45.750299],[13.237588,45.755237],[13.250071,45.756451],[13.254814,45.750299]]]]}},{"type":"Feature","properties":{"NUTS_ID":"ITH44","LEVL_CODE":3,"CNTR_CODE":"IT","NAME_LATN":"Trieste","NUTS_NAME":"Trieste","MOUNT_TYPE":2,"URBN_TYPE":1,"COAST_TYPE":1,"FID":"ITH44"},"geometry":{"type":"MultiPolygon","coordinates":[[[[13.722824,45.594725],[13.720262,45.605107],[13.735966,45.609808],[13.763448,45.606477],[13.784124,45.599548],[13.804517,45.609374],[13.779978,45.616683],[13.773867,45.624196],[13.775084,45.633392],[13.751963,45.636038],[13.751551,45.645704],[13.767579,45.653982],[13.750567,45.682147],[13.733713,45.695638],[13.713382,45.702979],[13.70919,45.712106],[13.668336,45.741566],[13.64237,45.757629],[13.630766,45.769516],[13.600194,45.772488],[13.589507,45.776963],[13.579783,45.786951],[13.577023,45.794744],[13.588534,45.805381],[13.596243,45.807937],[13.62215,45.800232],[13.624804,45.796806],[13.658107,45.800363],[13.680079,45.793168],[13.710002,45.774041],[13.730589,45.766099],[13.744667,45.755966],[13.762278,45.756226],[13.767425,45.750567],[13.785859,45.747745],[13.795683,45.743204],[13.810757,45.723299],[13.826315,45.714713],[13.833623,45.706942],[13.833878,45.687265],[13.844541,45.681064],[13.860985,45.663648],[13.875904,45.653977],[13.918081,45.633203],[13.904909,45.62446],[13.86978,45.609061],[13.86589,45.597697],[13.852752,45.590471],[13.850792,45.584971],[13.838757,45.582283],[13.798599,45.582116],[13.782201,45.583865],[13.747126,45.597519],[13.722824,45.594725]]]]}},{"type":"Feature","properties":{"NUTS_ID":"ITH36","LEVL_CODE":3,"CNTR_CODE":"IT","NAME_LATN":"Padova","NUTS_NAME":"Padova","MOUNT_TYPE":4,"URBN_TYPE":2,"COAST_TYPE":1,"FID":"ITH36"},"geometry":{"type":"MultiPolygon","coordinates":[[[[12.092476,45.598335],[12.082291,45.581142],[12.06308,45.577235],[12.060197,45.572529],[12.03573,45.570746],[12.033384,45.562736],[12.033066,45.534453],[12.02632,45.523008],[12.007612,45.531949],[12.002296,45.518709],[12.003088,45.508658],[11.989999,45.47339],[11.98143,45.474956],[11.976952,45.463514],[11.979105,45.455412],[12.004708,45.447587],[12.018596,45.450958],[12.025545,45.448493],[12.018342,45.424393],[11.996746,45.423871],[11.994754,45.415107],[12.002847,45.408422],[11.981063,45.408182],[11.976347,45.396679],[11.990015,45.394551],[11.996442,45.387978],[11.993933,45.380112],[12.012134,45.370389],[12.026577,45.367324],[12.034728,45.357314],[12.013663,45.342732],[12.015301,45.332435],[12.02185,45.3221],[12.035265,45.314212],[12.051343,45.312595],[12.058242,45.321528],[12.068175,45.320527],[12.081019,45.331868],[12.091695,45.330142],[12.113992,45.305022],[12.132562,45.30037],[12.129399,45.264217],[12.13297,45.258834],[12.147634,45.26334],[12.158768,45.254166],[12.173306,45.252791],[12.188659,45.257754],[12.200494,45.257337],[12.188827,45.240534],[12.193436,45.234485],[12.154593,45.221359],[12.155734,45.208379],[12.175871,45.196303],[12.153407,45.194216],[12.12203,45.209998],[12.021966,45.193487],[11.978743,45.186804],[11.973504,45.181683],[11.977376,45.163094],[11.983456,45.155598],[11.961977,45.149312],[11.968785,45.133983],[11.952952,45.134633],[11.9357,45.142403],[11.926351,45.143084],[11.915849,45.137197],[11.897764,45.133657],[11.884136,45.136424],[11.841865,45.128305],[11.831594,45.122416],[11.809436,45.121657],[11.775718,45.099163],[11.755225,45.095764],[11.725428,45.09761],[11.708855,45.102087],[11.694401,45.099032],[11.681332,45.103575],[11.661303,45.104324],[11.648657,45.108566],[11.610677,45.109849],[11.599758,45.11726],[11.584402,45.11732],[11.572579,45.124143],[11.556959,45.119433],[11.524321,45.12048],[11.512572,45.110204],[11.494762,45.103558],[11.468041,45.108818],[11.451023,45.117333],[11.416932,45.129329],[11.428786,45.150486],[11.419976,45.155871],[11.422347,45.164963],[11.408876,45.175524],[11.400187,45.227484],[11.405976,45.238927],[11.400946,45.251288],[11.393096,45.258964],[11.402831,45.264898],[11.425987,45.253823],[11.450688,45.261315],[11.466596,45.262053],[11.480216,45.258913],[11.487054,45.265952],[11.528765,45.258582],[11.561387,45.261773],[11.585666,45.256219],[11.610537,45.255649],[11.617732,45.258523],[11.582442,45.27303],[11.580288,45.297363],[11.589311,45.313295],[11.602039,45.317714],[11.614519,45.317288],[11.612301,45.325395],[11.619414,45.333133],[11.614328,45.338563],[11.624131,45.34534],[11.6267,45.357161],[11.611917,45.374124],[11.615733,45.388021],[11.638363,45.403721],[11.65323,45.410398],[11.664645,45.422642],[11.676259,45.423801],[11.695368,45.439635],[11.691628,45.446058],[11.702065,45.459359],[11.709626,45.463514],[11.706446,45.475798],[11.74389,45.471802],[11.735312,45.497894],[11.73691,45.509979],[11.730079,45.515675],[11.758991,45.520416],[11.731635,45.558165],[11.724417,45.549915],[11.705162,45.542912],[11.693752,45.550762],[11.679295,45.549996],[11.675094,45.539597],[11.657772,45.540173],[11.653097,45.550572],[11.665099,45.556548],[11.666298,45.571167],[11.673238,45.592396],[11.654332,45.592623],[11.644695,45.596136],[11.645729,45.615886],[11.649086,45.622803],[11.646681,45.633391],[11.656218,45.640376],[11.676713,45.640138],[11.68736,45.648679],[11.696594,45.663244],[11.709426,45.66823],[11.70934,45.680689],[11.7588,45.678127],[11.821666,45.687179],[11.83851,45.679061],[11.844053,45.68218],[11.883236,45.661329],[11.892908,45.634455],[11.890386,45.625269],[11.901348,45.617915],[11.907149,45.625753],[11.940121,45.613978],[11.946738,45.615233],[11.965186,45.60794],[11.981419,45.622641],[12.00558,45.623352],[12.006507,45.642108],[12.029411,45.647744],[12.049616,45.645165],[12.060302,45.638321],[12.074182,45.641666],[12.078385,45.625647],[12.086845,45.623458],[12.087215,45.600957],[12.092476,45.598335]]]]}},{"type":"Feature","properties":{"NUTS_ID":"ITH37","LEVL_CODE":3,"CNTR_CODE":"IT","NAME_LATN":"Rovigo","NUTS_NAME":"Rovigo","MOUNT_TYPE":4,"URBN_TYPE":3,"COAST_TYPE":1,"FID":"ITH37"},"geometry":{"type":"MultiPolygon","coordinates":[[[[12.330572,45.16055],[12.326653,45.130074],[12.334696,45.099019],[12.331196,45.089805],[12.344796,45.086044],[12.356694,45.072103],[12.355802,45.063348],[12.345239,45.059178],[12.328829,45.083148],[12.326736,45.102629],[12.315173,45.124062],[12.312328,45.136209],[12.293446,45.138661],[12.29163,45.134005],[12.298796,45.122179],[12.288379,45.122132],[12.268583,45.110609],[12.268153,45.092425],[12.271839,45.082481],[12.280989,45.077156],[12.292414,45.079547],[12.300573,45.071988],[12.288837,45.068532],[12.283402,45.062014],[12.287287,45.056135],[12.315846,45.046811],[12.334224,45.044126],[12.324557,45.031358],[12.315846,45.027021],[12.302155,45.014528],[12.301136,45.002094],[12.308654,44.995024],[12.312262,44.969798],[12.333101,44.980751],[12.346824,44.99659],[12.359981,44.998117],[12.368862,44.994452],[12.381708,44.998076],[12.386938,45.006882],[12.404002,45.005802],[12.410564,45.008874],[12.405604,45.025204],[12.416702,45.030276],[12.432516,45.015539],[12.439709,45.013332],[12.44531,44.998546],[12.462919,44.996142],[12.472132,44.986661],[12.470714,44.979453],[12.494204,44.970346],[12.497534,44.959253],[12.492313,44.953015],[12.489123,44.929354],[12.484871,44.921536],[12.485482,44.8961],[12.461803,44.884969],[12.463001,44.836849],[12.433382,44.852353],[12.442635,44.864138],[12.439919,44.895272],[12.42496,44.899976],[12.404091,44.893515],[12.40337,44.884965],[12.391322,44.877681],[12.386886,44.867697],[12.404127,44.852248],[12.394353,44.828498],[12.402702,44.820442],[12.420831,44.813651],[12.417535,44.805083],[12.399056,44.792615],[12.380617,44.800484],[12.354628,44.81605],[12.346749,44.828889],[12.339936,44.849606],[12.30256,44.856083],[12.293606,44.861417],[12.286636,44.871678],[12.282552,44.911455],[12.294585,44.926648],[12.279408,44.942183],[12.27156,44.942812],[12.253261,44.935528],[12.240071,44.934997],[12.225589,44.923522],[12.211173,44.926726],[12.188341,44.926481],[12.170035,44.941737],[12.160655,44.937879],[12.157566,44.930932],[12.141837,44.928513],[12.128402,44.933318],[12.117902,44.94673],[12.114452,44.959137],[12.101262,44.961813],[12.097923,44.970937],[12.086645,44.967486],[12.078213,44.973347],[12.061767,44.969891],[12.047518,44.97695],[12.01637,44.976647],[11.985825,44.983704],[11.964139,44.986624],[11.927839,44.975],[11.897519,44.977678],[11.877176,44.974608],[11.838348,44.972777],[11.817359,44.976873],[11.79904,44.974785],[11.785841,44.965107],[11.747082,44.957712],[11.740001,44.949769],[11.74323,44.933574],[11.733377,44.927098],[11.712924,44.925695],[11.68887,44.917291],[11.671969,44.914768],[11.623796,44.889071],[11.598486,44.889471],[11.591179,44.893876],[11.584489,44.912758],[11.57743,44.917168],[11.560389,44.920546],[11.545931,44.93105],[11.532001,44.936825],[11.487854,44.937319],[11.464299,44.935715],[11.433414,44.929486],[11.424111,44.937831],[11.426765,44.950076],[11.42649,44.95863],[11.414816,44.967341],[11.395862,44.971278],[11.344441,44.987677],[11.3275,44.995456],[11.308764,45.012354],[11.276313,45.017932],[11.264644,45.031741],[11.270394,45.044005],[11.268145,45.053614],[11.257431,45.054044],[11.244862,45.043719],[11.238582,45.043509],[11.215738,45.055918],[11.19912,45.060299],[11.17587,45.060667],[11.174684,45.073832],[11.187778,45.084244],[11.177379,45.089158],[11.178078,45.09706],[11.205503,45.109487],[11.20422,45.10166],[11.209316,45.094516],[11.224558,45.0838],[11.24424,45.09246],[11.263897,45.093318],[11.280566,45.09108],[11.303513,45.092166],[11.31418,45.089869],[11.320997,45.08097],[11.335603,45.074302],[11.355455,45.069202],[11.360811,45.057312],[11.387205,45.056981],[11.40206,45.053593],[11.422819,45.067572],[11.437362,45.068991],[11.443576,45.074347],[11.438731,45.086861],[11.440439,45.0975],[11.429185,45.105988],[11.421186,45.11718],[11.411167,45.122053],[11.416932,45.129329],[11.451023,45.117333],[11.468041,45.108818],[11.494762,45.103558],[11.512572,45.110204],[11.524321,45.12048],[11.556959,45.119433],[11.572579,45.124143],[11.584402,45.11732],[11.599758,45.11726],[11.610677,45.109849],[11.648657,45.108566],[11.661303,45.104324],[11.681332,45.103575],[11.694401,45.099032],[11.708855,45.102087],[11.725428,45.09761],[11.755225,45.095764],[11.775718,45.099163],[11.809436,45.121657],[11.831594,45.122416],[11.841865,45.128305],[11.884136,45.136424],[11.897764,45.133657],[11.915849,45.137197],[11.926351,45.143084],[11.9357,45.142403],[11.952952,45.134633],[11.968785,45.133983],[11.991827,45.139193],[12.024768,45.138389],[12.041966,45.132201],[12.025561,45.119593],[12.049005,45.114817],[12.048648,45.104956],[12.083895,45.080957],[12.112467,45.062946],[12.136543,45.056256],[12.147537,45.058565],[12.148032,45.067971],[12.158798,45.073304],[12.159772,45.083332],[12.167467,45.093008],[12.187033,45.089616],[12.20329,45.104733],[12.215317,45.104476],[12.245866,45.108256],[12.28304,45.124874],[12.282928,45.143031],[12.309026,45.143926],[12.330572,45.16055]]],[[[12.365202,45.050083],[12.381174,45.037652],[12.374725,45.033796],[12.365202,45.050083]]]]}},{"type":"Feature","properties":{"NUTS_ID":"ITC13","LEVL_CODE":3,"CNTR_CODE":"IT","NAME_LATN":"Biella","NUTS_NAME":"Biella","MOUNT_TYPE":3,"URBN_TYPE":2,"COAST_TYPE":3,"FID":"ITC13"},"geometry":{"type":"MultiPolygon","coordinates":[[[[8.027012,45.403092],[8.022257,45.422295],[8.035379,45.432145],[8.038455,45.441399],[8.019661,45.453242],[7.996946,45.460922],[7.968293,45.475451],[7.96632,45.48203],[7.919065,45.509285],[7.923446,45.521486],[7.912254,45.522652],[7.885551,45.530862],[7.882228,45.534277],[7.901629,45.558614],[7.895184,45.57127],[7.893056,45.585519],[7.895811,45.590028],[7.897488,45.612524],[7.914895,45.632194],[7.936133,45.635692],[7.939399,45.643248],[7.927585,45.650645],[7.920667,45.666641],[7.911886,45.670682],[7.905233,45.681959],[7.910224,45.698591],[7.920323,45.701893],[7.936649,45.72434],[7.955472,45.718561],[7.985986,45.721411],[8.003357,45.721436],[8.0214,45.737679],[8.035466,45.735833],[8.059251,45.740587],[8.064899,45.723516],[8.076952,45.718745],[8.082781,45.737263],[8.095834,45.737712],[8.108081,45.748929],[8.125102,45.757151],[8.155599,45.750207],[8.181031,45.751219],[8.18382,45.730075],[8.192697,45.72283],[8.202243,45.724596],[8.22272,45.707625],[8.230466,45.706664],[8.269951,45.68191],[8.280172,45.670081],[8.291579,45.666796],[8.298928,45.655729],[8.308847,45.65536],[8.316107,45.6469],[8.308454,45.642005],[8.311447,45.621036],[8.296919,45.621542],[8.276996,45.611156],[8.268967,45.615998],[8.255179,45.608681],[8.259637,45.594195],[8.27138,45.584179],[8.271104,45.574588],[8.276133,45.564364],[8.296474,45.553605],[8.29255,45.541589],[8.277936,45.531844],[8.278819,45.524539],[8.291942,45.517732],[8.267599,45.516879],[8.262723,45.501524],[8.244225,45.493318],[8.245066,45.489006],[8.216667,45.46976],[8.220526,45.456323],[8.203548,45.446831],[8.186041,45.450009],[8.167061,45.434964],[8.162096,45.425641],[8.170065,45.41892],[8.166834,45.411048],[8.148911,45.408519],[8.129827,45.387709],[8.122848,45.376086],[8.08967,45.384388],[8.071353,45.386517],[8.052903,45.397898],[8.041732,45.39699],[8.027012,45.403092]],[[8.275372,45.634837],[8.261364,45.633251],[8.263301,45.61989],[8.276854,45.623357],[8.288399,45.632345],[8.275372,45.634837]]]]}},{"type":"Feature","properties":{"NUTS_ID":"SI033","LEVL_CODE":3,"CNTR_CODE":"SI","NAME_LATN":"Koroška","NUTS_NAME":"Koroška","MOUNT_TYPE":3,"URBN_TYPE":3,"COAST_TYPE":3,"FID":"SI033"},"geometry":{"type":"MultiPolygon","coordinates":[[[[15.401979,46.653548],[15.418894,46.640719],[15.430203,46.635229],[15.433731,46.618847],[15.447783,46.617596],[15.433205,46.597262],[15.430629,46.589238],[15.439064,46.578895],[15.438662,46.56732],[15.426425,46.563274],[15.397322,46.582632],[15.370192,46.584001],[15.363628,46.580154],[15.369962,46.57134],[15.369449,46.563593],[15.35801,46.561988],[15.35355,46.55128],[15.345482,46.548047],[15.33513,46.522042],[15.324305,46.518403],[15.325025,46.511562],[15.312996,46.498288],[15.314142,46.479626],[15.31226,46.468925],[15.327503,46.455903],[15.320632,46.449349],[15.295002,46.448667],[15.269946,46.444435],[15.256218,46.427537],[15.253616,46.413496],[15.240303,46.400578],[15.234204,46.390417],[15.187701,46.386579],[15.171526,46.392039],[15.179357,46.402976],[15.178355,46.410708],[15.165475,46.410068],[15.148926,46.403395],[15.130794,46.410268],[15.118205,46.421747],[15.117538,46.426882],[15.092568,46.434283],[15.079035,46.428737],[15.06316,46.433783],[15.016509,46.440195],[15.005967,46.438604],[14.978112,46.451083],[14.954276,46.455609],[14.961421,46.444591],[14.94644,46.440327],[14.943635,46.433742],[14.913451,46.43295],[14.895661,46.420496],[14.845742,46.417903],[14.834412,46.423658],[14.800345,46.422967],[14.786542,46.429268],[14.765915,46.43065],[14.762591,46.422816],[14.752904,46.419409],[14.739356,46.440138],[14.720757,46.449284],[14.689181,46.448272],[14.67458,46.450687],[14.676756,46.46174],[14.682769,46.466961],[14.700885,46.465615],[14.698507,46.474951],[14.709226,46.481793],[14.715,46.499159],[14.729601,46.492462],[14.741475,46.504591],[14.748335,46.497599],[14.759093,46.504442],[14.776379,46.504059],[14.786624,46.500167],[14.805795,46.507253],[14.818606,46.509383],[14.818424,46.521765],[14.823367,46.544116],[14.837163,46.557403],[14.835322,46.564129],[14.841673,46.573815],[14.851769,46.581405],[14.858465,46.592698],[14.864772,46.593302],[14.868171,46.605205],[14.884301,46.611744],[14.900039,46.611321],[14.906095,46.605565],[14.922469,46.603712],[14.922679,46.620016],[14.931786,46.615983],[14.941955,46.620937],[14.955677,46.632728],[14.969414,46.625636],[14.979315,46.601397],[14.994781,46.61381],[14.995461,46.621743],[15.015989,46.640211],[15.03957,46.650394],[15.06512,46.652112],[15.0824,46.645145],[15.089158,46.651927],[15.108692,46.658913],[15.129397,46.650803],[15.144347,46.659392],[15.169025,46.654246],[15.182737,46.655682],[15.195603,46.646707],[15.224869,46.643014],[15.236186,46.639681],[15.262724,46.644512],[15.278059,46.644003],[15.294545,46.652336],[15.308221,46.652418],[15.320196,46.648435],[15.327815,46.652587],[15.374327,46.650466],[15.401979,46.653548]]]]}},{"type":"Feature","properties":{"NUTS_ID":"SI035","LEVL_CODE":3,"CNTR_CODE":"SI","NAME_LATN":"Zasavska","NUTS_NAME":"Zasavska","MOUNT_TYPE":3,"URBN_TYPE":3,"COAST_TYPE":3,"FID":"SI035"},"geometry":{"type":"MultiPolygon","coordinates":[[[[15.154901,46.09341],[15.138949,46.08616],[15.122822,46.086303],[15.102052,46.093689],[15.096497,46.077977],[15.085886,46.078664],[15.067306,46.065522],[15.07236,46.046318],[15.088497,46.040751],[15.090983,46.028539],[15.099408,46.018959],[15.082551,46.022067],[15.082472,46.012538],[15.068506,46.016124],[15.057342,46.012815],[15.054803,46.004404],[15.026913,46.004936],[15.025865,45.998008],[15.032674,45.987434],[15.014406,45.973077],[15.01317,45.964059],[14.998313,45.963032],[14.985453,45.969593],[14.969272,45.969554],[14.964366,45.975273],[14.948575,45.97861],[14.947692,45.984324],[14.925503,45.985175],[14.924012,45.992595],[14.928217,46.003919],[14.921654,46.00612],[14.927006,46.019764],[14.922172,46.033185],[14.925164,46.04236],[14.914685,46.046298],[14.89345,46.06299],[14.871223,46.061494],[14.86923,46.056199],[14.847073,46.053562],[14.8314,46.048304],[14.809467,46.054338],[14.807321,46.048261],[14.792829,46.044543],[14.784001,46.050734],[14.771141,46.052483],[14.767993,46.057353],[14.745947,46.068122],[14.727581,46.065658],[14.711758,46.07793],[14.716095,46.084185],[14.747857,46.088749],[14.762297,46.105236],[14.803083,46.115781],[14.797365,46.122821],[14.810909,46.128154],[14.819076,46.127593],[14.833886,46.135883],[14.842369,46.144727],[14.835125,46.149657],[14.826458,46.164154],[14.827564,46.169288],[14.856534,46.17139],[14.868845,46.177008],[14.887441,46.174134],[14.889479,46.180403],[14.901238,46.187183],[14.902595,46.195862],[14.89824,46.205398],[14.908764,46.207566],[14.909494,46.198317],[14.920116,46.195493],[14.930149,46.186131],[14.945111,46.186399],[14.980984,46.196996],[14.988503,46.194755],[15.012131,46.195338],[15.014639,46.189904],[15.038153,46.192895],[15.075114,46.183488],[15.098756,46.190872],[15.107133,46.187656],[15.12224,46.173859],[15.126654,46.15922],[15.136343,46.156427],[15.145828,46.159396],[15.157658,46.150478],[15.15801,46.140791],[15.175377,46.131904],[15.182032,46.11551],[15.170109,46.1],[15.152584,46.105699],[15.139883,46.112467],[15.133715,46.104711],[15.154901,46.09341]]]]}},{"type":"Feature","properties":{"NUTS_ID":"SI032","LEVL_CODE":3,"CNTR_CODE":"SI","NAME_LATN":"Podravska","NUTS_NAME":"Podravska","MOUNT_TYPE":4,"URBN_TYPE":3,"COAST_TYPE":3,"FID":"SI032"},"geometry":{"type":"MultiPolygon","coordinates":[[[[15.786422,46.707469],[15.800853,46.696079],[15.815753,46.700282],[15.825679,46.689343],[15.826439,46.679241],[15.840063,46.672052],[15.890965,46.664378],[15.892015,46.656293],[15.885684,46.64512],[15.913443,46.637912],[15.91899,46.64064],[15.934771,46.635697],[15.91624,46.624488],[15.912551,46.606251],[15.923161,46.596107],[15.94439,46.588864],[15.974043,46.585507],[15.973284,46.575487],[15.964844,46.566698],[15.966264,46.55685],[15.97526,46.551812],[15.998345,46.529762],[16.004316,46.517311],[16.011612,46.510202],[16.044926,46.507035],[16.063173,46.499144],[16.099036,46.499009],[16.108961,46.501025],[16.117809,46.490292],[16.136059,46.484994],[16.146256,46.495945],[16.159277,46.50061],[16.167075,46.48757],[16.181715,46.487235],[16.175023,46.479249],[16.183142,46.472218],[16.192319,46.472478],[16.201346,46.479314],[16.215118,46.482308],[16.224768,46.488202],[16.242148,46.490075],[16.256707,46.473077],[16.259728,46.46039],[16.265079,46.453541],[16.264428,46.443086],[16.275011,46.420292],[16.300411,46.403976],[16.307249,46.396404],[16.301549,46.378288],[16.259993,46.376997],[16.238538,46.379456],[16.225814,46.386203],[16.18963,46.378349],[16.188628,46.387101],[16.175561,46.385506],[16.172906,46.390909],[16.152132,46.403754],[16.141475,46.405057],[16.087424,46.388851],[16.058117,46.393566],[16.052567,46.383421],[16.071605,46.365408],[16.076727,46.345806],[16.061284,46.341493],[16.051799,46.335239],[16.041586,46.337383],[16.028248,46.331278],[16.020653,46.323401],[16.02229,46.316434],[16.014078,46.309402],[16.003154,46.30764],[15.990237,46.313805],[15.977035,46.31238],[15.967046,46.299704],[15.954887,46.294088],[15.918025,46.285996],[15.912868,46.289659],[15.896823,46.283886],[15.874478,46.279701],[15.862908,46.267811],[15.824738,46.261774],[15.791476,46.259327],[15.762579,46.254395],[15.752946,46.26619],[15.740837,46.262404],[15.721788,46.271117],[15.693122,46.26605],[15.693857,46.274169],[15.635794,46.274544],[15.636714,46.281197],[15.625118,46.287523],[15.610184,46.284122],[15.597589,46.289584],[15.582414,46.28428],[15.568586,46.287198],[15.559304,46.273137],[15.547366,46.276729],[15.55321,46.286573],[15.546082,46.289972],[15.551693,46.302163],[15.545037,46.310212],[15.545796,46.317226],[15.535353,46.350649],[15.507497,46.34453],[15.49629,46.35972],[15.487024,46.353589],[15.477744,46.358027],[15.466428,46.355034],[15.445545,46.358087],[15.442514,46.365897],[15.432102,46.365435],[15.396701,46.382213],[15.410773,46.383717],[15.418795,46.391215],[15.3992,46.403352],[15.410364,46.404788],[15.411856,46.419214],[15.419257,46.424348],[15.403954,46.431713],[15.399558,46.437395],[15.38872,46.432745],[15.376769,46.438227],[15.366502,46.447689],[15.341898,46.449037],[15.342965,46.457918],[15.335056,46.465162],[15.333808,46.475458],[15.322008,46.47515],[15.314142,46.479626],[15.312996,46.498288],[15.325025,46.511562],[15.324305,46.518403],[15.33513,46.522042],[15.345482,46.548047],[15.35355,46.55128],[15.35801,46.561988],[15.369449,46.563593],[15.369962,46.57134],[15.363628,46.580154],[15.370192,46.584001],[15.397322,46.582632],[15.426425,46.563274],[15.438662,46.56732],[15.439064,46.578895],[15.430629,46.589238],[15.433205,46.597262],[15.447783,46.617596],[15.433731,46.618847],[15.430203,46.635229],[15.418894,46.640719],[15.401979,46.653548],[15.419194,46.65489],[15.422655,46.647596],[15.436831,46.641026],[15.452975,46.640779],[15.455882,46.629714],[15.462133,46.625946],[15.462682,46.616425],[15.476244,46.612597],[15.492571,46.620194],[15.500436,46.614682],[15.52007,46.621535],[15.536386,46.633104],[15.550205,46.639812],[15.54467,46.646413],[15.552913,46.651894],[15.54628,46.670153],[15.559183,46.671156],[15.57325,46.680017],[15.58896,46.683943],[15.595283,46.689536],[15.607365,46.687402],[15.622963,46.679567],[15.633549,46.681297],[15.639234,46.691181],[15.652657,46.691171],[15.649988,46.705757],[15.678886,46.70597],[15.696884,46.698839],[15.725703,46.696174],[15.738983,46.699595],[15.768947,46.699396],[15.786422,46.707469]]]]}},{"type":"Feature","properties":{"NUTS_ID":"SI044","LEVL_CODE":3,"CNTR_CODE":"SI","NAME_LATN":"Obalno-kraška","NUTS_NAME":"Obalno-kraška","MOUNT_TYPE":3,"URBN_TYPE":2,"COAST_TYPE":1,"FID":"SI044"},"geometry":{"type":"MultiPolygon","coordinates":[[[[14.042372,45.761359],[14.047683,45.753516],[14.073832,45.749361],[14.085947,45.741316],[14.085947,45.733741],[14.095384,45.725011],[14.099433,45.715828],[14.095108,45.709726],[14.080619,45.710818],[14.073832,45.70768],[14.067098,45.686232],[14.077871,45.681539],[14.079254,45.66502],[14.073832,45.654748],[14.086334,45.648111],[14.091949,45.63629],[14.083165,45.631432],[14.097227,45.625132],[14.099727,45.612701],[14.115561,45.60677],[14.106376,45.597589],[14.092036,45.588425],[14.09505,45.575076],[14.118232,45.569857],[14.11193,45.553386],[14.102998,45.547906],[14.101575,45.532026],[14.09223,45.522996],[14.114287,45.507456],[14.123607,45.506075],[14.129436,45.492686],[14.118197,45.481239],[14.091636,45.482022],[14.073832,45.484481],[14.050498,45.497707],[14.04208,45.499209],[14.011006,45.51988],[13.988518,45.509552],[13.975692,45.514735],[13.962175,45.506013],[13.965809,45.496914],[13.978743,45.492766],[13.990992,45.483382],[13.995797,45.472531],[13.986143,45.469044],[13.985808,45.457346],[13.970718,45.447594],[13.956979,45.455579],[13.925826,45.453892],[13.909169,45.45119],[13.891495,45.436077],[13.887097,45.425873],[13.862738,45.427396],[13.839625,45.434263],[13.814942,45.434326],[13.814159,45.440986],[13.802864,45.444064],[13.80468,45.458563],[13.786157,45.46643],[13.763928,45.466113],[13.752496,45.460854],[13.724335,45.459002],[13.709609,45.452822],[13.706165,45.456592],[13.676103,45.442868],[13.641819,45.459587],[13.601363,45.467916],[13.587267,45.477364],[13.592397,45.486305],[13.585528,45.497679],[13.594336,45.50282],[13.592271,45.512652],[13.568577,45.517415],[13.565386,45.52969],[13.580658,45.52575],[13.599554,45.525807],[13.60218,45.536373],[13.615648,45.539885],[13.629149,45.533846],[13.646352,45.533212],[13.669264,45.539335],[13.679971,45.545515],[13.693405,45.547912],[13.719114,45.543604],[13.732598,45.551215],[13.736086,45.564275],[13.745516,45.569496],[13.72214,45.582378],[13.713211,45.584605],[13.708999,45.593349],[13.722824,45.594725],[13.747126,45.597519],[13.782201,45.583865],[13.798599,45.582116],[13.838757,45.582283],[13.850792,45.584971],[13.852752,45.590471],[13.86589,45.597697],[13.86978,45.609061],[13.904909,45.62446],[13.918081,45.633203],[13.875904,45.653977],[13.860985,45.663648],[13.844541,45.681064],[13.833878,45.687265],[13.833623,45.706942],[13.826315,45.714713],[13.810757,45.723299],[13.795683,45.743204],[13.785859,45.747745],[13.767425,45.750567],[13.762278,45.756226],[13.744667,45.755966],[13.730589,45.766099],[13.710002,45.774041],[13.680079,45.793168],[13.658107,45.800363],[13.624804,45.796806],[13.62215,45.800232],[13.596243,45.807937],[13.597145,45.819522],[13.642727,45.819776],[13.65687,45.815868],[13.682459,45.81612],[13.689734,45.834942],[13.702567,45.83521],[13.715965,45.843171],[13.718879,45.85645],[13.715857,45.863514],[13.742118,45.8582],[13.765227,45.848004],[13.771516,45.840965],[13.789873,45.833872],[13.811464,45.835475],[13.811047,45.84149],[13.823917,45.8432],[13.835709,45.838307],[13.846823,45.828996],[13.86742,45.825728],[13.892101,45.828821],[13.909136,45.809427],[13.920238,45.804178],[13.934193,45.793021],[13.978491,45.779977],[14.006482,45.766902],[14.01908,45.772374],[14.042372,45.761359]]]]}},{"type":"Feature","properties":{"NUTS_ID":"SI034","LEVL_CODE":3,"CNTR_CODE":"SI","NAME_LATN":"Savinjska","NUTS_NAME":"Savinjska","MOUNT_TYPE":3,"URBN_TYPE":3,"COAST_TYPE":3,"FID":"SI034"},"geometry":{"type":"MultiPolygon","coordinates":[[[[15.314142,46.479626],[15.322008,46.47515],[15.333808,46.475458],[15.335056,46.465162],[15.342965,46.457918],[15.341898,46.449037],[15.366502,46.447689],[15.376769,46.438227],[15.38872,46.432745],[15.399558,46.437395],[15.403954,46.431713],[15.419257,46.424348],[15.411856,46.419214],[15.410364,46.404788],[15.3992,46.403352],[15.418795,46.391215],[15.410773,46.383717],[15.396701,46.382213],[15.432102,46.365435],[15.442514,46.365897],[15.445545,46.358087],[15.466428,46.355034],[15.477744,46.358027],[15.487024,46.353589],[15.49629,46.35972],[15.507497,46.34453],[15.535353,46.350649],[15.545796,46.317226],[15.545037,46.310212],[15.551693,46.302163],[15.546082,46.289972],[15.55321,46.286573],[15.547366,46.276729],[15.559304,46.273137],[15.568586,46.287198],[15.582414,46.28428],[15.597589,46.289584],[15.610184,46.284122],[15.625118,46.287523],[15.636714,46.281197],[15.635794,46.274544],[15.693857,46.274169],[15.693122,46.26605],[15.721788,46.271117],[15.740837,46.262404],[15.752946,46.26619],[15.762579,46.254395],[15.791476,46.259327],[15.800831,46.242962],[15.793535,46.235388],[15.79394,46.228447],[15.786415,46.217403],[15.775107,46.211419],[15.757953,46.20741],[15.754192,46.217381],[15.740175,46.221382],[15.700813,46.222615],[15.674853,46.227124],[15.663009,46.220065],[15.647887,46.216731],[15.641966,46.211146],[15.647832,46.203993],[15.648387,46.192409],[15.632483,46.17673],[15.608307,46.167633],[15.604825,46.161615],[15.613326,46.153259],[15.596125,46.146356],[15.612786,46.133103],[15.604547,46.112249],[15.613432,46.106889],[15.620153,46.092156],[15.627262,46.085953],[15.614059,46.071401],[15.605973,46.075149],[15.597767,46.068735],[15.601675,46.050143],[15.606982,46.039066],[15.623485,46.035108],[15.64435,46.040507],[15.654612,46.036723],[15.623977,46.015425],[15.6118,46.011435],[15.604774,46.004958],[15.579681,45.997971],[15.595296,46.026395],[15.573946,46.025831],[15.563886,46.021995],[15.546496,46.025371],[15.538767,46.048604],[15.530563,46.048697],[15.522693,46.061477],[15.510264,46.064313],[15.49648,46.061526],[15.472714,46.071725],[15.453259,46.067307],[15.442885,46.069928],[15.408236,46.065968],[15.389651,46.068845],[15.379473,46.073363],[15.370669,46.069221],[15.358607,46.074186],[15.342875,46.072434],[15.317872,46.074985],[15.29756,46.06829],[15.281767,46.068341],[15.266368,46.075096],[15.261933,46.084783],[15.247361,46.077349],[15.234374,46.07727],[15.217683,46.087089],[15.208878,46.082253],[15.196233,46.08535],[15.171785,46.083477],[15.154901,46.09341],[15.133715,46.104711],[15.139883,46.112467],[15.152584,46.105699],[15.170109,46.1],[15.182032,46.11551],[15.175377,46.131904],[15.15801,46.140791],[15.157658,46.150478],[15.145828,46.159396],[15.136343,46.156427],[15.126654,46.15922],[15.12224,46.173859],[15.107133,46.187656],[15.098756,46.190872],[15.075114,46.183488],[15.038153,46.192895],[15.014639,46.189904],[15.012131,46.195338],[14.988503,46.194755],[14.980984,46.196996],[14.945111,46.186399],[14.930149,46.186131],[14.920116,46.195493],[14.909494,46.198317],[14.908764,46.207566],[14.913076,46.219475],[14.907213,46.229392],[14.899552,46.229389],[14.883938,46.237607],[14.860422,46.245463],[14.854124,46.250385],[14.804467,46.255454],[14.774199,46.250206],[14.754487,46.250983],[14.745103,46.255324],[14.704026,46.258269],[14.695607,46.266374],[14.704991,46.278146],[14.704636,46.284834],[14.682659,46.281634],[14.674309,46.28447],[14.676922,46.30212],[14.672993,46.311471],[14.657703,46.314714],[14.638259,46.330591],[14.637874,46.364228],[14.615135,46.357982],[14.594617,46.359667],[14.587534,46.355847],[14.565212,46.367697],[14.565176,46.372453],[14.578872,46.37821],[14.586942,46.395053],[14.589076,46.411785],[14.583572,46.417533],[14.587302,46.429546],[14.597496,46.436665],[14.613709,46.439648],[14.629541,46.439348],[14.659776,46.444849],[14.67458,46.450687],[14.689181,46.448272],[14.720757,46.449284],[14.739356,46.440138],[14.752904,46.419409],[14.762591,46.422816],[14.765915,46.43065],[14.786542,46.429268],[14.800345,46.422967],[14.834412,46.423658],[14.845742,46.417903],[14.895661,46.420496],[14.913451,46.43295],[14.943635,46.433742],[14.94644,46.440327],[14.961421,46.444591],[14.954276,46.455609],[14.978112,46.451083],[15.005967,46.438604],[15.016509,46.440195],[15.06316,46.433783],[15.079035,46.428737],[15.092568,46.434283],[15.117538,46.426882],[15.118205,46.421747],[15.130794,46.410268],[15.148926,46.403395],[15.165475,46.410068],[15.178355,46.410708],[15.179357,46.402976],[15.171526,46.392039],[15.187701,46.386579],[15.234204,46.390417],[15.240303,46.400578],[15.253616,46.413496],[15.256218,46.427537],[15.269946,46.444435],[15.295002,46.448667],[15.320632,46.449349],[15.327503,46.455903],[15.31226,46.468925],[15.314142,46.479626]]]]}},{"type":"Feature","properties":{"NUTS_ID":"SI031","LEVL_CODE":3,"CNTR_CODE":"SI","NAME_LATN":"Pomurska","NUTS_NAME":"Pomurska","MOUNT_TYPE":4,"URBN_TYPE":3,"COAST_TYPE":3,"FID":"SI031"},"geometry":{"type":"MultiPolygon","coordinates":[[[[16.242148,46.490075],[16.224768,46.488202],[16.215118,46.482308],[16.201346,46.479314],[16.192319,46.472478],[16.183142,46.472218],[16.175023,46.479249],[16.181715,46.487235],[16.167075,46.48757],[16.159277,46.50061],[16.146256,46.495945],[16.136059,46.484994],[16.117809,46.490292],[16.108961,46.501025],[16.099036,46.499009],[16.063173,46.499144],[16.044926,46.507035],[16.011612,46.510202],[16.004316,46.517311],[15.998345,46.529762],[15.97526,46.551812],[15.966264,46.55685],[15.964844,46.566698],[15.973284,46.575487],[15.974043,46.585507],[15.94439,46.588864],[15.923161,46.596107],[15.912551,46.606251],[15.91624,46.624488],[15.934771,46.635697],[15.91899,46.64064],[15.913443,46.637912],[15.885684,46.64512],[15.892015,46.656293],[15.890965,46.664378],[15.840063,46.672052],[15.826439,46.679241],[15.825679,46.689343],[15.815753,46.700282],[15.800853,46.696079],[15.786422,46.707469],[15.802688,46.715616],[15.832637,46.721974],[15.862296,46.722069],[15.877844,46.719513],[15.913911,46.709225],[15.941948,46.691204],[15.951192,46.68799],[15.983621,46.684615],[16.003479,46.676609],[16.010867,46.665214],[16.038086,46.656145],[16.042508,46.6858],[16.029632,46.700881],[16.029722,46.711014],[16.013707,46.716896],[16.005465,46.716524],[15.993867,46.730606],[15.985648,46.752479],[15.989209,46.758121],[15.989034,46.774937],[15.993793,46.791804],[15.993038,46.804336],[15.997087,46.81184],[15.985942,46.826485],[15.996236,46.835398],[16.012325,46.835082],[16.028756,46.839953],[16.058391,46.83867],[16.06572,46.849894],[16.078899,46.852623],[16.091932,46.86458],[16.098345,46.861557],[16.113849,46.869068],[16.126874,46.857543],[16.156085,46.853706],[16.164486,46.859667],[16.175274,46.857096],[16.185773,46.865795],[16.226693,46.871051],[16.241759,46.876286],[16.259984,46.872467],[16.291385,46.872833],[16.300547,46.860541],[16.318127,46.855985],[16.32968,46.845395],[16.337835,46.846416],[16.347205,46.840436],[16.350006,46.83103],[16.340469,46.820711],[16.339888,46.803981],[16.31297,46.797639],[16.312162,46.778002],[16.329971,46.7779],[16.318734,46.755613],[16.331654,46.748453],[16.34991,46.729721],[16.357164,46.716082],[16.370794,46.722243],[16.379312,46.712475],[16.368553,46.704229],[16.383584,46.698265],[16.420254,46.695892],[16.426624,46.691881],[16.420875,46.674939],[16.424127,46.668088],[16.419798,46.658479],[16.404267,46.659273],[16.396834,46.664285],[16.385458,46.652277],[16.392133,46.634395],[16.404417,46.632351],[16.412845,46.62679],[16.424857,46.613164],[16.445418,46.610979],[16.4521,46.600977],[16.461969,46.595982],[16.469148,46.585638],[16.48289,46.578793],[16.482797,46.566205],[16.494474,46.56299],[16.508419,46.565269],[16.516481,46.555431],[16.519013,46.535922],[16.531496,46.531327],[16.524987,46.519475],[16.532514,46.51347],[16.525221,46.504548],[16.56129,46.489391],[16.584923,46.477252],[16.568855,46.472395],[16.56129,46.477602],[16.540231,46.476536],[16.511615,46.479622],[16.517735,46.489143],[16.507424,46.495214],[16.486851,46.501635],[16.487209,46.507989],[16.462923,46.520645],[16.440623,46.515006],[16.439759,46.525952],[16.423632,46.528172],[16.412982,46.532952],[16.407364,46.527448],[16.396345,46.536041],[16.376411,46.541232],[16.379802,46.552255],[16.367523,46.55484],[16.365448,46.547104],[16.34313,46.541032],[16.339756,46.528599],[16.333033,46.530021],[16.313046,46.524454],[16.306678,46.513984],[16.266005,46.515349],[16.267263,46.506866],[16.25986,46.50131],[16.241627,46.498349],[16.242148,46.490075]]]]}},{"type":"Feature","properties":{"NUTS_ID":"SI038","LEVL_CODE":3,"CNTR_CODE":"SI","NAME_LATN":"Primorsko-notranjska","NUTS_NAME":"Primorsko-notranjska","MOUNT_TYPE":3,"URBN_TYPE":3,"COAST_TYPE":2,"FID":"SI038"},"geometry":{"type":"MultiPolygon","coordinates":[[[[14.564807,45.791462],[14.548101,45.787877],[14.553672,45.77995],[14.568399,45.778634],[14.570685,45.76668],[14.565703,45.754201],[14.578676,45.737616],[14.559898,45.733866],[14.54689,45.743104],[14.537504,45.739324],[14.542324,45.724985],[14.551656,45.71147],[14.557678,45.697146],[14.561205,45.674861],[14.570013,45.672944],[14.56576,45.651998],[14.543401,45.622191],[14.535335,45.614972],[14.51354,45.607344],[14.502324,45.608121],[14.507187,45.590736],[14.499539,45.57566],[14.497665,45.562283],[14.499469,45.549415],[14.488347,45.536853],[14.475063,45.533214],[14.456122,45.520614],[14.442562,45.516487],[14.428743,45.507857],[14.416643,45.509543],[14.402149,45.504264],[14.394492,45.494765],[14.377177,45.487746],[14.361011,45.48442],[14.348552,45.484768],[14.322777,45.470415],[14.31663,45.482974],[14.305983,45.480192],[14.277163,45.489224],[14.266261,45.482882],[14.244988,45.505377],[14.228987,45.503937],[14.207198,45.483382],[14.206663,45.469877],[14.178548,45.478387],[14.152729,45.48062],[14.141471,45.475191],[14.118197,45.481239],[14.129436,45.492686],[14.123607,45.506075],[14.114287,45.507456],[14.09223,45.522996],[14.101575,45.532026],[14.102998,45.547906],[14.11193,45.553386],[14.118232,45.569857],[14.09505,45.575076],[14.092036,45.588425],[14.106376,45.597589],[14.115561,45.60677],[14.099727,45.612701],[14.097227,45.625132],[14.083165,45.631432],[14.091949,45.63629],[14.086334,45.648111],[14.073832,45.654748],[14.079254,45.66502],[14.077871,45.681539],[14.067098,45.686232],[14.073832,45.70768],[14.080619,45.710818],[14.095108,45.709726],[14.099433,45.715828],[14.095384,45.725011],[14.085947,45.733741],[14.085947,45.741316],[14.073832,45.749361],[14.047683,45.753516],[14.042372,45.761359],[14.047436,45.773368],[14.054019,45.770688],[14.056197,45.798489],[14.07028,45.812811],[14.049504,45.837337],[14.100459,45.84888],[14.111226,45.861995],[14.129578,45.869499],[14.149114,45.87668],[14.157443,45.872382],[14.17449,45.87413],[14.189668,45.878516],[14.207284,45.868802],[14.215079,45.869204],[14.222374,45.858995],[14.241264,45.855629],[14.250873,45.849999],[14.271407,45.852492],[14.278621,45.846998],[14.302062,45.88239],[14.312046,45.892793],[14.327656,45.891302],[14.341198,45.879992],[14.350751,45.884449],[14.356819,45.871289],[14.365749,45.870556],[14.372485,45.877592],[14.399665,45.857106],[14.409424,45.872212],[14.418964,45.871565],[14.432434,45.859295],[14.441379,45.861129],[14.457103,45.871873],[14.466921,45.868827],[14.490795,45.88228],[14.503074,45.867905],[14.496286,45.859062],[14.505342,45.839729],[14.522907,45.827951],[14.530787,45.814616],[14.549579,45.810614],[14.550032,45.802166],[14.564807,45.791462]]]]}},{"type":"Feature","properties":{"NUTS_ID":"SI041","LEVL_CODE":3,"CNTR_CODE":"SI","NAME_LATN":"Osrednjeslovenska","NUTS_NAME":"Osrednjeslovenska","MOUNT_TYPE":2,"URBN_TYPE":2,"COAST_TYPE":3,"FID":"SI041"},"geometry":{"type":"MultiPolygon","coordinates":[[[[14.908764,46.207566],[14.89824,46.205398],[14.902595,46.195862],[14.901238,46.187183],[14.889479,46.180403],[14.887441,46.174134],[14.868845,46.177008],[14.856534,46.17139],[14.827564,46.169288],[14.826458,46.164154],[14.835125,46.149657],[14.842369,46.144727],[14.833886,46.135883],[14.819076,46.127593],[14.810909,46.128154],[14.797365,46.122821],[14.803083,46.115781],[14.762297,46.105236],[14.747857,46.088749],[14.716095,46.084185],[14.711758,46.07793],[14.727581,46.065658],[14.745947,46.068122],[14.767993,46.057353],[14.771141,46.052483],[14.784001,46.050734],[14.792829,46.044543],[14.807321,46.048261],[14.809467,46.054338],[14.8314,46.048304],[14.847073,46.053562],[14.86923,46.056199],[14.871223,46.061494],[14.89345,46.06299],[14.914685,46.046298],[14.925164,46.04236],[14.922172,46.033185],[14.927006,46.019764],[14.921654,46.00612],[14.928217,46.003919],[14.924012,45.992595],[14.925503,45.985175],[14.947692,45.984324],[14.948575,45.97861],[14.938874,45.974314],[14.938552,45.963716],[14.924865,45.963152],[14.916644,45.955285],[14.90239,45.94771],[14.883571,45.946063],[14.884356,45.931906],[14.878404,45.928045],[14.882008,45.904669],[14.860437,45.885947],[14.882112,45.864928],[14.879347,45.855365],[14.845848,45.856968],[14.848573,45.839744],[14.857798,45.834022],[14.858963,45.802904],[14.850319,45.796244],[14.836747,45.795815],[14.820228,45.800409],[14.804826,45.798399],[14.799613,45.787195],[14.799768,45.776832],[14.809396,45.761177],[14.826475,45.756216],[14.84211,45.742401],[14.823844,45.726579],[14.787816,45.746594],[14.767294,45.759401],[14.747691,45.775654],[14.742818,45.784089],[14.732698,45.788492],[14.707763,45.804159],[14.692987,45.818225],[14.67821,45.820594],[14.665841,45.808648],[14.648544,45.80139],[14.63163,45.800918],[14.613648,45.803488],[14.594314,45.794625],[14.567192,45.794721],[14.564807,45.791462],[14.550032,45.802166],[14.549579,45.810614],[14.530787,45.814616],[14.522907,45.827951],[14.505342,45.839729],[14.496286,45.859062],[14.503074,45.867905],[14.490795,45.88228],[14.466921,45.868827],[14.457103,45.871873],[14.441379,45.861129],[14.432434,45.859295],[14.418964,45.871565],[14.409424,45.872212],[14.399665,45.857106],[14.372485,45.877592],[14.365749,45.870556],[14.356819,45.871289],[14.350751,45.884449],[14.341198,45.879992],[14.327656,45.891302],[14.312046,45.892793],[14.302062,45.88239],[14.278621,45.846998],[14.271407,45.852492],[14.250873,45.849999],[14.241264,45.855629],[14.222374,45.858995],[14.215079,45.869204],[14.207284,45.868802],[14.189668,45.878516],[14.17449,45.87413],[14.157443,45.872382],[14.149114,45.87668],[14.129578,45.869499],[14.124051,45.878549],[14.120918,45.896186],[14.102587,45.909766],[14.097943,45.930503],[14.110227,45.936256],[14.112386,45.947667],[14.12017,45.951412],[14.118083,45.967059],[14.107154,45.972478],[14.113543,45.979468],[14.129056,45.980404],[14.139989,45.997402],[14.140111,46.004658],[14.148337,46.01408],[14.16934,46.019429],[14.174405,46.027374],[14.185457,46.032689],[14.19878,46.04338],[14.201071,46.053195],[14.210089,46.059696],[14.207952,46.077576],[14.213024,46.08601],[14.225433,46.09656],[14.247107,46.09761],[14.256216,46.1065],[14.276514,46.105919],[14.298171,46.101413],[14.311463,46.102155],[14.317465,46.097938],[14.331476,46.097444],[14.335186,46.112106],[14.32749,46.118507],[14.328793,46.129155],[14.34523,46.135322],[14.363941,46.152559],[14.380952,46.149107],[14.382701,46.157919],[14.395369,46.157812],[14.422484,46.167525],[14.410559,46.179548],[14.405381,46.190031],[14.42488,46.191516],[14.432605,46.188265],[14.45835,46.191708],[14.47458,46.203154],[14.497209,46.202401],[14.516844,46.217133],[14.528548,46.218105],[14.554007,46.242484],[14.56497,46.244731],[14.566751,46.254698],[14.56321,46.272666],[14.548734,46.275412],[14.553268,46.282663],[14.537182,46.30064],[14.542764,46.30934],[14.552999,46.31496],[14.552251,46.321783],[14.538126,46.331704],[14.54671,46.340826],[14.545921,46.352099],[14.535458,46.357396],[14.540589,46.362402],[14.560463,46.363885],[14.565212,46.367697],[14.587534,46.355847],[14.594617,46.359667],[14.615135,46.357982],[14.637874,46.364228],[14.638259,46.330591],[14.657703,46.314714],[14.672993,46.311471],[14.676922,46.30212],[14.674309,46.28447],[14.682659,46.281634],[14.704636,46.284834],[14.704991,46.278146],[14.695607,46.266374],[14.704026,46.258269],[14.745103,46.255324],[14.754487,46.250983],[14.774199,46.250206],[14.804467,46.255454],[14.854124,46.250385],[14.860422,46.245463],[14.883938,46.237607],[14.899552,46.229389],[14.907213,46.229392],[14.913076,46.219475],[14.908764,46.207566]]]]}},{"type":"Feature","properties":{"NUTS_ID":"SI043","LEVL_CODE":3,"CNTR_CODE":"SI","NAME_LATN":"Goriška","NUTS_NAME":"Goriška","MOUNT_TYPE":3,"URBN_TYPE":3,"COAST_TYPE":2,"FID":"SI043"},"geometry":{"type":"MultiPolygon","coordinates":[[[[13.684032,46.437472],[13.67836,46.424186],[13.682972,46.420267],[13.706235,46.426485],[13.726932,46.435957],[13.738751,46.4384],[13.756124,46.425193],[13.778523,46.422326],[13.80143,46.410649],[13.813027,46.407971],[13.816073,46.387343],[13.836441,46.378352],[13.82607,46.364221],[13.802172,46.356191],[13.790902,46.356148],[13.767494,46.344053],[13.754748,46.341574],[13.741583,46.331806],[13.74561,46.312051],[13.724822,46.296795],[13.737212,46.277185],[13.746815,46.273055],[13.756899,46.260693],[13.771833,46.259779],[13.783085,46.252045],[13.812506,46.238405],[13.834336,46.238284],[13.857819,46.228799],[13.875891,46.22593],[13.884349,46.228626],[13.897131,46.226468],[13.903006,46.230274],[13.947084,46.231511],[13.954703,46.236462],[13.967584,46.2337],[13.978396,46.238692],[13.993444,46.236926],[14.006016,46.229367],[14.004626,46.20995],[13.992376,46.204488],[13.986403,46.183937],[13.987099,46.177118],[13.998993,46.169797],[14.016931,46.171861],[14.039553,46.171406],[14.071638,46.165608],[14.073832,46.156494],[14.05733,46.139561],[14.042854,46.11293],[14.030834,46.107277],[14.022357,46.098624],[14.018399,46.088405],[14.027253,46.073015],[14.054649,46.061699],[14.071543,46.051518],[14.088557,46.031652],[14.095507,46.035432],[14.104317,46.027394],[14.102989,46.022096],[14.121125,46.005217],[14.140111,46.004658],[14.139989,45.997402],[14.129056,45.980404],[14.113543,45.979468],[14.107154,45.972478],[14.118083,45.967059],[14.12017,45.951412],[14.112386,45.947667],[14.110227,45.936256],[14.097943,45.930503],[14.102587,45.909766],[14.120918,45.896186],[14.124051,45.878549],[14.129578,45.869499],[14.111226,45.861995],[14.100459,45.84888],[14.049504,45.837337],[14.07028,45.812811],[14.056197,45.798489],[14.054019,45.770688],[14.047436,45.773368],[14.042372,45.761359],[14.01908,45.772374],[14.006482,45.766902],[13.978491,45.779977],[13.934193,45.793021],[13.920238,45.804178],[13.909136,45.809427],[13.892101,45.828821],[13.86742,45.825728],[13.846823,45.828996],[13.835709,45.838307],[13.823917,45.8432],[13.811047,45.84149],[13.811464,45.835475],[13.789873,45.833872],[13.771516,45.840965],[13.765227,45.848004],[13.742118,45.8582],[13.715857,45.863514],[13.718879,45.85645],[13.715965,45.843171],[13.702567,45.83521],[13.689734,45.834942],[13.682459,45.81612],[13.65687,45.815868],[13.642727,45.819776],[13.597145,45.819522],[13.588362,45.834939],[13.576668,45.842422],[13.576048,45.853534],[13.586669,45.870237],[13.586661,45.880712],[13.5966,45.89452],[13.608043,45.899063],[13.620602,45.918225],[13.637201,45.934938],[13.633509,45.950469],[13.642061,45.982755],[13.633007,45.988398],[13.620869,45.984596],[13.60873,45.984759],[13.590416,45.989256],[13.578003,45.983219],[13.568725,45.96987],[13.54997,45.970046],[13.544784,45.965935],[13.529118,45.967154],[13.515241,45.978753],[13.502542,45.980569],[13.485447,45.999639],[13.477105,46.006245],[13.481214,46.011675],[13.496777,46.017012],[13.508101,46.033925],[13.507711,46.045537],[13.496939,46.051335],[13.501998,46.061504],[13.514244,46.061874],[13.530245,46.067383],[13.544673,46.082386],[13.572595,46.088542],[13.57976,46.097644],[13.59554,46.104671],[13.602479,46.113118],[13.622023,46.12321],[13.6326,46.133453],[13.643762,46.137347],[13.652414,46.14771],[13.653471,46.158629],[13.666058,46.174168],[13.65839,46.184182],[13.633614,46.191791],[13.614582,46.184326],[13.611972,46.188854],[13.589854,46.188283],[13.573008,46.184874],[13.560664,46.20465],[13.54558,46.212168],[13.529461,46.212214],[13.503403,46.215895],[13.496927,46.221849],[13.472984,46.225248],[13.444043,46.22543],[13.448232,46.21625],[13.423357,46.206054],[13.41072,46.212356],[13.416065,46.221596],[13.412482,46.227089],[13.421873,46.234485],[13.407488,46.242245],[13.399125,46.253808],[13.391414,46.282943],[13.381952,46.289002],[13.375492,46.298232],[13.40288,46.300137],[13.417359,46.306358],[13.415971,46.314913],[13.426138,46.322321],[13.439654,46.323223],[13.448363,46.333282],[13.437466,46.35437],[13.450252,46.362757],[13.469733,46.361237],[13.482444,46.368998],[13.49818,46.371015],[13.527463,46.387526],[13.566162,46.398858],[13.577289,46.409355],[13.582561,46.430185],[13.597087,46.43855],[13.648106,46.445778],[13.655626,46.439882],[13.676088,46.440056],[13.684032,46.437472]]]]}},{"type":"Feature","properties":{"NUTS_ID":"SI042","LEVL_CODE":3,"CNTR_CODE":"SI","NAME_LATN":"Gorenjska","NUTS_NAME":"Gorenjska","MOUNT_TYPE":3,"URBN_TYPE":2,"COAST_TYPE":3,"FID":"SI042"},"geometry":{"type":"MultiPolygon","coordinates":[[[[14.4345,46.442943],[14.430992,46.435378],[14.447197,46.421966],[14.468592,46.421373],[14.479567,46.414145],[14.491323,46.413507],[14.505781,46.423943],[14.521087,46.426419],[14.530737,46.415907],[14.539336,46.411678],[14.542629,46.403466],[14.553202,46.392104],[14.557007,46.377142],[14.565176,46.372453],[14.565212,46.367697],[14.560463,46.363885],[14.540589,46.362402],[14.535458,46.357396],[14.545921,46.352099],[14.54671,46.340826],[14.538126,46.331704],[14.552251,46.321783],[14.552999,46.31496],[14.542764,46.30934],[14.537182,46.30064],[14.553268,46.282663],[14.548734,46.275412],[14.56321,46.272666],[14.566751,46.254698],[14.56497,46.244731],[14.554007,46.242484],[14.528548,46.218105],[14.516844,46.217133],[14.497209,46.202401],[14.47458,46.203154],[14.45835,46.191708],[14.432605,46.188265],[14.42488,46.191516],[14.405381,46.190031],[14.410559,46.179548],[14.422484,46.167525],[14.395369,46.157812],[14.382701,46.157919],[14.380952,46.149107],[14.363941,46.152559],[14.34523,46.135322],[14.328793,46.129155],[14.32749,46.118507],[14.335186,46.112106],[14.331476,46.097444],[14.317465,46.097938],[14.311463,46.102155],[14.298171,46.101413],[14.276514,46.105919],[14.256216,46.1065],[14.247107,46.09761],[14.225433,46.09656],[14.213024,46.08601],[14.207952,46.077576],[14.210089,46.059696],[14.201071,46.053195],[14.19878,46.04338],[14.185457,46.032689],[14.174405,46.027374],[14.16934,46.019429],[14.148337,46.01408],[14.140111,46.004658],[14.121125,46.005217],[14.102989,46.022096],[14.104317,46.027394],[14.095507,46.035432],[14.088557,46.031652],[14.071543,46.051518],[14.054649,46.061699],[14.027253,46.073015],[14.018399,46.088405],[14.022357,46.098624],[14.030834,46.107277],[14.042854,46.11293],[14.05733,46.139561],[14.073832,46.156494],[14.071638,46.165608],[14.039553,46.171406],[14.016931,46.171861],[13.998993,46.169797],[13.987099,46.177118],[13.986403,46.183937],[13.992376,46.204488],[14.004626,46.20995],[14.006016,46.229367],[13.993444,46.236926],[13.978396,46.238692],[13.967584,46.2337],[13.954703,46.236462],[13.947084,46.231511],[13.903006,46.230274],[13.897131,46.226468],[13.884349,46.228626],[13.875891,46.22593],[13.857819,46.228799],[13.834336,46.238284],[13.812506,46.238405],[13.783085,46.252045],[13.771833,46.259779],[13.756899,46.260693],[13.746815,46.273055],[13.737212,46.277185],[13.724822,46.296795],[13.74561,46.312051],[13.741583,46.331806],[13.754748,46.341574],[13.767494,46.344053],[13.790902,46.356148],[13.802172,46.356191],[13.82607,46.364221],[13.836441,46.378352],[13.816073,46.387343],[13.813027,46.407971],[13.80143,46.410649],[13.778523,46.422326],[13.756124,46.425193],[13.738751,46.4384],[13.726932,46.435957],[13.706235,46.426485],[13.682972,46.420267],[13.67836,46.424186],[13.684032,46.437472],[13.69277,46.443202],[13.698125,46.455991],[13.694159,46.467602],[13.708416,46.480441],[13.703801,46.485266],[13.702811,46.498726],[13.715385,46.506961],[13.714185,46.522703],[13.733488,46.518673],[13.755489,46.517716],[13.765874,46.514962],[13.777143,46.517083],[13.79472,46.506141],[13.812539,46.506421],[13.831629,46.518285],[13.854061,46.513974],[13.882606,46.522221],[13.901132,46.518972],[13.912559,46.520716],[13.927777,46.514376],[13.941938,46.51157],[13.968232,46.497652],[13.975636,46.498266],[13.990568,46.488444],[14.006515,46.48136],[14.021388,46.482276],[14.038938,46.49242],[14.052269,46.492249],[14.073832,46.487211],[14.094336,46.484672],[14.101615,46.479219],[14.120138,46.476672],[14.135075,46.458034],[14.136394,46.449877],[14.150935,46.442436],[14.153396,46.436779],[14.176483,46.433958],[14.1911,46.443927],[14.205919,46.439647],[14.219379,46.442805],[14.237186,46.432236],[14.257186,46.438669],[14.2832,46.443498],[14.300785,46.438206],[14.308851,46.430853],[14.32755,46.43124],[14.349702,46.437174],[14.382406,46.439387],[14.396966,46.443805],[14.429098,46.446514],[14.4345,46.442943]]]]}},{"type":"Feature","properties":{"NUTS_ID":"SI036","LEVL_CODE":3,"CNTR_CODE":"SI","NAME_LATN":"Posavska","NUTS_NAME":"Posavska","MOUNT_TYPE":2,"URBN_TYPE":3,"COAST_TYPE":3,"FID":"SI036"},"geometry":{"type":"MultiPolygon","coordinates":[[[[15.154901,46.09341],[15.171785,46.083477],[15.196233,46.08535],[15.208878,46.082253],[15.217683,46.087089],[15.234374,46.07727],[15.247361,46.077349],[15.261933,46.084783],[15.266368,46.075096],[15.281767,46.068341],[15.29756,46.06829],[15.317872,46.074985],[15.342875,46.072434],[15.358607,46.074186],[15.370669,46.069221],[15.379473,46.073363],[15.389651,46.068845],[15.408236,46.065968],[15.442885,46.069928],[15.453259,46.067307],[15.472714,46.071725],[15.49648,46.061526],[15.510264,46.064313],[15.522693,46.061477],[15.530563,46.048697],[15.538767,46.048604],[15.546496,46.025371],[15.563886,46.021995],[15.573946,46.025831],[15.595296,46.026395],[15.579681,45.997971],[15.604774,46.004958],[15.6118,46.011435],[15.623977,46.015425],[15.654612,46.036723],[15.64435,46.040507],[15.623485,46.035108],[15.606982,46.039066],[15.601675,46.050143],[15.597767,46.068735],[15.605973,46.075149],[15.614059,46.071401],[15.627262,46.085953],[15.63606,46.083818],[15.648544,46.087192],[15.658249,46.079914],[15.683096,46.066863],[15.706688,46.059117],[15.71465,46.059417],[15.731499,46.043976],[15.717636,46.036702],[15.71583,46.020417],[15.706839,46.014587],[15.710868,46.004295],[15.700666,45.998682],[15.70972,45.961342],[15.709196,45.931434],[15.706477,45.921358],[15.680292,45.904183],[15.683647,45.88782],[15.67752,45.868888],[15.695984,45.859565],[15.696899,45.848939],[15.69257,45.84335],[15.665273,45.840758],[15.651513,45.831228],[15.642266,45.821235],[15.632537,45.830641],[15.614107,45.835701],[15.607194,45.84116],[15.578308,45.849462],[15.563539,45.844178],[15.538551,45.847602],[15.53543,45.829685],[15.521082,45.821934],[15.503566,45.822296],[15.502911,45.82855],[15.492734,45.832028],[15.4789,45.827496],[15.475547,45.819012],[15.466138,45.818367],[15.474195,45.798613],[15.465219,45.794558],[15.412591,45.795095],[15.404425,45.792717],[15.400526,45.805133],[15.389588,45.813145],[15.380708,45.813858],[15.375886,45.823325],[15.383114,45.833377],[15.376301,45.847935],[15.383235,45.865223],[15.378059,45.874041],[15.379112,45.884391],[15.368903,45.889535],[15.348816,45.887042],[15.334918,45.891524],[15.344103,45.90054],[15.342008,45.928871],[15.351227,45.937604],[15.333102,45.946734],[15.326885,45.957118],[15.304472,45.960791],[15.304148,45.950389],[15.279108,45.960051],[15.272146,45.95066],[15.281243,45.938422],[15.268831,45.936195],[15.262304,45.94654],[15.254021,45.951526],[15.246418,45.941864],[15.222551,45.934911],[15.217019,45.929041],[15.201797,45.933196],[15.186791,45.940401],[15.182189,45.946153],[15.16283,45.95756],[15.160987,45.964431],[15.14826,45.978134],[15.159958,45.985209],[15.163461,45.994636],[15.135865,45.990325],[15.127625,46.000063],[15.109732,46.00574],[15.099408,46.018959],[15.090983,46.028539],[15.088497,46.040751],[15.07236,46.046318],[15.067306,46.065522],[15.085886,46.078664],[15.096497,46.077977],[15.102052,46.093689],[15.122822,46.086303],[15.138949,46.08616],[15.154901,46.09341]]]]}},{"type":"Feature","properties":{"NUTS_ID":"SI037","LEVL_CODE":3,"CNTR_CODE":"SI","NAME_LATN":"Jugovzhodna Slovenija","NUTS_NAME":"Jugovzhodna Slovenija","MOUNT_TYPE":2,"URBN_TYPE":3,"COAST_TYPE":3,"FID":"SI037"},"geometry":{"type":"MultiPolygon","coordinates":[[[[15.099408,46.018959],[15.109732,46.00574],[15.127625,46.000063],[15.135865,45.990325],[15.163461,45.994636],[15.159958,45.985209],[15.14826,45.978134],[15.160987,45.964431],[15.16283,45.95756],[15.182189,45.946153],[15.186791,45.940401],[15.201797,45.933196],[15.217019,45.929041],[15.222551,45.934911],[15.246418,45.941864],[15.254021,45.951526],[15.262304,45.94654],[15.268831,45.936195],[15.281243,45.938422],[15.272146,45.95066],[15.279108,45.960051],[15.304148,45.950389],[15.304472,45.960791],[15.326885,45.957118],[15.333102,45.946734],[15.351227,45.937604],[15.342008,45.928871],[15.344103,45.90054],[15.334918,45.891524],[15.348816,45.887042],[15.368903,45.889535],[15.379112,45.884391],[15.378059,45.874041],[15.383235,45.865223],[15.376301,45.847935],[15.383114,45.833377],[15.375886,45.823325],[15.380708,45.813858],[15.389588,45.813145],[15.400526,45.805133],[15.404425,45.792717],[15.397527,45.791116],[15.383261,45.780143],[15.374883,45.780218],[15.348817,45.770922],[15.33129,45.762855],[15.29901,45.753479],[15.288413,45.745132],[15.275551,45.739431],[15.259645,45.726086],[15.269542,45.707224],[15.282431,45.71017],[15.288476,45.702623],[15.288103,45.692465],[15.306192,45.688488],[15.319616,45.674262],[15.32661,45.675664],[15.318951,45.694371],[15.331852,45.70145],[15.340323,45.714185],[15.355149,45.714015],[15.359376,45.709802],[15.358045,45.699105],[15.364763,45.687963],[15.387176,45.669734],[15.399487,45.650814],[15.398778,45.64165],[15.388103,45.637926],[15.351017,45.646721],[15.348863,45.635458],[15.340127,45.633097],[15.32124,45.634243],[15.301465,45.628482],[15.306192,45.61293],[15.294317,45.612534],[15.27705,45.604461],[15.297424,45.585687],[15.29991,45.577473],[15.299072,45.547012],[15.30431,45.534104],[15.313953,45.531756],[15.316125,45.522474],[15.323934,45.52083],[15.331729,45.510785],[15.36232,45.495473],[15.370435,45.49687],[15.384543,45.488481],[15.36086,45.477532],[15.346488,45.458377],[15.328931,45.452948],[15.272761,45.465322],[15.250542,45.456449],[15.230512,45.438628],[15.226438,45.427088],[15.206579,45.425736],[15.196573,45.434253],[15.177576,45.421929],[15.157522,45.424894],[15.147403,45.431362],[15.1397,45.44281],[15.123603,45.447058],[15.102004,45.4628],[15.085159,45.468337],[15.085331,45.482336],[15.059898,45.488481],[15.049778,45.493091],[15.037601,45.48667],[15.025591,45.486707],[15.012193,45.497152],[14.986917,45.496673],[14.933495,45.528244],[14.920933,45.527414],[14.914037,45.518806],[14.915871,45.50439],[14.911748,45.481585],[14.905125,45.476568],[14.876437,45.472333],[14.870261,45.467325],[14.847353,45.462756],[14.817301,45.461562],[14.815466,45.471996],[14.806219,45.47842],[14.80359,45.495854],[14.78552,45.506524],[14.76858,45.50684],[14.744441,45.521014],[14.73648,45.528235],[14.719318,45.534048],[14.703466,45.533252],[14.700352,45.525449],[14.686991,45.530441],[14.6897,45.553564],[14.700243,45.562703],[14.689006,45.5812],[14.677196,45.589112],[14.651514,45.592325],[14.643867,45.600038],[14.631185,45.605455],[14.626978,45.613405],[14.611981,45.617542],[14.596707,45.627558],[14.609716,45.658677],[14.598339,45.667896],[14.582213,45.665182],[14.570013,45.672944],[14.561205,45.674861],[14.557678,45.697146],[14.551656,45.71147],[14.542324,45.724985],[14.537504,45.739324],[14.54689,45.743104],[14.559898,45.733866],[14.578676,45.737616],[14.565703,45.754201],[14.570685,45.76668],[14.568399,45.778634],[14.553672,45.77995],[14.548101,45.787877],[14.564807,45.791462],[14.567192,45.794721],[14.594314,45.794625],[14.613648,45.803488],[14.63163,45.800918],[14.648544,45.80139],[14.665841,45.808648],[14.67821,45.820594],[14.692987,45.818225],[14.707763,45.804159],[14.732698,45.788492],[14.742818,45.784089],[14.747691,45.775654],[14.767294,45.759401],[14.787816,45.746594],[14.823844,45.726579],[14.84211,45.742401],[14.826475,45.756216],[14.809396,45.761177],[14.799768,45.776832],[14.799613,45.787195],[14.804826,45.798399],[14.820228,45.800409],[14.836747,45.795815],[14.850319,45.796244],[14.858963,45.802904],[14.857798,45.834022],[14.848573,45.839744],[14.845848,45.856968],[14.879347,45.855365],[14.882112,45.864928],[14.860437,45.885947],[14.882008,45.904669],[14.878404,45.928045],[14.884356,45.931906],[14.883571,45.946063],[14.90239,45.94771],[14.916644,45.955285],[14.924865,45.963152],[14.938552,45.963716],[14.938874,45.974314],[14.948575,45.97861],[14.964366,45.975273],[14.969272,45.969554],[14.985453,45.969593],[14.998313,45.963032],[15.01317,45.964059],[15.014406,45.973077],[15.032674,45.987434],[15.025865,45.998008],[15.026913,46.004936],[15.054803,46.004404],[15.057342,46.012815],[15.068506,46.016124],[15.082472,46.012538],[15.082551,46.022067],[15.099408,46.018959]]]]}}]}